; generated by Slic3r 1.2.9 on 2017-05-17 at 16:24:08

; external perimeters extrusion width = 0.40mm
; perimeters extrusion width = 0.67mm
; infill extrusion width = 0.67mm
; solid infill extrusion width = 0.67mm
; top infill extrusion width = 0.67mm
; support material extrusion width = 0.40mm

M107
M190 S60 ; set bed temperature
M104 S200 ; set temperature
G91 ;coordonnées en relatif
G1 Z20 relevage de 20mm en Z
G90 coordonnée en absolue
G28 homing en X, Y et Z
G29 Auto leveling
M109 S200 ; wait for temperature to be reached
G21 ; set units to millimeters
G90 ; use absolute coordinates
M82 ; use absolute distances for extrusion
G92 E0
G1 Z0.300 F7800.000
G1 X3.102 Y3.721 F7800.000
G1 X4.753 Y2.344 E0.14360 F1800.000
G1 X8.000 Y1.481 E0.36803
G1 X8.833 Y1.512 E0.42374
G1 X70.806 Y7.544 E4.58342 F1800.000
G1 X73.337 Y7.810 E4.75345
G1 X75.922 Y8.650 E4.93500
G1 X78.083 Y9.898 E5.10168
G1 X80.102 Y11.716 E5.28324
G1 X81.569 Y13.734 E5.44992
G1 X82.674 Y16.217 E5.63147
G1 X83.193 Y18.658 E5.79815
G1 X83.336 Y20.016 E5.88942
G1 X83.336 Y63.196 E8.77408
G1 X83.193 Y64.555 E8.86535
G1 X82.674 Y66.996 E9.03203
G1 X81.569 Y69.478 E9.21358
G1 X80.102 Y71.497 E9.38026
G1 X78.082 Y73.315 E9.56183
G1 X75.922 Y74.563 E9.72851
G1 X73.337 Y75.403 E9.91005
G1 X70.856 Y75.663 E10.07672
G1 X70.173 Y75.699 E10.12243
G1 X19.373 Y75.699 E13.51614
G1 X17.353 Y75.379 E13.65273
G1 X14.981 Y74.608 E13.81940
G1 X12.627 Y73.249 E14.00098
G1 X10.773 Y71.580 E14.16766
G1 X9.175 Y69.381 E14.34920
G1 X8.161 Y67.102 E14.51587
G1 X7.634 Y65.152 E14.65080
G1 X1.503 Y8.925 E18.42937
G1 X1.464 Y8.016 E18.49011
G1 X1.861 Y5.773 E18.64228
G1 X3.004 Y3.803 E18.79445
G1 X3.056 Y3.759 E18.79901
G1 E17.79901 F18000.00000
G92 E0
G1 X20.629 Y20.645 F7800.000
G1 E1.00000 F18000.00000
G1 X69.171 Y20.645 E4.24290 F1800.000
G1 X69.171 Y61.568 E6.97674
G1 X20.629 Y61.568 E10.21964
G1 X20.629 Y20.705 E12.94948
G1 X21.164 Y21.181 F7800.000
G1 X68.636 Y21.181 E16.12081 F1800.000
G1 X68.636 Y61.032 E18.78309
G1 X21.164 Y61.032 E21.95443
G1 X21.164 Y21.241 E24.61270
G1 X21.700 Y21.716 F7800.000
G1 X68.100 Y21.716 E27.71247 F1800.000
G1 X68.100 Y60.496 E30.30318
G1 X21.700 Y60.496 E33.40295
G1 X21.700 Y21.776 E35.98966
G1 X21.700 Y21.316 F7800.000
G1 X15.502 Y21.259 F7800.000
G1 X14.701 Y20.999 E36.04595 F1800.000
G1 X13.280 Y19.719 E36.17368
G1 X12.416 Y17.779 E36.31553
G1 X9.994 Y10.006 E36.85945
G1 X18.302 Y12.575 E37.44037
G1 X20.077 Y13.599 E37.57728
G1 X21.400 Y15.421 E37.72767
G1 X70.101 Y15.421 E40.98116
G1 X72.221 Y15.643 E41.12357
G1 X73.877 Y16.599 E41.25130
G1 X75.001 Y18.146 E41.37903
G1 X75.429 Y20.161 E41.51661
G1 X75.429 Y63.052 E44.38201
G1 X75.001 Y65.067 E44.51958
G1 X73.877 Y66.614 E44.64732
G1 X72.221 Y67.569 E44.77505
G1 X70.101 Y67.792 E44.91746
G1 X19.590 Y67.792 E48.29186
G1 X17.701 Y67.179 E48.42455
G1 X16.280 Y65.899 E48.55229
G1 X15.502 Y64.152 E48.68002
G1 X15.502 Y21.319 E51.54153
G1 X9.180 Y9.194 F7800.000
G1 X18.518 Y12.081 E52.19447 F1800.000
G1 X20.443 Y13.192 E52.34301
G1 X21.673 Y14.885 E52.48277
G1 X70.129 Y14.885 E55.71990
G1 X72.390 Y15.123 E55.87179
G1 X74.243 Y16.192 E56.01473
G1 X75.501 Y17.923 E56.15768
G1 X75.964 Y20.104 E56.30662
G1 X75.964 Y63.109 E59.17954
G1 X75.501 Y65.289 E59.32848
G1 X74.243 Y67.020 E59.47143
G1 X72.390 Y68.090 E59.61437
G1 X70.129 Y68.328 E59.76626
G1 X19.505 Y68.328 E63.14820
G1 X17.427 Y67.653 E63.29417
G1 X15.837 Y66.221 E63.43712
G1 X14.967 Y64.266 E63.58006
G1 X14.967 Y21.648 E66.42719
G1 X14.427 Y21.473 E66.46509
G1 X12.837 Y20.041 E66.60803
G1 X11.914 Y17.969 E66.75958
G1 X9.198 Y9.251 E67.36957
G1 X8.366 Y8.382 F7800.000
G1 X18.733 Y11.587 E68.09452 F1800.000
G1 X20.810 Y12.786 E68.25469
G1 X21.946 Y14.349 E68.38382
G1 X70.157 Y14.349 E71.60460
G1 X72.559 Y14.602 E71.76596
G1 X74.610 Y15.786 E71.92412
G1 X76.001 Y17.701 E72.08228
G1 X76.500 Y20.048 E72.24259
G1 X76.500 Y63.165 E75.12303
G1 X76.001 Y65.512 E75.28334
G1 X74.610 Y67.427 E75.44150
G1 X72.559 Y68.611 E75.59965
G1 X70.157 Y68.864 E75.76102
G1 X19.420 Y68.864 E79.15051
G1 X17.153 Y68.127 E79.30975
G1 X15.394 Y66.543 E79.46790
G1 X14.431 Y64.380 E79.62606
G1 X14.431 Y22.037 E82.45480
G1 X14.153 Y21.947 E82.47431
G1 X12.394 Y20.363 E82.63246
G1 X11.412 Y18.158 E82.79371
G1 X8.384 Y8.439 E83.47378
G1 X8.691 Y8.615 F7800.000
G1 X12.416 Y16.567 F7800.000
G1 X20.307 Y24.458 E84.22141 F1800.000
G1 X20.307 Y23.698 E84.27230
G1 X12.072 Y15.463 E85.05251
G1 X11.728 Y14.360 E85.12995
G1 X20.307 Y22.939 E85.94275
G1 X20.307 Y22.179 E85.99364
G1 X11.385 Y13.256 E86.83901
G1 X11.041 Y12.153 E86.91645
G1 X20.307 Y21.419 E87.79441
G1 X20.307 Y20.660 E87.84530
G1 X10.697 Y11.049 E88.75585
G1 X11.147 Y10.740 E88.79244
G1 X20.731 Y20.324 E89.70046
G1 X21.490 Y20.324 E89.75136
G1 X12.247 Y11.080 E90.62717
G1 X13.346 Y11.420 E90.70427
G1 X22.250 Y20.324 E91.54788
G1 X23.010 Y20.324 E91.59877
G1 X14.446 Y11.760 E92.41017
G1 X15.545 Y12.100 E92.48728
G1 X23.769 Y20.324 E93.26647
G1 X24.529 Y20.324 E93.31736
G1 X16.645 Y12.439 E94.06435
G1 X17.744 Y12.779 E94.14145
G1 X25.289 Y20.324 E94.85623
G1 X26.048 Y20.324 E94.90713
G1 X21.467 Y15.742 E95.34119
G1 X22.226 Y15.742 E95.39209
G1 X26.808 Y20.324 E95.82615
G1 X27.567 Y20.324 E95.87704
G1 X22.986 Y15.742 E96.31111
G1 X23.746 Y15.742 E96.36200
G1 X28.327 Y20.324 E96.79607
G1 X29.087 Y20.324 E96.84696
G1 X24.505 Y15.742 E97.28103
G1 X25.265 Y15.742 E97.33192
G1 X29.846 Y20.324 E97.76599
G1 X30.606 Y20.324 E97.81688
G1 X26.025 Y15.742 E98.25095
G1 X26.784 Y15.742 E98.30184
G1 X31.366 Y20.324 E98.73591
G1 X32.125 Y20.324 E98.78680
G1 X27.544 Y15.742 E99.22087
G1 X28.303 Y15.742 E99.27176
G1 X32.885 Y20.324 E99.70582
G1 X33.644 Y20.324 E99.75672
G1 X29.063 Y15.742 E100.19078
G1 X29.823 Y15.742 E100.24168
G1 X34.404 Y20.324 E100.67574
G1 X35.164 Y20.324 E100.72663
G1 X30.582 Y15.742 E101.16070
G1 X31.342 Y15.742 E101.21159
G1 X35.923 Y20.324 E101.64566
G1 X36.683 Y20.324 E101.69655
G1 X32.102 Y15.742 E102.13062
G1 X32.861 Y15.742 E102.18151
G1 X37.443 Y20.324 E102.61558
G1 X38.202 Y20.324 E102.66647
G1 X33.621 Y15.742 E103.10054
G1 X34.381 Y15.742 E103.15143
G1 X38.962 Y20.324 E103.58550
G1 X39.722 Y20.324 E103.63639
G1 X35.140 Y15.742 E104.07046
G1 X35.900 Y15.742 E104.12135
G1 X40.481 Y20.324 E104.55541
G1 X41.241 Y20.324 E104.60631
G1 X36.659 Y15.742 E105.04037
G1 X37.419 Y15.742 E105.09127
G1 X42.000 Y20.324 E105.52533
G1 X42.760 Y20.324 E105.57622
G1 X38.179 Y15.742 E106.01029
G1 X38.938 Y15.742 E106.06118
G1 X43.520 Y20.324 E106.49525
G1 X44.279 Y20.324 E106.54614
G1 X39.698 Y15.742 E106.98021
G1 X40.458 Y15.742 E107.03110
G1 X45.039 Y20.324 E107.46517
G1 X45.799 Y20.324 E107.51606
G1 X41.217 Y15.742 E107.95013
G1 X41.977 Y15.742 E108.00102
G1 X46.558 Y20.324 E108.43509
G1 X47.318 Y20.324 E108.48598
G1 X42.737 Y15.742 E108.92005
G1 X43.496 Y15.742 E108.97094
G1 X48.078 Y20.324 E109.40500
G1 X48.837 Y20.324 E109.45590
G1 X44.256 Y15.742 E109.88996
G1 X45.015 Y15.742 E109.94086
G1 X49.597 Y20.324 E110.37492
G1 X50.356 Y20.324 E110.42581
G1 X45.775 Y15.742 E110.85988
G1 X46.535 Y15.742 E110.91077
G1 X51.116 Y20.324 E111.34484
G1 X51.876 Y20.324 E111.39573
G1 X47.294 Y15.742 E111.82980
G1 X48.054 Y15.742 E111.88069
G1 X52.635 Y20.324 E112.31476
G1 X53.395 Y20.324 E112.36565
G1 X48.814 Y15.742 E112.79972
G1 X49.573 Y15.742 E112.85061
G1 X54.155 Y20.324 E113.28468
G1 X54.914 Y20.324 E113.33557
G1 X50.333 Y15.742 E113.76964
G1 X51.093 Y15.742 E113.82053
G1 X55.674 Y20.324 E114.25459
G1 X56.434 Y20.324 E114.30549
G1 X51.852 Y15.742 E114.73955
G1 X52.612 Y15.742 E114.79045
G1 X57.193 Y20.324 E115.22451
G1 X57.953 Y20.324 E115.27540
G1 X53.371 Y15.742 E115.70947
G1 X54.131 Y15.742 E115.76036
G1 X58.712 Y20.324 E116.19443
G1 X59.472 Y20.324 E116.24532
G1 X54.891 Y15.742 E116.67939
G1 X55.650 Y15.742 E116.73028
G1 X60.232 Y20.324 E117.16435
G1 X60.991 Y20.324 E117.21524
G1 X56.410 Y15.742 E117.64931
G1 X57.170 Y15.742 E117.70020
G1 X61.751 Y20.324 E118.13427
G1 X62.511 Y20.324 E118.18516
G1 X57.929 Y15.742 E118.61923
G1 X58.689 Y15.742 E118.67012
G1 X63.270 Y20.324 E119.10418
G1 X64.030 Y20.324 E119.15508
G1 X59.448 Y15.742 E119.58914
G1 X60.208 Y15.742 E119.64004
G1 X64.790 Y20.324 E120.07410
G1 X65.549 Y20.324 E120.12500
G1 X60.968 Y15.742 E120.55906
G1 X61.727 Y15.742 E120.60995
G1 X66.309 Y20.324 E121.04402
G1 X67.068 Y20.324 E121.09491
G1 X62.487 Y15.742 E121.52898
G1 X63.247 Y15.742 E121.57987
G1 X67.828 Y20.324 E122.01394
G1 X68.588 Y20.324 E122.06483
G1 X64.006 Y15.742 E122.49890
G1 X64.766 Y15.742 E122.54979
G1 X75.107 Y26.083 E123.52958
G1 X75.107 Y25.324 E123.58047
G1 X65.526 Y15.742 E124.48828
G1 X66.285 Y15.742 E124.53917
G1 X75.107 Y24.564 E125.37501
G1 X75.107 Y23.804 E125.42591
G1 X67.045 Y15.742 E126.18977
G1 X67.804 Y15.742 E126.24067
G1 X75.107 Y23.045 E126.93256
G1 X75.107 Y22.285 E126.98345
G1 X68.564 Y15.742 E127.60338
G1 X69.324 Y15.742 E127.65427
G1 X75.107 Y21.526 E128.20222
G1 X75.107 Y20.766 E128.25311
G1 X70.097 Y15.756 E128.72777
G1 X70.946 Y15.845 E128.78495
G1 X75.022 Y19.922 E129.17117
G1 X74.817 Y18.957 E129.23724
G1 X71.795 Y15.935 E129.52360
G1 X73.397 Y16.777 F7800.000
G1 X73.769 Y17.149 E129.55887 F1800.000
G1 X75.107 Y26.843 F7800.000
G1 X69.493 Y21.229 E130.09080 F1800.000
G1 X69.493 Y21.988 E130.14169
G1 X75.107 Y27.603 E130.67362
G1 X75.107 Y28.362 E130.72451
G1 X69.493 Y22.748 E131.25644
G1 X69.493 Y23.508 E131.30733
G1 X75.107 Y29.122 E131.83926
G1 X75.107 Y29.882 E131.89015
G1 X69.493 Y24.267 E132.42208
G1 X69.493 Y25.027 E132.47297
G1 X75.107 Y30.641 E133.00489
G1 X75.107 Y31.401 E133.05579
G1 X69.493 Y25.787 E133.58771
G1 X69.493 Y26.546 E133.63861
G1 X75.107 Y32.160 E134.17053
G1 X75.107 Y32.920 E134.22142
G1 X69.493 Y27.306 E134.75335
G1 X69.493 Y28.065 E134.80424
G1 X75.107 Y33.680 E135.33617
G1 X75.107 Y34.439 E135.38706
G1 X69.493 Y28.825 E135.91899
G1 X69.493 Y29.585 E135.96988
G1 X75.107 Y35.199 E136.50181
G1 X75.107 Y35.959 E136.55270
G1 X69.493 Y30.344 E137.08463
G1 X69.493 Y31.104 E137.13552
G1 X75.107 Y36.718 E137.66745
G1 X75.107 Y37.478 E137.71834
G1 X69.493 Y31.864 E138.25027
G1 X69.493 Y32.623 E138.30116
G1 X75.107 Y38.238 E138.83308
G1 X75.107 Y38.997 E138.88398
G1 X69.493 Y33.383 E139.41590
G1 X69.493 Y34.143 E139.46680
G1 X75.107 Y39.757 E139.99872
G1 X75.107 Y40.516 E140.04961
G1 X69.493 Y34.902 E140.58154
G1 X69.493 Y35.662 E140.63243
G1 X75.107 Y41.276 E141.16436
G1 X75.107 Y42.036 E141.21525
G1 X69.493 Y36.421 E141.74718
G1 X69.493 Y37.181 E141.79807
G1 X75.107 Y42.795 E142.33000
G1 X75.107 Y43.555 E142.38089
G1 X69.493 Y37.941 E142.91282
G1 X69.493 Y38.700 E142.96371
G1 X75.107 Y44.315 E143.49564
G1 X75.107 Y45.074 E143.54653
G1 X69.493 Y39.460 E144.07846
G1 X69.493 Y40.220 E144.12935
G1 X75.107 Y45.834 E144.66128
G1 X75.107 Y46.594 E144.71217
G1 X69.493 Y40.979 E145.24410
G1 X69.493 Y41.739 E145.29499
G1 X75.107 Y47.353 E145.82691
G1 X75.107 Y48.113 E145.87781
G1 X69.493 Y42.499 E146.40973
G1 X69.493 Y43.258 E146.46063
G1 X75.107 Y48.872 E146.99255
G1 X75.107 Y49.632 E147.04344
G1 X69.493 Y44.018 E147.57537
G1 X69.493 Y44.777 E147.62626
G1 X75.107 Y50.392 E148.15819
G1 X75.107 Y51.151 E148.20908
G1 X69.493 Y45.537 E148.74101
G1 X69.493 Y46.297 E148.79190
G1 X75.107 Y51.911 E149.32383
G1 X75.107 Y52.671 E149.37472
G1 X69.493 Y47.056 E149.90665
G1 X69.493 Y47.816 E149.95754
G1 X75.107 Y53.430 E150.48947
G1 X75.107 Y54.190 E150.54036
G1 X69.493 Y48.576 E151.07229
G1 X69.493 Y49.335 E151.12318
G1 X75.107 Y54.950 E151.65511
G1 X75.107 Y55.709 E151.70600
G1 X69.493 Y50.095 E152.23792
G1 X69.493 Y50.855 E152.28882
G1 X75.107 Y56.469 E152.82074
G1 X75.107 Y57.228 E152.87164
G1 X69.493 Y51.614 E153.40356
G1 X69.493 Y52.374 E153.45445
G1 X75.107 Y57.988 E153.98638
G1 X75.107 Y58.748 E154.03727
G1 X69.493 Y53.133 E154.56920
G1 X69.493 Y53.893 E154.62009
G1 X75.107 Y59.507 E155.15202
G1 X75.107 Y60.267 E155.20291
G1 X69.493 Y54.653 E155.73484
G1 X69.493 Y55.412 E155.78573
G1 X75.107 Y61.027 E156.31766
G1 X75.107 Y61.786 E156.36855
G1 X69.493 Y56.172 E156.90048
G1 X69.493 Y56.932 E156.95137
G1 X75.107 Y62.546 E157.48330
G1 X75.075 Y63.273 E157.53206
G1 X69.493 Y57.691 E158.06091
G1 X69.493 Y58.451 E158.11180
G1 X74.941 Y63.899 E158.62804
G1 X74.808 Y64.526 E158.67095
G1 X69.493 Y59.210 E159.17456
G1 X69.493 Y59.970 E159.22546
G1 X74.630 Y65.107 E159.71214
G1 X74.310 Y65.547 E159.74857
G1 X69.493 Y60.730 E160.20497
G1 X69.493 Y61.489 E160.25586
G1 X73.990 Y65.987 E160.68197
G1 X73.652 Y66.408 E160.71817
G1 X69.133 Y61.889 E161.14632
G1 X68.374 Y61.889 E161.19721
G1 X73.178 Y66.694 E161.65240
G1 X72.696 Y66.972 E161.68966
G1 X67.614 Y61.889 E162.17119
G1 X66.854 Y61.889 E162.22208
G1 X72.215 Y67.250 E162.72996
G1 X71.535 Y67.330 E162.77582
G1 X66.095 Y61.889 E163.29125
G1 X65.335 Y61.889 E163.34214
G1 X70.847 Y67.402 E163.86443
G1 X70.157 Y67.471 E163.91093
G1 X64.575 Y61.889 E164.43974
G1 X63.816 Y61.889 E164.49063
G1 X69.397 Y67.471 E165.01944
G1 X68.637 Y67.471 E165.07033
G1 X63.056 Y61.889 E165.59914
G1 X62.296 Y61.889 E165.65004
G1 X67.878 Y67.471 E166.17885
G1 X67.118 Y67.471 E166.22974
G1 X61.537 Y61.889 E166.75855
G1 X60.777 Y61.889 E166.80944
G1 X66.359 Y67.471 E167.33825
G1 X65.599 Y67.471 E167.38914
G1 X60.018 Y61.889 E167.91795
G1 X59.258 Y61.889 E167.96884
G1 X64.839 Y67.471 E168.49765
G1 X64.080 Y67.471 E168.54854
G1 X58.498 Y61.889 E169.07735
G1 X57.739 Y61.889 E169.12825
G1 X63.320 Y67.471 E169.65706
G1 X62.560 Y67.471 E169.70795
G1 X56.979 Y61.889 E170.23676
G1 X56.219 Y61.889 E170.28765
G1 X61.801 Y67.471 E170.81646
G1 X61.041 Y67.471 E170.86735
G1 X55.460 Y61.889 E171.39616
G1 X54.700 Y61.889 E171.44705
G1 X60.281 Y67.471 E171.97586
G1 X59.522 Y67.471 E172.02676
G1 X53.940 Y61.889 E172.55557
G1 X53.181 Y61.889 E172.60646
G1 X58.762 Y67.471 E173.13527
G1 X58.003 Y67.471 E173.18616
G1 X52.421 Y61.889 E173.71497
G1 X51.662 Y61.889 E173.76586
G1 X57.243 Y67.471 E174.29467
G1 X56.483 Y67.471 E174.34556
G1 X50.902 Y61.889 E174.87437
G1 X50.142 Y61.889 E174.92527
G1 X55.724 Y67.471 E175.45408
G1 X54.964 Y67.471 E175.50497
G1 X49.383 Y61.889 E176.03378
G1 X48.623 Y61.889 E176.08467
G1 X54.204 Y67.471 E176.61348
G1 X53.445 Y67.471 E176.66437
G1 X47.863 Y61.889 E177.19318
G1 X47.104 Y61.889 E177.24407
G1 X52.685 Y67.471 E177.77288
G1 X51.925 Y67.471 E177.82378
G1 X46.344 Y61.889 E178.35259
G1 X45.584 Y61.889 E178.40348
G1 X51.166 Y67.471 E178.93229
G1 X50.406 Y67.471 E178.98318
G1 X44.825 Y61.889 E179.51199
G1 X44.065 Y61.889 E179.56288
G1 X49.647 Y67.471 E180.09169
G1 X48.887 Y67.471 E180.14258
G1 X43.306 Y61.889 E180.67139
G1 X42.546 Y61.889 E180.72229
G1 X48.127 Y67.471 E181.25110
G1 X47.368 Y67.471 E181.30199
G1 X41.786 Y61.889 E181.83080
G1 X41.027 Y61.889 E181.88169
G1 X46.608 Y67.471 E182.41050
G1 X45.848 Y67.471 E182.46139
G1 X40.267 Y61.889 E182.99020
G1 X39.507 Y61.889 E183.04109
G1 X45.089 Y67.471 E183.56990
G1 X44.329 Y67.471 E183.62080
G1 X38.748 Y61.889 E184.14961
G1 X37.988 Y61.889 E184.20050
G1 X43.570 Y67.471 E184.72931
G1 X42.810 Y67.471 E184.78020
G1 X37.229 Y61.889 E185.30901
G1 X36.469 Y61.889 E185.35990
G1 X42.050 Y67.471 E185.88871
G1 X41.291 Y67.471 E185.93960
G1 X35.709 Y61.889 E186.46841
G1 X34.950 Y61.889 E186.51930
G1 X40.531 Y67.471 E187.04811
G1 X39.771 Y67.471 E187.09901
G1 X34.190 Y61.889 E187.62782
G1 X33.430 Y61.889 E187.67871
G1 X39.012 Y67.471 E188.20752
G1 X38.252 Y67.471 E188.25841
G1 X32.671 Y61.889 E188.78722
G1 X31.911 Y61.889 E188.83811
G1 X37.492 Y67.471 E189.36692
G1 X36.733 Y67.471 E189.41781
G1 X31.151 Y61.889 E189.94662
G1 X30.392 Y61.889 E189.99752
G1 X35.973 Y67.471 E190.52633
G1 X35.214 Y67.471 E190.57722
G1 X29.632 Y61.889 E191.10603
G1 X28.873 Y61.889 E191.15692
G1 X34.454 Y67.471 E191.68573
G1 X33.694 Y67.471 E191.73662
G1 X28.113 Y61.889 E192.26543
G1 X27.353 Y61.889 E192.31632
G1 X32.935 Y67.471 E192.84513
G1 X32.175 Y67.471 E192.89603
G1 X26.594 Y61.889 E193.42484
G1 X25.834 Y61.889 E193.47573
G1 X31.415 Y67.471 E194.00454
G1 X30.656 Y67.471 E194.05543
G1 X25.074 Y61.889 E194.58424
G1 X24.315 Y61.889 E194.63513
G1 X29.896 Y67.471 E195.16394
G1 X29.136 Y67.471 E195.21483
G1 X23.555 Y61.889 E195.74364
G1 X22.795 Y61.889 E195.79454
G1 X28.377 Y67.471 E196.32335
G1 X27.617 Y67.471 E196.37424
G1 X22.036 Y61.889 E196.90305
G1 X21.276 Y61.889 E196.95394
G1 X26.858 Y67.471 E197.48275
G1 X26.098 Y67.471 E197.53364
G1 X15.824 Y57.197 E198.50705
G1 X15.824 Y56.437 E198.55795
G1 X20.307 Y60.920 E198.98271
G1 X20.307 Y60.161 E199.03360
G1 X15.824 Y55.677 E199.45836
G1 X15.824 Y54.918 E199.50925
G1 X20.307 Y59.401 E199.93401
G1 X20.307 Y58.641 E199.98490
G1 X15.824 Y54.158 E200.40966
G1 X15.824 Y53.399 E200.46055
G1 X20.307 Y57.882 E200.88531
G1 X20.307 Y57.122 E200.93620
G1 X15.824 Y52.639 E201.36096
G1 X15.824 Y51.879 E201.41185
G1 X20.307 Y56.362 E201.83661
G1 X20.307 Y55.603 E201.88751
G1 X15.824 Y51.120 E202.31226
G1 X15.824 Y50.360 E202.36316
G1 X20.307 Y54.843 E202.78792
G1 X20.307 Y54.084 E202.83881
G1 X15.824 Y49.600 E203.26357
G1 X15.824 Y48.841 E203.31446
G1 X20.307 Y53.324 E203.73922
G1 X20.307 Y52.564 E203.79011
G1 X15.824 Y48.081 E204.21487
G1 X15.824 Y47.321 E204.26576
G1 X20.307 Y51.805 E204.69052
G1 X20.307 Y51.045 E204.74141
G1 X15.824 Y46.562 E205.16617
G1 X15.824 Y45.802 E205.21706
G1 X20.307 Y50.285 E205.64182
G1 X20.307 Y49.526 E205.69272
G1 X15.824 Y45.043 E206.11748
G1 X15.824 Y44.283 E206.16837
G1 X20.307 Y48.766 E206.59313
G1 X20.307 Y48.006 E206.64402
G1 X15.824 Y43.523 E207.06878
G1 X15.824 Y42.764 E207.11967
G1 X20.307 Y47.247 E207.54443
G1 X20.307 Y46.487 E207.59532
G1 X15.824 Y42.004 E208.02008
G1 X15.824 Y41.244 E208.07097
G1 X20.307 Y45.728 E208.49573
G1 X20.307 Y44.968 E208.54662
G1 X15.824 Y40.485 E208.97138
G1 X15.824 Y39.725 E209.02227
G1 X20.307 Y44.208 E209.44703
G1 X20.307 Y43.449 E209.49793
G1 X15.824 Y38.966 E209.92269
G1 X15.824 Y38.206 E209.97358
G1 X20.307 Y42.689 E210.39834
G1 X20.307 Y41.929 E210.44923
G1 X15.824 Y37.446 E210.87399
G1 X15.824 Y36.687 E210.92488
G1 X20.307 Y41.170 E211.34964
G1 X20.307 Y40.410 E211.40053
G1 X15.824 Y35.927 E211.82529
G1 X15.824 Y35.167 E211.87618
G1 X20.307 Y39.650 E212.30094
G1 X20.307 Y38.891 E212.35183
G1 X15.824 Y34.408 E212.77659
G1 X15.824 Y33.648 E212.82748
G1 X20.307 Y38.131 E213.25224
G1 X20.307 Y37.372 E213.30314
G1 X15.824 Y32.888 E213.72789
G1 X15.824 Y32.129 E213.77879
G1 X20.307 Y36.612 E214.20355
G1 X20.307 Y35.852 E214.25444
G1 X15.824 Y31.369 E214.67920
G1 X15.824 Y30.610 E214.73009
G1 X20.307 Y35.093 E215.15485
G1 X20.307 Y34.333 E215.20574
G1 X15.824 Y29.850 E215.63050
G1 X15.824 Y29.090 E215.68139
G1 X20.307 Y33.573 E216.10615
G1 X20.307 Y32.814 E216.15704
G1 X15.824 Y28.331 E216.58180
G1 X15.824 Y27.571 E216.63269
G1 X20.307 Y32.054 E217.05745
G1 X20.307 Y31.295 E217.10835
G1 X15.824 Y26.811 E217.53310
G1 X15.824 Y26.052 E217.58400
G1 X20.307 Y30.535 E218.00876
G1 X20.307 Y29.775 E218.05965
G1 X15.824 Y25.292 E218.48441
G1 X15.824 Y24.532 E218.53530
G1 X20.307 Y29.016 E218.96006
G1 X20.307 Y28.256 E219.01095
G1 X15.824 Y23.773 E219.43571
G1 X15.824 Y23.013 E219.48660
G1 X20.307 Y27.496 E219.91136
G1 X20.307 Y26.737 E219.96225
G1 X15.824 Y22.254 E220.38701
G1 X15.824 Y21.494 E220.43790
G1 X20.307 Y25.977 E220.86266
G1 X20.307 Y25.217 E220.91356
G1 X12.798 Y17.709 E221.62499
G1 X13.408 Y19.078 F7800.000
G1 X15.066 Y20.736 E221.78212 F1800.000
G1 X20.223 Y14.498 F7800.000
G1 X19.371 Y13.647 E221.86283 F1800.000
G1 X15.824 Y57.956 F7800.000
G1 X25.338 Y67.471 E222.76427 F1800.000
G1 X24.579 Y67.471 E222.81516
G1 X15.824 Y58.716 E223.64463
G1 X15.824 Y59.476 E223.69552
G1 X23.819 Y67.471 E224.45302
G1 X23.059 Y67.471 E224.50391
G1 X15.824 Y60.235 E225.18943
G1 X15.824 Y60.995 E225.24032
G1 X22.300 Y67.471 E225.85388
G1 X21.540 Y67.471 E225.90477
G1 X15.824 Y61.755 E226.44635
G1 X15.824 Y62.514 E226.49724
G1 X20.780 Y67.471 E226.96685
G1 X20.021 Y67.471 E227.01774
G1 X15.824 Y63.274 E227.41537
G1 X15.894 Y64.103 E227.47114
G1 X19.015 Y67.225 E227.76687
G1 X17.040 Y66.009 F7800.000
G1 X16.504 Y65.473 E227.81765 F1800.000
G1 Z0.300 F7800.000
M106 S89.25
M140 S56 ; wait for bed temperature to be reached
G1 Z0.500 F7800.000
G1 X20.679 Y20.695 F7800.000
G1 X69.121 Y20.695 E230.34850 F3600.000
G1 X69.121 Y61.517 E232.48124
G1 X20.679 Y61.517 E235.01209
G1 X20.679 Y20.755 E237.14170
G1 X21.307 Y21.324 F7800.000
G1 X68.493 Y21.324 E239.60690 F3600.000
G1 X68.493 Y60.889 E241.67399
G1 X21.307 Y60.889 E244.13918
G1 X21.307 Y21.384 E246.20314
G1 X21.800 Y21.816 F7800.000
G1 X68.000 Y21.816 E247.57488 F1800.000
G1 X68.000 Y60.396 E248.72037
G1 X21.800 Y60.396 E250.09210
G1 X21.800 Y21.876 E251.23581
G1 X21.800 Y21.416 F7800.000
G1 X15.452 Y21.295 F7800.000
G1 X14.675 Y21.043 E251.27849 F3600.000
G1 X13.238 Y19.749 E251.37950
G1 X12.369 Y17.797 E251.49114
G1 X9.918 Y9.930 E251.92164
G1 X18.322 Y12.528 E252.38124
G1 X20.111 Y13.561 E252.48916
G1 X21.425 Y15.370 E252.60599
G1 X70.104 Y15.370 E255.14917
G1 X72.237 Y15.595 E255.26123
G1 X73.911 Y16.561 E255.36224
G1 X75.048 Y18.125 E255.46325
G1 X75.479 Y20.155 E255.57167
G1 X75.479 Y63.058 E257.81310
G1 X75.048 Y65.088 E257.92152
G1 X73.911 Y66.652 E258.02253
G1 X72.237 Y67.618 E258.12354
G1 X70.104 Y67.843 E258.23560
G1 X19.582 Y67.843 E260.87510
G1 X17.675 Y67.223 E260.97984
G1 X16.239 Y65.929 E261.08085
G1 X15.452 Y64.163 E261.18186
G1 X15.452 Y21.355 E263.41834
G1 X8.963 Y8.977 F7800.000
G1 X18.575 Y11.949 E263.94400 F3600.000
G1 X20.541 Y13.084 E264.06259
G1 X21.746 Y14.742 E264.16967
G1 X70.136 Y14.742 E266.69784
G1 X72.435 Y14.984 E266.81860
G1 X74.341 Y16.084 E266.93357
G1 X75.634 Y17.864 E267.04853
G1 X76.107 Y20.089 E267.16738
G1 X76.107 Y63.124 E269.41571
G1 X75.634 Y65.349 E269.53456
G1 X74.341 Y67.129 E269.64953
G1 X72.435 Y68.229 E269.76449
G1 X70.136 Y68.471 E269.88525
G1 X19.483 Y68.471 E272.53166
G1 X17.354 Y67.779 E272.64858
G1 X15.719 Y66.307 E272.76355
G1 X14.824 Y64.297 E272.87851
G1 X14.824 Y21.752 E275.10126
G1 X14.354 Y21.599 E275.12706
G1 X12.719 Y20.127 E275.24202
G1 X11.780 Y18.019 E275.36256
G1 X8.980 Y9.035 E275.85423
G1 X8.214 Y8.230 F7800.000
G1 X18.774 Y11.495 E276.18240 F1800.000
G1 X20.878 Y12.710 E276.25455
G1 X21.997 Y14.249 E276.31106
G1 X70.162 Y14.249 E277.74116
G1 X72.591 Y14.505 E277.81367
G1 X74.678 Y15.710 E277.88522
G1 X76.095 Y17.659 E277.95678
G1 X76.600 Y20.037 E278.02897
G1 X76.600 Y63.175 E279.30979
G1 X76.095 Y65.554 E279.38198
G1 X74.678 Y67.503 E279.45354
G1 X72.591 Y68.708 E279.52509
G1 X70.162 Y68.964 E279.59760
G1 X19.405 Y68.964 E281.10466
G1 X17.102 Y68.216 E281.17654
G1 X15.311 Y66.603 E281.24809
G1 X14.331 Y64.401 E281.31964
G1 X14.331 Y22.110 E282.57533
G1 X14.102 Y22.036 E282.58248
G1 X12.311 Y20.423 E282.65403
G1 X11.319 Y18.193 E282.72650
G1 X8.232 Y8.287 E283.03457
G1 X8.539 Y8.463 F7800.000
G1 X10.580 Y10.889 F7800.000
G1 X10.879 Y10.591 E283.05665 F1200.000
G1 X11.558 Y10.801 E283.09386
G1 X10.792 Y11.568 E283.15057
G1 X11.003 Y12.246 E283.18773
G1 X12.238 Y11.011 E283.27908
G1 X12.917 Y11.221 E283.31628
G1 X11.214 Y12.924 E283.44226
G1 X11.426 Y13.602 E283.47943
G1 X13.597 Y11.431 E283.64004
G1 X14.276 Y11.641 E283.67725
G1 X11.637 Y14.281 E283.87249
G1 X11.848 Y14.959 E283.90966
G1 X14.956 Y11.851 E284.13954
G1 X15.636 Y12.061 E284.17674
G1 X12.060 Y15.637 E284.44126
G1 X12.271 Y16.315 E284.47842
G1 X16.315 Y12.271 E284.77757
G1 X16.995 Y12.482 E284.81477
G1 X12.483 Y16.994 E285.14856
G1 X12.694 Y17.672 E285.18572
G1 X17.674 Y12.692 E285.55413
G1 X18.336 Y12.920 E285.59074
G1 X12.961 Y18.295 E285.98835
G1 X13.235 Y18.910 E286.02360
G1 X18.900 Y13.245 E286.44266
G1 X19.464 Y13.571 E286.47672
G1 X13.509 Y19.526 E286.91723
G1 X13.962 Y19.962 E286.95014
G1 X19.982 Y13.942 E287.39549
G1 X20.357 Y14.457 E287.42881
G1 X14.430 Y20.384 E287.86723
G1 X14.939 Y20.765 E287.90047
G1 X20.731 Y14.973 E288.32894
G1 X21.106 Y15.488 E288.36226
G1 X15.610 Y20.983 E288.76875
G1 X15.833 Y21.650 F7800.000
G1 X21.732 Y15.751 E289.20513 F1200.000
G1 X22.622 Y15.751 E289.25167
G1 X15.833 Y22.540 E289.75385
G1 X15.833 Y23.429 E289.80039
G1 X23.511 Y15.751 E290.36839
G1 X24.401 Y15.751 E290.41492
G1 X15.833 Y24.319 E291.04873
G1 X20.298 Y20.743 F7800.000
G1 X15.833 Y25.209 E291.37905 F1200.000
G1 X15.833 Y26.098 E291.42558
G1 X20.298 Y21.633 E291.75590
G1 X20.298 Y22.523 E291.80243
G1 X15.833 Y26.988 E292.13275
G1 X15.833 Y27.878 E292.17929
G1 X20.298 Y23.412 E292.50960
G1 X20.298 Y24.302 E292.55614
G1 X15.833 Y28.767 E292.88646
G1 X15.833 Y29.657 E292.93299
G1 X20.298 Y25.192 E293.26331
G1 X20.298 Y26.081 E293.30984
G1 X15.833 Y30.547 E293.64016
G1 X15.833 Y31.436 E293.68670
G1 X20.298 Y26.971 E294.01701
G1 X20.298 Y27.861 E294.06355
G1 X15.833 Y32.326 E294.39387
G1 X15.833 Y33.215 E294.44040
G1 X20.298 Y28.750 E294.77072
G1 X20.298 Y29.640 E294.81725
G1 X15.833 Y34.105 E295.14757
G1 X15.833 Y34.995 E295.19411
G1 X20.298 Y30.529 E295.52442
G1 X20.298 Y31.419 E295.57096
G1 X15.833 Y35.884 E295.90128
G1 X15.833 Y36.774 E295.94781
G1 X20.298 Y32.309 E296.27813
G1 X20.298 Y33.198 E296.32466
G1 X15.833 Y37.664 E296.65498
G1 X15.833 Y38.553 E296.70152
G1 X20.298 Y34.088 E297.03183
G1 X20.298 Y34.978 E297.07837
G1 X15.833 Y39.443 E297.40869
G1 X15.833 Y40.333 E297.45522
G1 X20.298 Y35.867 E297.78554
G1 X20.298 Y36.757 E297.83207
G1 X15.833 Y41.222 E298.16239
G1 X15.833 Y42.112 E298.20893
G1 X20.298 Y37.647 E298.53925
G1 X20.298 Y38.536 E298.58578
G1 X15.833 Y43.002 E298.91610
G1 X15.833 Y43.891 E298.96263
G1 X20.298 Y39.426 E299.29295
G1 X20.298 Y40.315 E299.33949
G1 X15.833 Y44.781 E299.66980
G1 X15.833 Y45.670 E299.71634
G1 X20.298 Y41.205 E300.04666
G1 X20.298 Y42.095 E300.09319
G1 X15.833 Y46.560 E300.42351
G1 X15.833 Y47.450 E300.47004
G1 X20.298 Y42.984 E300.80036
G1 X20.298 Y43.874 E300.84690
G1 X15.833 Y48.339 E301.17721
G1 X15.833 Y49.229 E301.22375
G1 X20.298 Y44.764 E301.55407
G1 X20.298 Y45.653 E301.60060
G1 X15.833 Y50.119 E301.93092
G1 X15.833 Y51.008 E301.97745
G1 X20.298 Y46.543 E302.30777
G1 X20.298 Y47.433 E302.35431
G1 X15.833 Y51.898 E302.68462
G1 X15.833 Y52.788 E302.73116
G1 X20.298 Y48.322 E303.06148
G1 X20.298 Y49.212 E303.10801
G1 X15.833 Y53.677 E303.43833
G1 X15.833 Y54.567 E303.48486
G1 X20.298 Y50.102 E303.81518
G1 X20.298 Y50.991 E303.86172
G1 X15.833 Y55.457 E304.19203
G1 X15.833 Y56.346 E304.23857
G1 X20.298 Y51.881 E304.56889
G1 X20.298 Y52.770 E304.61542
G1 X15.833 Y57.236 E304.94574
G1 X15.833 Y58.125 E304.99227
G1 X20.298 Y53.660 E305.32259
G1 X20.298 Y54.550 E305.36913
G1 X15.833 Y59.015 E305.69944
G1 X15.833 Y59.905 E305.74598
G1 X20.298 Y55.439 E306.07630
G1 X20.298 Y56.329 E306.12283
G1 X15.833 Y60.794 E306.45315
G1 X15.833 Y61.684 E306.49968
G1 X20.298 Y57.219 E306.83000
G1 X20.298 Y58.108 E306.87654
G1 X15.833 Y62.574 E307.20685
G1 X15.833 Y63.463 E307.25339
G1 X20.298 Y58.998 E307.58371
G1 X20.298 Y59.888 E307.63024
G1 X15.884 Y64.302 E307.95678
G1 X16.158 Y64.917 E307.99203
G1 X20.298 Y60.777 E308.29829
G1 X20.298 Y61.667 E308.34483
G1 X16.432 Y65.533 E308.63082
G1 X16.831 Y66.024 E308.66390
G1 X20.957 Y61.898 E308.96911
G1 X21.846 Y61.898 E309.01564
G1 X17.299 Y66.446 E309.35203
G1 X17.767 Y66.867 E309.38498
G1 X22.736 Y61.898 E309.75255
G1 X23.625 Y61.898 E309.79909
G1 X18.422 Y67.102 E310.18401
G1 X19.093 Y67.320 E310.22094
G1 X24.515 Y61.898 E310.62200
G1 X25.405 Y61.898 E310.66853
G1 X19.841 Y67.462 E311.08009
G1 X20.731 Y67.462 E311.12663
G1 X26.294 Y61.898 E311.53818
G1 X27.184 Y61.898 E311.58472
G1 X21.620 Y67.462 E311.99627
G1 X22.510 Y67.462 E312.04281
G1 X28.074 Y61.898 E312.45436
G1 X28.963 Y61.898 E312.50090
G1 X23.400 Y67.462 E312.91246
G1 X24.289 Y67.462 E312.95899
G1 X29.853 Y61.898 E313.37055
G1 X30.743 Y61.898 E313.41708
G1 X25.179 Y67.462 E313.82864
G1 X26.069 Y67.462 E313.87517
G1 X31.632 Y61.898 E314.28673
G1 X32.522 Y61.898 E314.33327
G1 X26.958 Y67.462 E314.74482
G1 X27.848 Y67.462 E314.79136
G1 X33.411 Y61.898 E315.20291
G1 X34.301 Y61.898 E315.24945
G1 X28.738 Y67.462 E315.66100
G1 X29.627 Y67.462 E315.70754
G1 X35.191 Y61.898 E316.11910
G1 X36.080 Y61.898 E316.16563
G1 X30.517 Y67.462 E316.57719
G1 X31.406 Y67.462 E316.62372
G1 X36.970 Y61.898 E317.03528
G1 X37.860 Y61.898 E317.08181
G1 X32.296 Y67.462 E317.49337
G1 X33.186 Y67.462 E317.53991
G1 X38.749 Y61.898 E317.95146
G1 X39.639 Y61.898 E317.99800
G1 X34.075 Y67.462 E318.40955
G1 X34.965 Y67.462 E318.45609
G1 X40.529 Y61.898 E318.86764
G1 X41.418 Y61.898 E318.91418
G1 X35.855 Y67.462 E319.32574
G1 X36.744 Y67.462 E319.37227
G1 X42.308 Y61.898 E319.78383
G1 X43.198 Y61.898 E319.83036
G1 X37.634 Y67.462 E320.24192
G1 X38.524 Y67.462 E320.28845
G1 X44.087 Y61.898 E320.70001
G1 X44.977 Y61.898 E320.74655
G1 X39.413 Y67.462 E321.15810
G1 X40.303 Y67.462 E321.20464
G1 X45.866 Y61.898 E321.61619
G1 X46.756 Y61.898 E321.66273
G1 X41.193 Y67.462 E322.07428
G1 X42.082 Y67.462 E322.12082
G1 X47.646 Y61.898 E322.53238
G1 X48.535 Y61.898 E322.57891
G1 X42.972 Y67.462 E322.99047
G1 X43.861 Y67.462 E323.03700
G1 X49.425 Y61.898 E323.44856
G1 X50.315 Y61.898 E323.49509
G1 X44.751 Y67.462 E323.90665
G1 X45.641 Y67.462 E323.95319
G1 X51.204 Y61.898 E324.36474
G1 X52.094 Y61.898 E324.41128
G1 X46.530 Y67.462 E324.82283
G1 X47.420 Y67.462 E324.86937
G1 X52.984 Y61.898 E325.28093
G1 X53.873 Y61.898 E325.32746
G1 X48.310 Y67.462 E325.73902
G1 X49.199 Y67.462 E325.78555
G1 X54.763 Y61.898 E326.19711
G1 X55.652 Y61.898 E326.24364
G1 X50.089 Y67.462 E326.65520
G1 X50.979 Y67.462 E326.70173
G1 X56.542 Y61.898 E327.11329
G1 X57.432 Y61.898 E327.15983
G1 X51.868 Y67.462 E327.57138
G1 X52.758 Y67.462 E327.61792
G1 X58.321 Y61.898 E328.02947
G1 X59.211 Y61.898 E328.07601
G1 X53.648 Y67.462 E328.48757
G1 X54.537 Y67.462 E328.53410
G1 X60.101 Y61.898 E328.94566
G1 X60.990 Y61.898 E328.99219
G1 X55.427 Y67.462 E329.40375
G1 X56.316 Y67.462 E329.45028
G1 X61.880 Y61.898 E329.86184
G1 X62.770 Y61.898 E329.90837
G1 X57.206 Y67.462 E330.31993
G1 X58.096 Y67.462 E330.36647
G1 X63.659 Y61.898 E330.77802
G1 X64.549 Y61.898 E330.82456
G1 X58.985 Y67.462 E331.23611
G1 X59.875 Y67.462 E331.28265
G1 X65.439 Y61.898 E331.69421
G1 X66.328 Y61.898 E331.74074
G1 X60.765 Y67.462 E332.15230
G1 X61.654 Y67.462 E332.19883
G1 X67.218 Y61.898 E332.61039
G1 X68.107 Y61.898 E332.65692
G1 X62.544 Y67.462 E333.06848
G1 X68.997 Y61.898 F7800.000
G1 X63.434 Y67.462 E333.48004 F1200.000
G1 X64.323 Y67.462 E333.52657
G1 X75.098 Y56.687 E334.32364
G1 X75.098 Y57.576 E334.37018
G1 X65.213 Y67.462 E335.10143
G1 X66.102 Y67.462 E335.14797
G1 X75.098 Y58.466 E335.81342
G1 X75.098 Y59.356 E335.85995
G1 X66.992 Y67.462 E336.45959
G1 X67.882 Y67.462 E336.50613
G1 X75.098 Y60.245 E337.03996
G1 X75.098 Y61.135 E337.08649
G1 X68.771 Y67.462 E337.55451
G1 X69.661 Y67.462 E337.60104
G1 X75.098 Y62.025 E338.00325
G1 X75.086 Y62.926 E338.05041
G1 X70.622 Y67.390 E338.38066
G1 X71.616 Y67.286 E338.43294
G1 X74.846 Y64.056 E338.67188
G1 X73.769 Y66.022 F7800.000
G1 X73.358 Y66.434 E338.70233 F1200.000
G1 X69.502 Y61.394 F7800.000
G1 X75.098 Y55.797 E339.11632 F1200.000
G1 X75.098 Y54.907 E339.16286
G1 X69.502 Y60.504 E339.57685
G1 X69.502 Y59.614 E339.62338
G1 X75.098 Y54.018 E340.03737
G1 X75.098 Y53.128 E340.08391
G1 X69.502 Y58.725 E340.49790
G1 X69.502 Y57.835 E340.54443
G1 X75.098 Y52.239 E340.95842
G1 X75.098 Y51.349 E341.00496
G1 X69.502 Y56.945 E341.41895
G1 X69.502 Y56.056 E341.46548
G1 X75.098 Y50.459 E341.87947
G1 X75.098 Y49.570 E341.92601
G1 X69.502 Y55.166 E342.34000
G1 X69.502 Y54.276 E342.38653
G1 X75.098 Y48.680 E342.80052
G1 X75.098 Y47.790 E342.84706
G1 X69.502 Y53.387 E343.26105
G1 X69.502 Y52.497 E343.30758
G1 X75.098 Y46.901 E343.72157
G1 X75.098 Y46.011 E343.76811
G1 X69.502 Y51.608 E344.18210
G1 X69.502 Y50.718 E344.22863
G1 X75.098 Y45.121 E344.64262
G1 X75.098 Y44.232 E344.68916
G1 X69.502 Y49.828 E345.10315
G1 X69.502 Y48.939 E345.14968
G1 X75.098 Y43.342 E345.56367
G1 X75.098 Y42.453 E345.61021
G1 X69.502 Y48.049 E346.02420
G1 X69.502 Y47.159 E346.07073
G1 X75.098 Y41.563 E346.48472
G1 X75.098 Y40.673 E346.53126
G1 X69.502 Y46.270 E346.94525
G1 X69.502 Y45.380 E346.99178
G1 X75.098 Y39.784 E347.40577
G1 X75.098 Y38.894 E347.45231
G1 X69.502 Y44.490 E347.86630
G1 X69.502 Y43.601 E347.91283
G1 X75.098 Y38.004 E348.32682
G1 X75.098 Y37.115 E348.37336
G1 X69.502 Y42.711 E348.78735
G1 X69.502 Y41.821 E348.83388
G1 X75.098 Y36.225 E349.24788
G1 X75.098 Y35.335 E349.29441
G1 X69.502 Y40.932 E349.70840
G1 X69.502 Y40.042 E349.75494
G1 X75.098 Y34.446 E350.16893
G1 X75.098 Y33.556 E350.21546
G1 X69.502 Y39.153 E350.62945
G1 X69.502 Y38.263 E350.67599
G1 X75.098 Y32.666 E351.08998
G1 X75.098 Y31.777 E351.13651
G1 X69.502 Y37.373 E351.55050
G1 X69.502 Y36.484 E351.59704
G1 X75.098 Y30.887 E352.01103
G1 X75.098 Y29.998 E352.05756
G1 X69.502 Y35.594 E352.47155
G1 X69.502 Y34.704 E352.51809
G1 X75.098 Y29.108 E352.93208
G1 X75.098 Y28.218 E352.97861
G1 X69.502 Y33.815 E353.39260
G1 X69.502 Y32.925 E353.43914
G1 X75.098 Y27.329 E353.85313
G1 X75.098 Y26.439 E353.89966
G1 X69.502 Y32.035 E354.31365
G1 X69.502 Y31.146 E354.36019
G1 X75.098 Y25.549 E354.77418
G1 X75.098 Y24.660 E354.82071
G1 X69.502 Y30.256 E355.23470
G1 X69.502 Y29.366 E355.28124
G1 X75.098 Y23.770 E355.69523
G1 X75.098 Y22.880 E355.74176
G1 X69.502 Y28.477 E356.15575
G1 X69.502 Y27.587 E356.20229
G1 X75.098 Y21.991 E356.61628
G1 X75.098 Y21.101 E356.66281
G1 X69.502 Y26.698 E357.07680
G1 X69.502 Y25.808 E357.12334
G1 X75.098 Y20.211 E357.53733
G1 X74.966 Y19.454 E357.57755
G1 X69.502 Y24.918 E357.98176
G1 X69.502 Y24.029 E358.02829
G1 X74.810 Y18.720 E358.42097
G1 X74.589 Y18.052 E358.45780
G1 X69.502 Y23.139 E358.83411
G1 X69.502 Y22.249 E358.88065
G1 X74.215 Y17.537 E359.22927
G1 X73.840 Y17.021 E359.26258
G1 X69.502 Y21.360 E359.58351
G1 X69.502 Y20.470 E359.63004
G1 X73.351 Y16.621 E359.91477
G1 X72.787 Y16.295 E359.94883
G1 X68.768 Y20.315 E360.24615
G1 X67.878 Y20.315 E360.29269
G1 X72.223 Y15.970 E360.61410
G1 X71.424 Y15.879 E360.65614
G1 X66.988 Y20.315 E360.98428
G1 X66.099 Y20.315 E361.03082
G1 X70.619 Y15.794 E361.36522
G1 X69.773 Y15.751 E361.40956
G1 X65.209 Y20.315 E361.74715
G1 X64.319 Y20.315 E361.79368
G1 X68.883 Y15.751 E362.13127
G1 X67.993 Y15.751 E362.17780
G1 X63.430 Y20.315 E362.51539
G1 X62.540 Y20.315 E362.56192
G1 X67.104 Y15.751 E362.89951
G1 X66.214 Y15.751 E362.94604
G1 X61.650 Y20.315 E363.28362
G1 X60.761 Y20.315 E363.33016
G1 X65.324 Y15.751 E363.66774
G1 X64.435 Y15.751 E363.71428
G1 X59.871 Y20.315 E364.05186
G1 X58.982 Y20.315 E364.09840
G1 X63.545 Y15.751 E364.43598
G1 X62.655 Y15.751 E364.48252
G1 X58.092 Y20.315 E364.82010
G1 X57.202 Y20.315 E364.86664
G1 X61.766 Y15.751 E365.20422
G1 X60.876 Y15.751 E365.25076
G1 X56.313 Y20.315 E365.58834
G1 X55.423 Y20.315 E365.63488
G1 X59.987 Y15.751 E365.97246
G1 X59.097 Y15.751 E366.01900
G1 X54.533 Y20.315 E366.35658
G1 X53.644 Y20.315 E366.40312
G1 X58.207 Y15.751 E366.74070
G1 X57.318 Y15.751 E366.78724
G1 X52.754 Y20.315 E367.12482
G1 X51.864 Y20.315 E367.17136
G1 X56.428 Y15.751 E367.50894
G1 X55.538 Y15.751 E367.55548
G1 X50.975 Y20.315 E367.89306
G1 X50.085 Y20.315 E367.93960
G1 X54.649 Y15.751 E368.27718
G1 X53.759 Y15.751 E368.32372
G1 X49.195 Y20.315 E368.66130
G1 X48.306 Y20.315 E368.70784
G1 X52.869 Y15.751 E369.04542
G1 X51.980 Y15.751 E369.09196
G1 X47.416 Y20.315 E369.42954
G1 X46.527 Y20.315 E369.47608
G1 X51.090 Y15.751 E369.81366
G1 X50.200 Y15.751 E369.86020
G1 X45.637 Y20.315 E370.19778
G1 X44.747 Y20.315 E370.24431
G1 X49.311 Y15.751 E370.58190
G1 X48.421 Y15.751 E370.62843
G1 X43.858 Y20.315 E370.96602
G1 X42.968 Y20.315 E371.01255
G1 X47.532 Y15.751 E371.35014
G1 X46.642 Y15.751 E371.39667
G1 X42.078 Y20.315 E371.73426
G1 X41.189 Y20.315 E371.78079
G1 X45.752 Y15.751 E372.11838
G1 X44.863 Y15.751 E372.16491
G1 X40.299 Y20.315 E372.50250
G1 X39.409 Y20.315 E372.54903
G1 X43.973 Y15.751 E372.88662
G1 X43.083 Y15.751 E372.93315
G1 X38.520 Y20.315 E373.27074
G1 X37.630 Y20.315 E373.31727
G1 X42.194 Y15.751 E373.65486
G1 X41.304 Y15.751 E373.70139
G1 X36.740 Y20.315 E374.03898
G1 X35.851 Y20.315 E374.08551
G1 X40.414 Y15.751 E374.42310
G1 X39.525 Y15.751 E374.46963
G1 X34.961 Y20.315 E374.80722
G1 X34.072 Y20.315 E374.85375
G1 X38.635 Y15.751 E375.19134
G1 X37.745 Y15.751 E375.23787
G1 X33.182 Y20.315 E375.57546
G1 X32.292 Y20.315 E375.62199
G1 X36.856 Y15.751 E375.95958
G1 X35.966 Y15.751 E376.00611
G1 X31.403 Y20.315 E376.34370
G1 X30.513 Y20.315 E376.39023
G1 X35.077 Y15.751 E376.72782
G1 X34.187 Y15.751 E376.77435
G1 X29.623 Y20.315 E377.11194
G1 X28.734 Y20.315 E377.15847
G1 X33.297 Y15.751 E377.49605
G1 X32.408 Y15.751 E377.54259
G1 X27.844 Y20.315 E377.88017
G1 X26.954 Y20.315 E377.92671
G1 X31.518 Y15.751 E378.26429
G1 X30.628 Y15.751 E378.31083
G1 X26.065 Y20.315 E378.64841
G1 X25.175 Y20.315 E378.69495
G1 X29.739 Y15.751 E379.03253
G1 X28.849 Y15.751 E379.07907
G1 X24.286 Y20.315 E379.41665
G1 X23.396 Y20.315 E379.46319
G1 X27.959 Y15.751 E379.80077
G1 X27.070 Y15.751 E379.84731
G1 X22.506 Y20.315 E380.18489
G1 X21.617 Y20.315 E380.23143
G1 X26.180 Y15.751 E380.56901
G1 X25.291 Y15.751 E380.61555
G1 X20.727 Y20.315 E380.95313
G1 Z0.700 F7800.000
G1 X20.679 Y20.695 F7800.000
G1 X69.121 Y20.695 E383.48398 F3600.000
G1 X69.121 Y61.517 E385.61673
G1 X20.679 Y61.517 E388.14757
G1 X20.679 Y20.755 E390.27718
G1 X21.307 Y21.324 F7800.000
G1 X68.493 Y21.324 E392.74238 F3600.000
G1 X68.493 Y60.889 E394.80947
G1 X21.307 Y60.889 E397.27467
G1 X21.307 Y21.384 E399.33862
G1 X21.800 Y21.816 F7800.000
G1 X68.000 Y21.816 E400.71036 F1800.000
G1 X68.000 Y60.396 E401.85585
G1 X21.800 Y60.396 E403.22759
G1 X21.800 Y21.876 E404.37130
G1 X21.800 Y21.416 F7800.000
G1 X15.452 Y21.295 F7800.000
G1 X14.675 Y21.043 E404.41397 F3600.000
G1 X13.238 Y19.749 E404.51498
G1 X12.369 Y17.797 E404.62662
G1 X9.918 Y9.930 E405.05713
G1 X18.322 Y12.528 E405.51672
G1 X20.111 Y13.561 E405.62464
G1 X21.425 Y15.370 E405.74147
G1 X70.104 Y15.370 E408.28465
G1 X72.237 Y15.595 E408.39672
G1 X73.911 Y16.561 E408.49773
G1 X75.048 Y18.125 E408.59873
G1 X75.479 Y20.155 E408.70716
G1 X75.479 Y63.058 E410.94859
G1 X75.048 Y65.088 E411.05701
G1 X73.911 Y66.652 E411.15802
G1 X72.237 Y67.618 E411.25902
G1 X70.104 Y67.843 E411.37109
G1 X19.582 Y67.843 E414.01058
G1 X17.675 Y67.223 E414.11533
G1 X16.239 Y65.929 E414.21634
G1 X15.452 Y64.163 E414.31734
G1 X15.452 Y21.355 E416.55383
G1 X8.963 Y8.977 F7800.000
G1 X18.575 Y11.949 E417.07948 F3600.000
G1 X20.541 Y13.084 E417.19807
G1 X21.746 Y14.742 E417.30515
G1 X70.136 Y14.742 E419.83333
G1 X72.435 Y14.984 E419.95409
G1 X74.341 Y16.084 E420.06905
G1 X75.634 Y17.864 E420.18402
G1 X76.107 Y20.089 E420.30287
G1 X76.107 Y63.124 E422.55120
G1 X75.634 Y65.349 E422.67005
G1 X74.341 Y67.129 E422.78501
G1 X72.435 Y68.229 E422.89997
G1 X70.136 Y68.471 E423.02073
G1 X19.483 Y68.471 E425.66715
G1 X17.354 Y67.779 E425.78407
G1 X15.719 Y66.307 E425.89903
G1 X14.824 Y64.297 E426.01399
G1 X14.824 Y21.752 E428.23674
G1 X14.354 Y21.599 E428.26254
G1 X12.719 Y20.127 E428.37751
G1 X11.780 Y18.019 E428.49805
G1 X8.980 Y9.035 E428.98971
G1 E427.98971 F18000.00000
G92 E0
G1 X8.214 Y8.230 F7800.000
G1 E1.00000 F18000.00000
G1 X18.774 Y11.495 E1.32818 F1800.000
G1 X20.878 Y12.710 E1.40032
G1 X21.997 Y14.249 E1.45684
G1 X70.162 Y14.249 E2.88694
G1 X72.591 Y14.505 E2.95944
G1 X74.678 Y15.710 E3.03100
G1 X76.095 Y17.659 E3.10255
G1 X76.600 Y20.037 E3.17474
G1 X76.600 Y63.175 E4.45556
G1 X76.095 Y65.554 E4.52775
G1 X74.678 Y67.503 E4.59931
G1 X72.591 Y68.708 E4.67086
G1 X70.162 Y68.964 E4.74337
G1 X19.405 Y68.964 E6.25043
G1 X17.102 Y68.216 E6.32231
G1 X15.311 Y66.603 E6.39386
G1 X14.331 Y64.401 E6.46541
G1 X14.331 Y22.110 E7.72110
G1 X14.102 Y22.036 E7.72825
G1 X12.311 Y20.423 E7.79980
G1 X11.319 Y18.193 E7.87227
G1 X8.232 Y8.287 E8.18034
G1 X8.539 Y8.463 F7800.000
G1 E7.18034 F18000.00000
G92 E0
G1 X12.472 Y16.694 F7800.000
G1 E1.00000 F18000.00000
G1 X20.298 Y24.520 E1.58183 F1200.000
G1 X20.298 Y23.626 E1.62884
G1 X12.068 Y15.395 E2.24077
G1 X11.663 Y14.096 E2.31229
G1 X20.298 Y22.732 E2.95432
G1 X20.298 Y21.838 E3.00132
G1 X11.258 Y12.797 E3.67344
G1 X10.853 Y11.499 E3.74496
G1 X20.298 Y20.944 E4.44718
G1 X20.563 Y20.315 F7800.000
G1 X10.941 Y10.693 E5.16255 F1200.000
G1 X12.236 Y11.093 E5.23377
G1 X21.458 Y20.315 E5.91939
G1 X22.352 Y20.315 E5.96640
G1 X13.530 Y11.493 E6.62228
G1 X14.824 Y11.893 E6.69349
G1 X23.246 Y20.315 E7.31963
G1 X24.140 Y20.315 E7.36663
G1 X16.118 Y12.293 E7.96302
G1 X17.413 Y12.693 E8.03424
G1 X25.034 Y20.315 E8.60088
G1 X25.928 Y20.315 E8.64788
G1 X21.365 Y15.751 E8.98717
G1 X22.259 Y15.751 E9.03417
G1 X26.822 Y20.315 E9.37346
G1 X27.716 Y20.315 E9.42047
G1 X23.153 Y15.751 E9.75976
G1 X24.047 Y15.751 E9.80676
G1 X28.611 Y20.315 E10.14605
G1 X29.505 Y20.315 E10.19305
G1 X24.941 Y15.751 E10.53234
G1 X25.835 Y15.751 E10.57935
G1 X30.399 Y20.315 E10.91864
G1 X31.293 Y20.315 E10.96564
G1 X26.729 Y15.751 E11.30493
G1 X27.624 Y15.751 E11.35193
G1 X32.187 Y20.315 E11.69122
G1 X33.081 Y20.315 E11.73823
G1 X28.518 Y15.751 E12.07752
G1 X29.412 Y15.751 E12.12452
G1 X33.975 Y20.315 E12.46381
G1 X34.869 Y20.315 E12.51081
G1 X30.306 Y15.751 E12.85010
G1 X31.200 Y15.751 E12.89711
G1 X35.764 Y20.315 E13.23639
G1 X36.658 Y20.315 E13.28340
G1 X32.094 Y15.751 E13.62269
G1 X32.988 Y15.751 E13.66969
G1 X37.552 Y20.315 E14.00898
G1 X38.446 Y20.315 E14.05599
G1 X33.882 Y15.751 E14.39527
G1 X34.777 Y15.751 E14.44228
G1 X39.340 Y20.315 E14.78157
G1 X40.234 Y20.315 E14.82857
G1 X35.671 Y15.751 E15.16786
G1 X36.565 Y15.751 E15.21487
G1 X41.128 Y20.315 E15.55415
G1 X42.022 Y20.315 E15.60116
G1 X37.459 Y15.751 E15.94045
G1 X38.353 Y15.751 E15.98745
G1 X42.917 Y20.315 E16.32674
G1 X43.811 Y20.315 E16.37375
G1 X39.247 Y15.751 E16.71303
G1 X40.141 Y15.751 E16.76004
G1 X44.705 Y20.315 E17.09933
G1 X45.599 Y20.315 E17.14633
G1 X41.035 Y15.751 E17.48562
G1 X41.930 Y15.751 E17.53263
G1 X46.493 Y20.315 E17.87191
G1 X47.387 Y20.315 E17.91892
G1 X42.824 Y15.751 E18.25821
G1 X43.718 Y15.751 E18.30521
G1 X48.281 Y20.315 E18.64450
G1 X49.176 Y20.315 E18.69151
G1 X44.612 Y15.751 E19.03079
G1 X45.506 Y15.751 E19.07780
G1 X50.070 Y20.315 E19.41709
G1 X50.964 Y20.315 E19.46409
G1 X46.400 Y15.751 E19.80338
G1 X47.294 Y15.751 E19.85039
G1 X51.858 Y20.315 E20.18967
G1 X52.752 Y20.315 E20.23668
G1 X48.188 Y15.751 E20.57597
G1 X49.083 Y15.751 E20.62297
G1 X53.646 Y20.315 E20.96226
G1 X54.540 Y20.315 E21.00927
G1 X49.977 Y15.751 E21.34855
G1 X50.871 Y15.751 E21.39556
G1 X55.434 Y20.315 E21.73485
G1 X56.329 Y20.315 E21.78185
G1 X51.765 Y15.751 E22.12114
G1 X52.659 Y15.751 E22.16814
G1 X57.223 Y20.315 E22.50743
G1 X58.117 Y20.315 E22.55444
G1 X53.553 Y15.751 E22.89373
G1 X54.447 Y15.751 E22.94073
G1 X59.011 Y20.315 E23.28002
G1 X59.905 Y20.315 E23.32702
G1 X55.341 Y15.751 E23.66631
G1 X56.236 Y15.751 E23.71332
G1 X60.799 Y20.315 E24.05261
G1 X61.693 Y20.315 E24.09961
G1 X57.130 Y15.751 E24.43890
G1 X58.024 Y15.751 E24.48590
G1 X62.587 Y20.315 E24.82519
G1 X63.482 Y20.315 E24.87220
G1 X58.918 Y15.751 E25.21149
G1 X59.812 Y15.751 E25.25849
G1 X64.376 Y20.315 E25.59778
G1 X65.270 Y20.315 E25.64478
G1 X60.706 Y15.751 E25.98407
G1 X61.600 Y15.751 E26.03108
G1 X66.164 Y20.315 E26.37037
G1 X67.058 Y20.315 E26.41737
G1 X62.495 Y15.751 E26.75666
G1 X63.389 Y15.751 E26.80366
G1 X67.952 Y20.315 E27.14295
G1 X68.846 Y20.315 E27.18996
G1 X64.283 Y15.751 E27.52924
G1 X65.177 Y15.751 E27.57625
G1 X75.098 Y25.672 E28.31387
G1 X75.098 Y24.778 E28.36088
G1 X66.071 Y15.751 E29.03202
G1 X66.965 Y15.751 E29.07903
G1 X75.098 Y23.884 E29.68370
G1 X75.098 Y22.990 E29.73070
G1 X67.859 Y15.751 E30.26889
G1 X68.753 Y15.751 E30.31590
G1 X75.098 Y22.096 E30.78762
G1 X75.098 Y21.202 E30.83462
G1 X69.648 Y15.751 E31.23986
G1 X70.612 Y15.821 E31.29070
G1 X75.089 Y20.298 E31.62354
G1 X74.847 Y19.163 E31.68457
G1 X71.611 Y15.926 E31.92518
G1 X73.358 Y16.779 F7800.000
G1 X73.769 Y17.191 E31.95578 F1200.000
G1 X69.502 Y20.970 F7800.000
G1 X75.098 Y26.567 E32.37186 F1200.000
G1 X75.098 Y27.461 E32.41887
G1 X69.502 Y21.864 E32.83494
G1 X69.502 Y22.758 E32.88195
G1 X75.098 Y28.355 E33.29803
G1 X75.098 Y29.249 E33.34503
G1 X69.502 Y23.652 E33.76111
G1 X69.502 Y24.547 E33.80812
G1 X75.098 Y30.143 E34.22420
G1 X75.098 Y31.037 E34.27120
G1 X69.502 Y25.441 E34.68728
G1 X69.502 Y26.335 E34.73429
G1 X75.098 Y31.931 E35.15037
G1 X75.098 Y32.825 E35.19737
G1 X69.502 Y27.229 E35.61345
G1 X69.502 Y28.123 E35.66045
G1 X75.098 Y33.720 E36.07653
G1 X75.098 Y34.614 E36.12354
G1 X69.502 Y29.017 E36.53962
G1 X69.502 Y29.911 E36.58662
G1 X75.098 Y35.508 E37.00270
G1 X75.098 Y36.402 E37.04971
G1 X69.502 Y30.806 E37.46579
G1 X69.502 Y31.700 E37.51279
G1 X75.098 Y37.296 E37.92887
G1 X75.098 Y38.190 E37.97588
G1 X69.502 Y32.594 E38.39195
G1 X69.502 Y33.488 E38.43896
G1 X75.098 Y39.084 E38.85504
G1 X75.098 Y39.978 E38.90204
G1 X69.502 Y34.382 E39.31812
G1 X69.502 Y35.276 E39.36513
G1 X75.098 Y40.873 E39.78121
G1 X75.098 Y41.767 E39.82821
G1 X69.502 Y36.170 E40.24429
G1 X69.502 Y37.064 E40.29130
G1 X75.098 Y42.661 E40.70737
G1 X75.098 Y43.555 E40.75438
G1 X69.502 Y37.959 E41.17046
G1 X69.502 Y38.853 E41.21746
G1 X75.098 Y44.449 E41.63354
G1 X75.098 Y45.343 E41.68055
G1 X69.502 Y39.747 E42.09663
G1 X69.502 Y40.641 E42.14363
G1 X75.098 Y46.237 E42.55971
G1 X75.098 Y47.131 E42.60672
G1 X69.502 Y41.535 E43.02279
G1 X69.502 Y42.429 E43.06980
G1 X75.098 Y48.026 E43.48588
G1 X75.098 Y48.920 E43.53288
G1 X69.502 Y43.323 E43.94896
G1 X69.502 Y44.217 E43.99597
G1 X75.098 Y49.814 E44.41205
G1 X75.098 Y50.708 E44.45905
G1 X69.502 Y45.112 E44.87513
G1 X69.502 Y46.006 E44.92214
G1 X75.098 Y51.602 E45.33822
G1 X75.098 Y52.496 E45.38522
G1 X69.502 Y46.900 E45.80130
G1 X69.502 Y47.794 E45.84830
G1 X75.098 Y53.390 E46.26438
G1 X75.098 Y54.285 E46.31139
G1 X69.502 Y48.688 E46.72747
G1 X69.502 Y49.582 E46.77447
G1 X75.098 Y55.179 E47.19055
G1 X75.098 Y56.073 E47.23756
G1 X69.502 Y50.476 E47.65364
G1 X69.502 Y51.370 E47.70064
G1 X75.098 Y56.967 E48.11672
G1 X75.098 Y57.861 E48.16373
G1 X69.502 Y52.265 E48.57980
G1 X69.502 Y53.159 E48.62681
G1 X75.098 Y58.755 E49.04289
G1 X75.098 Y59.649 E49.08989
G1 X69.502 Y54.053 E49.50597
G1 X69.502 Y54.947 E49.55298
G1 X75.098 Y60.543 E49.96906
G1 X75.098 Y61.438 E50.01606
G1 X69.502 Y55.841 E50.43214
G1 X69.502 Y56.735 E50.47915
G1 X75.098 Y62.332 E50.89522
G1 X75.083 Y63.210 E50.94142
G1 X69.502 Y57.629 E51.35634
G1 X69.502 Y58.523 E51.40334
G1 X74.926 Y63.948 E51.80661
G1 X74.769 Y64.685 E51.84624
G1 X69.502 Y59.418 E52.23786
G1 X69.502 Y60.312 E52.28486
G1 X74.489 Y65.299 E52.65563
G1 X74.113 Y65.817 E52.68928
G1 X69.502 Y61.206 E53.03208
G1 X69.300 Y61.898 E53.06999
G1 X73.730 Y66.328 E53.39935
G1 X73.191 Y66.684 E53.43328
G1 X68.406 Y61.898 E53.78907
G1 X67.512 Y61.898 E53.83608
G1 X72.625 Y67.011 E54.21621
G1 X71.994 Y67.274 E54.25215
G1 X66.618 Y61.898 E54.65184
G1 X65.723 Y61.898 E54.69885
G1 X71.185 Y67.359 E55.10486
G1 X70.375 Y67.444 E55.14763
G1 X64.829 Y61.898 E55.55997
G1 X63.935 Y61.898 E55.60697
G1 X69.499 Y67.462 E56.02061
G1 X68.605 Y67.462 E56.06761
G1 X63.041 Y61.898 E56.48125
G1 X62.147 Y61.898 E56.52825
G1 X67.711 Y67.462 E56.94188
G1 X66.816 Y67.462 E56.98889
G1 X61.253 Y61.898 E57.40252
G1 X60.359 Y61.898 E57.44953
G1 X65.922 Y67.462 E57.86316
G1 X65.028 Y67.462 E57.91017
G1 X59.465 Y61.898 E58.32380
G1 X58.570 Y61.898 E58.37080
G1 X64.134 Y67.462 E58.78444
G1 X63.240 Y67.462 E58.83144
G1 X57.676 Y61.898 E59.24507
G1 X56.782 Y61.898 E59.29208
G1 X62.346 Y67.462 E59.70571
G1 X61.452 Y67.462 E59.75272
G1 X55.888 Y61.898 E60.16635
G1 X54.994 Y61.898 E60.21336
G1 X60.557 Y67.462 E60.62699
G1 X59.663 Y67.462 E60.67399
G1 X54.100 Y61.898 E61.08763
G1 X53.206 Y61.898 E61.13463
G1 X58.769 Y67.462 E61.54826
G1 X57.875 Y67.462 E61.59527
G1 X52.312 Y61.898 E62.00890
G1 X51.417 Y61.898 E62.05591
G1 X56.981 Y67.462 E62.46954
G1 X56.087 Y67.462 E62.51655
G1 X50.523 Y61.898 E62.93018
G1 X49.629 Y61.898 E62.97718
G1 X55.193 Y67.462 E63.39082
G1 X54.299 Y67.462 E63.43782
G1 X48.735 Y61.898 E63.85145
G1 X47.841 Y61.898 E63.89846
G1 X53.404 Y67.462 E64.31209
G1 X52.510 Y67.462 E64.35910
G1 X46.947 Y61.898 E64.77273
G1 X46.053 Y61.898 E64.81974
G1 X51.616 Y67.462 E65.23337
G1 X50.722 Y67.462 E65.28037
G1 X45.159 Y61.898 E65.69401
G1 X44.264 Y61.898 E65.74101
G1 X49.828 Y67.462 E66.15465
G1 X48.934 Y67.462 E66.20165
G1 X43.370 Y61.898 E66.61528
G1 X42.476 Y61.898 E66.66229
G1 X48.040 Y67.462 E67.07592
G1 X47.146 Y67.462 E67.12293
G1 X41.582 Y61.898 E67.53656
G1 X40.688 Y61.898 E67.58356
G1 X46.251 Y67.462 E67.99720
G1 X45.357 Y67.462 E68.04420
G1 X39.794 Y61.898 E68.45784
G1 X38.900 Y61.898 E68.50484
G1 X44.463 Y67.462 E68.91847
G1 X43.569 Y67.462 E68.96548
G1 X38.006 Y61.898 E69.37911
G1 X37.111 Y61.898 E69.42612
G1 X42.675 Y67.462 E69.83975
G1 X41.781 Y67.462 E69.88676
G1 X36.217 Y61.898 E70.30039
G1 X35.323 Y61.898 E70.34739
G1 X40.887 Y67.462 E70.76103
G1 X39.993 Y67.462 E70.80803
G1 X34.429 Y61.898 E71.22166
G1 X33.535 Y61.898 E71.26867
G1 X39.098 Y67.462 E71.68230
G1 X38.204 Y67.462 E71.72931
G1 X32.641 Y61.898 E72.14294
G1 X31.747 Y61.898 E72.18995
G1 X37.310 Y67.462 E72.60358
G1 X36.416 Y67.462 E72.65058
G1 X30.852 Y61.898 E73.06422
G1 X29.958 Y61.898 E73.11122
G1 X35.522 Y67.462 E73.52485
G1 X34.628 Y67.462 E73.57186
G1 X29.064 Y61.898 E73.98549
G1 X28.170 Y61.898 E74.03250
G1 X33.734 Y67.462 E74.44613
G1 X32.840 Y67.462 E74.49314
G1 X27.276 Y61.898 E74.90677
G1 X26.382 Y61.898 E74.95377
G1 X31.945 Y67.462 E75.36741
G1 X31.051 Y67.462 E75.41441
G1 X25.488 Y61.898 E75.82804
G1 X24.594 Y61.898 E75.87505
G1 X30.157 Y67.462 E76.28868
G1 X29.263 Y67.462 E76.33569
G1 X23.699 Y61.898 E76.74932
G1 X22.805 Y61.898 E76.79633
G1 X28.369 Y67.462 E77.20996
G1 X27.475 Y67.462 E77.25696
G1 X21.911 Y61.898 E77.67060
G1 X19.250 Y67.284 F7800.000
G1 X15.833 Y63.867 E77.92464 F1200.000
G1 X15.833 Y62.973 E77.97165
G1 X20.322 Y67.462 E78.30538
G1 X21.216 Y67.462 E78.35239
G1 X15.833 Y62.079 E78.75259
G1 X15.833 Y61.185 E78.79960
G1 X22.110 Y67.462 E79.26628
G1 X23.004 Y67.462 E79.31329
G1 X15.833 Y60.291 E79.84644
G1 X15.833 Y59.396 E79.89345
G1 X23.898 Y67.462 E80.49308
G1 X24.792 Y67.462 E80.54009
G1 X15.833 Y58.502 E81.20620
G1 X15.833 Y57.608 E81.25320
G1 X20.298 Y62.074 E81.58519
G1 X21.017 Y61.898 E81.62409
G1 X26.581 Y67.462 E82.03772
G1 X25.686 Y67.462 E82.08473
G1 X20.123 Y61.898 E82.49836
G1 X20.298 Y61.179 E82.53726
G1 X15.833 Y56.714 E82.86924
G1 X15.833 Y55.820 E82.91625
G1 X20.298 Y60.285 E83.24823
G1 X20.298 Y59.391 E83.29524
G1 X15.833 Y54.926 E83.62722
G1 X15.833 Y54.032 E83.67422
G1 X20.298 Y58.497 E84.00621
G1 X20.298 Y57.603 E84.05321
G1 X15.833 Y53.138 E84.38520
G1 X15.833 Y52.243 E84.43220
G1 X20.298 Y56.709 E84.76419
G1 X20.298 Y55.815 E84.81119
G1 X15.833 Y51.349 E85.14318
G1 X15.833 Y50.455 E85.19018
G1 X20.298 Y54.920 E85.52217
G1 X20.298 Y54.026 E85.56917
G1 X15.833 Y49.561 E85.90116
G1 X15.833 Y48.667 E85.94816
G1 X20.298 Y53.132 E86.28014
G1 X20.298 Y52.238 E86.32715
G1 X15.833 Y47.773 E86.65913
G1 X15.833 Y46.879 E86.70614
G1 X20.298 Y51.344 E87.03812
G1 X20.298 Y50.450 E87.08513
G1 X15.833 Y45.985 E87.41711
G1 X15.833 Y45.090 E87.46412
G1 X20.298 Y49.556 E87.79610
G1 X20.298 Y48.662 E87.84311
G1 X15.833 Y44.196 E88.17509
G1 X15.833 Y43.302 E88.22210
G1 X20.298 Y47.767 E88.55408
G1 X20.298 Y46.873 E88.60109
G1 X15.833 Y42.408 E88.93307
G1 X15.833 Y41.514 E88.98008
G1 X20.298 Y45.979 E89.31206
G1 X20.298 Y45.085 E89.35907
G1 X15.833 Y40.620 E89.69105
G1 X15.833 Y39.726 E89.73805
G1 X20.298 Y44.191 E90.07004
G1 X20.298 Y43.297 E90.11704
G1 X15.833 Y38.831 E90.44903
G1 X15.833 Y37.937 E90.49603
G1 X20.298 Y42.403 E90.82802
G1 X20.298 Y41.509 E90.87502
G1 X15.833 Y37.043 E91.20701
G1 X15.833 Y36.149 E91.25401
G1 X20.298 Y40.614 E91.58600
G1 X20.298 Y39.720 E91.63300
G1 X15.833 Y35.255 E91.96499
G1 X15.833 Y34.361 E92.01199
G1 X20.298 Y38.826 E92.34398
G1 X20.298 Y37.932 E92.39098
G1 X15.833 Y33.467 E92.72296
G1 X15.833 Y32.573 E92.76997
G1 X20.298 Y37.038 E93.10195
G1 X20.298 Y36.144 E93.14896
G1 X15.833 Y31.678 E93.48094
G1 X15.833 Y30.784 E93.52795
G1 X20.298 Y35.250 E93.85993
G1 X20.298 Y34.356 E93.90694
G1 X15.833 Y29.890 E94.23892
G1 X15.833 Y28.996 E94.28593
G1 X20.298 Y33.461 E94.61791
G1 X20.298 Y32.567 E94.66492
G1 X15.833 Y28.102 E94.99690
G1 X15.833 Y27.208 E95.04391
G1 X20.298 Y31.673 E95.37589
G1 X20.298 Y30.779 E95.42290
G1 X15.833 Y26.314 E95.75488
G1 X15.833 Y25.420 E95.80189
G1 X20.298 Y29.885 E96.13387
G1 X20.298 Y28.991 E96.18087
G1 X15.833 Y24.525 E96.51286
G1 X15.833 Y23.631 E96.55986
G1 X20.298 Y28.097 E96.89185
G1 X20.298 Y27.202 E96.93885
G1 X15.833 Y22.737 E97.27084
G1 X15.833 Y21.843 E97.31784
G1 X20.298 Y26.308 E97.64983
G1 X20.298 Y25.414 E97.69683
G1 X13.000 Y18.116 E98.23943
G1 X19.167 Y13.553 F7800.000
G1 X20.409 Y14.795 E98.33175 F1200.000
G1 X16.508 Y65.436 F7800.000
G1 X17.083 Y66.011 E98.37452 F1200.000
M106 S160.65
G1 Z0.900 F7800.000
G1 X20.679 Y20.695 F7800.000
G1 X69.121 Y20.695 E100.90537 F3600.000
G1 X69.121 Y61.517 E103.03811
G1 X20.679 Y61.517 E105.56896
G1 X20.679 Y20.755 E107.69857
G1 X21.307 Y21.324 F7800.000
G1 X68.493 Y21.324 E110.16377 F3600.000
G1 X68.493 Y60.889 E112.23086
G1 X21.307 Y60.889 E114.69606
G1 X21.307 Y21.384 E116.76001
G1 X21.800 Y21.816 F7800.000
G1 X68.000 Y21.816 E118.13175 F1800.000
G1 X68.000 Y60.396 E119.27724
G1 X21.800 Y60.396 E120.64898
G1 X21.800 Y21.876 E121.79269
G1 X21.800 Y21.416 F7800.000
G1 X15.452 Y21.295 F7800.000
G1 X14.675 Y21.043 E121.83536 F3600.000
G1 X13.238 Y19.749 E121.93637
G1 X12.369 Y17.797 E122.04801
G1 X9.918 Y9.930 E122.47852
G1 X18.322 Y12.528 E122.93811
G1 X20.111 Y13.561 E123.04603
G1 X21.425 Y15.370 E123.16286
G1 X70.104 Y15.370 E125.70604
G1 X72.237 Y15.595 E125.81811
G1 X73.911 Y16.561 E125.91912
G1 X75.048 Y18.125 E126.02012
G1 X75.479 Y20.155 E126.12855
G1 X75.479 Y63.058 E128.36997
G1 X75.048 Y65.088 E128.47840
G1 X73.911 Y66.652 E128.57941
G1 X72.237 Y67.618 E128.68041
G1 X70.104 Y67.843 E128.79248
G1 X19.582 Y67.843 E131.43197
G1 X17.675 Y67.223 E131.53671
G1 X16.239 Y65.929 E131.63772
G1 X15.452 Y64.163 E131.73873
G1 X15.452 Y21.355 E133.97522
G1 E132.97522 F18000.00000
G92 E0
G1 X9.354 Y9.264 F7800.000
G1 E1.00000 F18000.00000
G1 X9.480 Y9.223 E1.00690 F3600.000
G1 X9.846 Y9.250 E1.02609
G1 X18.575 Y11.949 E1.50344
G1 X20.541 Y13.084 E1.62203
G1 X21.746 Y14.742 E1.72911
G1 X70.136 Y14.742 E4.25729
G1 X72.435 Y14.984 E4.37805
G1 X74.341 Y16.084 E4.49301
G1 X75.634 Y17.864 E4.60797
G1 X76.107 Y20.089 E4.72683
G1 X76.107 Y63.124 E6.97515
G1 X75.634 Y65.349 E7.09400
G1 X74.341 Y67.129 E7.20897
G1 X72.435 Y68.229 E7.32393
G1 X70.136 Y68.471 E7.44469
G1 X19.483 Y68.471 E10.09110
G1 X17.354 Y67.779 E10.20803
G1 X15.719 Y66.307 E10.32299
G1 X14.824 Y64.297 E10.43795
G1 X14.824 Y21.752 E12.66070
G1 X14.354 Y21.599 E12.68650
G1 X12.719 Y20.127 E12.80147
G1 X11.780 Y18.019 E12.92201
G1 X9.215 Y9.786 E13.37257
G1 X9.215 Y9.456 E13.38980
G1 X9.264 Y9.345 E13.39614
G1 X9.310 Y9.304 E13.39935
G1 X8.856 Y9.049 F7800.000
G1 X9.102 Y8.828 E13.40917 F1800.000
G1 X9.420 Y8.724 E13.41908
G1 X9.938 Y8.763 E13.43452
G1 X18.774 Y11.495 E13.70910
G1 X20.878 Y12.710 E13.78125
G1 X21.997 Y14.249 E13.83776
G1 X70.162 Y14.249 E15.26786
G1 X72.591 Y14.505 E15.34037
G1 X74.678 Y15.710 E15.41192
G1 X76.095 Y17.659 E15.48347
G1 X76.600 Y20.037 E15.55567
G1 X76.600 Y63.175 E16.83649
G1 X76.095 Y65.554 E16.90868
G1 X74.678 Y67.503 E16.98023
G1 X72.591 Y68.708 E17.05179
G1 X70.162 Y68.964 E17.12429
G1 X19.405 Y68.964 E18.63136
G1 X17.102 Y68.216 E18.70323
G1 X15.311 Y66.603 E18.77479
G1 X14.331 Y64.401 E18.84634
G1 X14.331 Y22.110 E20.10203
G1 X14.102 Y22.036 E20.10918
G1 X12.311 Y20.423 E20.18073
G1 X11.319 Y18.193 E20.25320
G1 X8.722 Y9.861 E20.51234
G1 X8.722 Y9.351 E20.52747
G1 X8.832 Y9.104 E20.53551
G1 X9.182 Y9.106 F7800.000
G1 E19.53551 F18000.00000
G92 E0
G1 X10.879 Y10.591 F7800.000
G1 E1.00000 F18000.00000
G1 X10.580 Y10.889 E1.02426 F1200.000
G1 X10.812 Y11.634 E1.06909
G1 X11.625 Y10.822 E1.13513
G1 X12.372 Y11.052 E1.18002
G1 X11.045 Y12.379 E1.28785
G1 X11.277 Y13.124 E1.33268
G1 X13.118 Y11.283 E1.48229
G1 X13.865 Y11.514 E1.52718
G1 X11.509 Y13.869 E1.71858
G1 X11.741 Y14.614 E1.76341
G1 X14.611 Y11.745 E1.99659
G1 X15.357 Y11.975 E2.04148
G1 X11.973 Y15.359 E2.31645
G1 X12.454 Y16.834 F7800.000
G1 X12.760 Y16.527 E2.34131 F1200.000
G1 X12.205 Y16.104 E2.38137
G1 X13.544 Y14.766 E2.49012
G1 X17.799 Y13.428 F7800.000
G1 X18.170 Y13.057 E2.51751 F4800.000
G1 X18.733 Y13.382 E2.55150
G1 X18.243 Y13.872 E2.58769
G1 X18.995 Y16.675 E2.73931
G1 X16.173 Y19.497 E2.94778
G1 X13.377 Y18.748 E3.09900
G1 X12.870 Y17.609 E3.16414
G1 X14.355 Y14.274 E3.35484
G1 X15.869 Y12.911 E3.46130
G1 X17.799 Y13.428 E3.56570
G1 X25.097 Y15.904 F7800.000
G1 X22.686 Y18.315 E3.74381 F4800.000
G1 X23.181 Y20.161 E3.84367
G1 X20.145 Y20.161 E4.00230
G1 X20.145 Y23.814 E4.19311
G1 X17.813 Y23.189 E4.31926
G1 X15.986 Y25.015 E4.45421
G1 X15.986 Y24.127 E4.50063
G1 X17.368 Y22.745 E4.60276
G1 X16.617 Y19.941 E4.75438
G1 X19.439 Y17.120 E4.96285
G1 X22.242 Y17.871 E5.11447
G1 X24.208 Y15.904 E5.25976
G1 X25.097 Y15.904 E5.30619
G1 X28.651 Y15.904 F7800.000
G1 X28.311 Y16.245 E5.33132 F4800.000
G1 X27.041 Y15.904 E5.40000
G1 X28.651 Y15.904 E5.48411
G1 X35.050 Y15.904 F7800.000
G1 X35.576 Y17.866 E5.59020 F4800.000
G1 X33.280 Y20.161 E5.75981
G1 X30.790 Y20.161 E5.88988
G1 X29.951 Y19.936 E5.93529
G1 X29.726 Y20.161 E5.95192
G1 X28.837 Y20.161 E5.99834
G1 X29.507 Y19.492 E6.04779
G1 X28.755 Y16.689 E6.19941
G1 X29.540 Y15.904 E6.25737
G1 X35.050 Y15.904 E6.54525
G1 X46.423 Y15.904 F7800.000
G1 X44.892 Y17.435 E6.65834 F4800.000
G1 X42.089 Y16.684 E6.80996
G1 X39.267 Y19.506 E7.01844
G1 X39.443 Y20.161 E7.05391
G1 X34.169 Y20.161 E7.32947
G1 X36.020 Y18.310 E7.46624
G1 X38.823 Y19.061 E7.61786
G1 X41.645 Y16.240 E7.82634
G1 X41.555 Y15.904 E7.84447
G1 X46.423 Y15.904 E8.09880
G1 X51.754 Y15.904 F7800.000
G1 X51.406 Y16.253 E8.12457 F4800.000
G1 X52.157 Y19.056 E8.27619
G1 X51.052 Y20.161 E8.35783
G1 X45.948 Y20.161 E8.62448
G1 X45.337 Y17.879 E8.74791
G1 X47.311 Y15.904 E8.89383
G1 X51.754 Y15.904 E9.12595
G1 X55.067 Y20.161 F7800.000
G1 X51.940 Y20.161 E9.28930 F4800.000
G1 X52.601 Y19.501 E9.33811
G1 X55.067 Y20.161 E9.47149
G1 X64.194 Y15.904 F7800.000
G1 X61.473 Y18.626 E9.67254 F4800.000
G1 X58.670 Y17.874 E9.82416
G1 X56.383 Y20.161 E9.99313
G1 X55.495 Y20.161 E10.03955
G1 X58.226 Y17.430 E10.24135
G1 X57.817 Y15.904 E10.32388
G1 X64.194 Y15.904 E10.65707
G1 X69.526 Y15.904 F7800.000
G1 X67.987 Y17.444 E10.77079 F4800.000
G1 X68.715 Y20.161 E10.91779
G1 X62.210 Y20.161 E11.25763
G1 X61.918 Y19.070 E11.31667
G1 X64.739 Y16.248 E11.52515
G1 X67.542 Y16.999 E11.67677
G1 X68.637 Y15.904 E11.75767
G1 X69.526 Y15.904 E11.80409
G1 X74.798 Y19.518 F7800.000
G1 X72.430 Y21.887 E11.97906 F4800.000
G1 X73.181 Y24.690 E12.13068
G1 X70.359 Y27.511 E12.33915
G1 X69.655 Y27.323 E12.37723
G1 X69.655 Y20.818 E12.71707
G1 X71.985 Y21.442 E12.84311
G1 X74.642 Y18.786 E13.03939
G1 X74.798 Y19.518 E13.07853
G1 X74.945 Y25.488 F7800.000
G1 X74.945 Y31.811 E13.40891 F4800.000
G1 X74.802 Y31.954 E13.41947
G1 X71.999 Y31.203 E13.57109
G1 X69.655 Y33.547 E13.74425
G1 X69.655 Y32.658 E13.79068
G1 X71.554 Y30.759 E13.93101
G1 X70.803 Y27.956 E14.08263
G1 X73.625 Y25.134 E14.29111
G1 X74.945 Y25.488 E14.36250
G1 X74.945 Y37.143 F7800.000
G1 X73.620 Y38.468 E14.46039 F4800.000
G1 X74.371 Y41.271 E14.61201
G1 X71.550 Y44.092 E14.82049
G1 X69.655 Y43.585 E14.92295
G1 X69.655 Y37.990 E15.21527
G1 X70.373 Y37.272 E15.26828
G1 X73.176 Y38.023 E15.41990
G1 X74.945 Y36.254 E15.55062
G1 X74.945 Y37.143 E15.59704
G1 X74.945 Y41.750 F7800.000
G1 X74.945 Y48.255 E15.93689 F4800.000
G1 X73.189 Y47.784 E16.03185
G1 X70.368 Y50.606 E16.24032
G1 X71.119 Y53.409 E16.39194
G1 X69.655 Y54.873 E16.50008
G1 X69.655 Y50.090 E16.74997
G1 X69.923 Y50.161 E16.76448
G1 X72.745 Y47.340 E16.97296
G1 X71.994 Y44.537 E17.12458
G1 X74.815 Y41.715 E17.33305
G1 X74.945 Y41.750 E17.34006
G1 X69.928 Y36.828 F7800.000
G1 X69.655 Y37.101 E17.36024 F4800.000
G1 X69.655 Y35.808 E17.42777
G1 X69.928 Y36.828 E17.48292
G1 X74.366 Y54.604 F7800.000
G1 X74.945 Y54.026 E17.52567 F4800.000
G1 X74.945 Y54.914 E17.57210
G1 X74.810 Y55.049 E17.58203
G1 X74.945 Y55.550 E17.60917
G1 X74.945 Y58.469 E17.76163
G1 X72.740 Y60.673 E17.92454
G1 X69.937 Y59.922 E18.07616
G1 X69.655 Y60.204 E18.09697
G1 X69.655 Y55.761 E18.32909
G1 X71.563 Y53.853 E18.47006
G1 X74.366 Y54.604 E18.62168
G1 X74.945 Y63.001 F7800.000
G1 X74.640 Y64.435 E18.69825 F4800.000
G1 X74.380 Y64.365 E18.71234
G1 X71.596 Y67.149 E18.91799
G1 X70.076 Y67.308 E18.99788
G1 X66.994 Y67.308 E19.15890
G1 X68.311 Y65.991 E19.25621
G1 X71.114 Y66.743 E19.40783
G1 X73.935 Y63.921 E19.61630
G1 X73.184 Y61.118 E19.76792
G1 X74.945 Y59.357 E19.89801
G1 X74.945 Y63.001 E20.08841
G1 X67.115 Y62.744 F7800.000
G1 X67.866 Y65.547 E20.24003 F4800.000
G1 X66.105 Y67.308 E20.37016
G1 X61.662 Y67.308 E20.60228
G1 X61.797 Y67.173 E20.61227
G1 X61.046 Y64.370 E20.76388
G1 X63.365 Y62.052 E20.93520
G1 X65.745 Y62.052 E21.05955
G1 X66.671 Y62.300 E21.10964
G1 X66.919 Y62.052 E21.12797
G1 X67.808 Y62.052 E21.17439
G1 X67.115 Y62.744 E21.22555
G1 X60.602 Y63.926 F7800.000
G1 X57.799 Y63.175 E21.37717 F4800.000
G1 X54.977 Y65.996 E21.58565
G1 X55.329 Y67.308 E21.65662
G1 X49.222 Y67.308 E21.97565
G1 X51.730 Y64.801 E22.16092
G1 X54.533 Y65.552 E22.31254
G1 X57.354 Y62.730 E22.52102
G1 X57.172 Y62.052 E22.55774
G1 X62.476 Y62.052 E22.83483
G1 X60.602 Y63.926 E22.97332
G1 X51.285 Y64.357 F7800.000
G1 X48.464 Y67.178 E23.18179 F4800.000
G1 X45.660 Y66.427 E23.33341
G1 X44.779 Y67.308 E23.39853
G1 X43.891 Y67.308 E23.44495
G1 X45.216 Y65.983 E23.54289
G1 X44.465 Y63.180 E23.69451
G1 X45.593 Y62.052 E23.77787
G1 X50.668 Y62.052 E24.04298
G1 X51.285 Y64.357 E24.16766
G1 X44.021 Y62.735 F7800.000
G1 X41.468 Y62.052 E24.30570 F4800.000
G1 X44.705 Y62.052 E24.47478
G1 X44.021 Y62.735 E24.52530
G1 X38.396 Y64.806 F7800.000
G1 X39.066 Y67.308 E24.66066 F4800.000
G1 X32.562 Y67.308 E25.00051
G1 X32.327 Y66.432 E25.04791
G1 X35.148 Y63.610 E25.25638
G1 X37.952 Y64.362 E25.40800
G1 X40.262 Y62.052 E25.57868
G1 X41.150 Y62.052 E25.62511
G1 X38.396 Y64.806 E25.82862
G1 X34.704 Y63.166 F7800.000
G1 X31.883 Y65.988 E26.03709 F4800.000
G1 X29.079 Y65.237 E26.18871
G1 X27.008 Y67.308 E26.34178
G1 X26.119 Y67.308 E26.38821
G1 X28.635 Y64.792 E26.57411
G1 X27.901 Y62.052 E26.72236
G1 X34.405 Y62.052 E27.06220
G1 X34.704 Y63.166 E27.12249
G1 X24.673 Y67.308 F7800.000
G1 X22.565 Y67.308 E27.23264 F4800.000
G1 X23.010 Y66.863 E27.26556
G1 X24.673 Y67.308 E27.35550
G1 X21.815 Y63.615 F7800.000
G1 X22.566 Y66.419 E27.50712 F4800.000
G1 X21.676 Y67.308 E27.57287
G1 X19.667 Y67.308 E27.67786
G1 X17.948 Y66.750 E27.77225
G1 X16.680 Y65.608 E27.86140
G1 X16.279 Y64.708 E27.91289
G1 X18.567 Y62.420 E28.08194
G1 X21.371 Y63.171 E28.23356
G1 X22.490 Y62.052 E28.31628
G1 X23.379 Y62.052 E28.36271
G1 X21.815 Y63.615 E28.47826
G1 X20.145 Y56.400 F7800.000
G1 X17.372 Y59.173 E28.68314 F4800.000
G1 X18.123 Y61.976 E28.83476
G1 X16.006 Y64.093 E28.99121
G1 X15.986 Y64.050 E28.99370
G1 X15.986 Y58.476 E29.28490
G1 X16.928 Y58.728 E29.33582
G1 X19.749 Y55.907 E29.54430
G1 X18.998 Y53.103 E29.69592
G1 X20.145 Y51.957 E29.78064
G1 X20.145 Y56.400 E30.01276
G1 X20.145 Y46.581 F7800.000
G1 X20.145 Y51.068 E30.24721 F4800.000
G1 X18.554 Y52.659 E30.36476
G1 X15.986 Y51.971 E30.50364
G1 X15.986 Y47.230 E30.75136
G1 X17.377 Y45.839 E30.85412
G1 X20.145 Y46.581 E31.00383
G1 X20.145 Y40.076 F7800.000
G1 X19.003 Y39.770 E31.06559 F4800.000
G1 X16.182 Y42.591 E31.27406
G1 X16.933 Y45.395 E31.42568
G1 X15.986 Y46.341 E31.49561
G1 X15.986 Y41.898 E31.72773
G1 X18.559 Y39.326 E31.91781
G1 X17.808 Y36.522 E32.06943
G1 X20.145 Y34.185 E32.24212
G1 X20.145 Y40.076 E32.54987
G1 X20.145 Y29.742 F7800.000
G1 X19.434 Y30.453 E32.60240 F4800.000
G1 X20.145 Y33.107 E32.74592
G1 X20.145 Y33.297 E32.75584
G1 X17.363 Y36.078 E32.96135
G1 X15.986 Y35.709 E33.03584
G1 X15.986 Y29.458 E33.36242
G1 X16.186 Y29.258 E33.37722
G1 X18.990 Y30.009 E33.52884
G1 X20.145 Y28.854 E33.61420
G1 X20.145 Y29.742 E33.66062
M106 S158.1
G1 Z1.100 F7800.000
G1 X20.679 Y20.695 F7800.000
G1 X69.121 Y20.695 E36.19147 F3600.000
G1 X69.121 Y61.517 E38.32421
G1 X20.679 Y61.517 E40.85506
G1 X20.679 Y20.755 E42.98467
G1 X21.307 Y21.324 F7800.000
G1 X68.493 Y21.324 E45.44987 F3600.000
G1 X68.493 Y60.889 E47.51696
G1 X21.307 Y60.889 E49.98215
G1 X21.307 Y21.384 E52.04611
G1 X21.800 Y21.816 F7800.000
G1 X68.000 Y21.816 E53.41785 F1800.000
G1 X68.000 Y60.396 E54.56334
G1 X21.800 Y60.396 E55.93508
G1 X21.800 Y21.876 E57.07878
G1 X21.800 Y21.416 F7800.000
G1 X15.452 Y21.295 F7800.000
G1 X14.675 Y21.043 E57.12146 F3600.000
G1 X13.238 Y19.749 E57.22247
G1 X12.369 Y17.797 E57.33411
G1 X10.365 Y11.365 E57.68612
G1 X10.365 Y10.881 E57.71137
G1 X10.475 Y10.635 E57.72547
G1 X10.675 Y10.454 E57.73958
G1 X10.942 Y10.367 E57.75421
G1 X11.494 Y10.417 E57.78319
G1 X18.322 Y12.528 E58.15659
G1 X20.111 Y13.561 E58.26451
G1 X21.425 Y15.370 E58.38134
G1 X70.104 Y15.370 E60.92452
G1 X72.237 Y15.595 E61.03658
G1 X73.911 Y16.561 E61.13759
G1 X75.048 Y18.125 E61.23860
G1 X75.479 Y20.155 E61.34702
G1 X75.479 Y63.058 E63.58845
G1 X75.048 Y65.088 E63.69687
G1 X73.911 Y66.652 E63.79788
G1 X72.237 Y67.618 E63.89889
G1 X70.104 Y67.843 E64.01095
G1 X19.582 Y67.843 E66.65045
G1 X17.675 Y67.223 E66.75519
G1 X16.239 Y65.929 E66.85620
G1 X15.452 Y64.163 E66.95721
G1 X15.452 Y21.355 E69.19369
G1 X14.824 Y21.752 F7800.000
G1 X14.354 Y21.599 E69.21950 F3600.000
G1 X12.719 Y20.127 E69.33446
G1 X11.780 Y18.019 E69.45500
G1 X9.736 Y11.460 E69.81393
G1 X9.736 Y10.748 E69.85114
G1 X9.955 Y10.257 E69.87921
G1 X10.354 Y9.898 E69.90727
G1 X10.870 Y9.730 E69.93561
G1 X11.616 Y9.798 E69.97477
G1 X18.575 Y11.949 E70.35530 F3600.000
G1 X20.541 Y13.084 E70.47389
G1 X21.746 Y14.742 E70.58097
G1 X70.136 Y14.742 E73.10915
G1 X72.435 Y14.984 E73.22991
G1 X74.341 Y16.084 E73.34487
G1 X75.634 Y17.864 E73.45984
G1 X76.107 Y20.089 E73.57869
G1 X76.107 Y63.124 E75.82702
G1 X75.634 Y65.349 E75.94587
G1 X74.341 Y67.129 E76.06083
G1 X72.435 Y68.229 E76.17579
G1 X70.136 Y68.471 E76.29655
G1 X19.483 Y68.471 E78.94297
G1 X17.354 Y67.779 E79.05989
G1 X15.719 Y66.307 E79.17485
G1 X14.824 Y64.297 E79.28981
G1 X14.824 Y21.812 E81.50943
G1 X14.331 Y22.110 F7800.000
G1 X14.102 Y22.036 E81.51657 F1800.000
G1 X12.311 Y20.423 E81.58813
G1 X11.319 Y18.193 E81.66059
G1 X9.244 Y11.535 E81.86766
G1 X9.244 Y10.643 E81.89414
G1 X9.547 Y9.961 E81.91631
G1 X10.102 Y9.461 E81.93848
G1 X10.814 Y9.230 E81.96069
G1 X11.712 Y9.312 E81.98748
G1 X18.774 Y11.495 E82.20693 F1800.000
G1 X20.878 Y12.710 E82.27908
G1 X21.997 Y14.249 E82.33559
G1 X70.162 Y14.249 E83.76569
G1 X72.591 Y14.505 E83.83819
G1 X74.678 Y15.710 E83.90975
G1 X76.095 Y17.659 E83.98130
G1 X76.600 Y20.037 E84.05349
G1 X76.600 Y63.175 E85.33432
G1 X76.095 Y65.554 E85.40651
G1 X74.678 Y67.503 E85.47806
G1 X72.591 Y68.708 E85.54961
G1 X70.162 Y68.964 E85.62212
G1 X19.405 Y68.964 E87.12918
G1 X17.102 Y68.216 E87.20106
G1 X15.311 Y66.603 E87.27261
G1 X14.331 Y64.401 E87.34417
G1 X14.331 Y22.170 E88.59808
G1 X14.381 Y21.874 F7800.000
G1 X13.208 Y18.202 F7800.000
G1 X12.902 Y17.896 E88.62171 F1200.000
G1 X13.509 Y17.574 E88.65924
G1 X12.401 Y16.466 E88.74481
G1 X11.981 Y15.117 E88.82199
G1 X13.795 Y16.932 E88.96214
G1 X14.082 Y16.289 E89.00056
G1 X11.560 Y13.768 E89.19528
G1 X11.140 Y12.418 E89.27246
G1 X14.368 Y15.646 E89.52175
G1 X14.654 Y15.004 E89.56017
G1 X10.745 Y11.095 E89.86201
G1 X11.419 Y10.840 E89.90136
G1 X15.164 Y14.585 E90.19057
G1 X15.865 Y14.357 E90.23082
G1 X12.764 Y11.256 E90.47034
G1 X14.108 Y11.672 E90.54718
G1 X16.566 Y14.130 E90.73701
G1 X17.230 Y13.865 E90.77605
G1 X15.453 Y12.087 E90.91333
G1 X16.797 Y12.503 E90.99018
G1 X17.117 Y12.822 E91.01485
G1 X18.107 Y13.021 F7800.000
G1 X17.615 Y12.869 E91.04177 F4800.000
G1 X17.672 Y13.394 E91.06937
G1 X17.799 Y13.428 E91.07625
G1 X18.832 Y17.282 E91.28472
G1 X16.780 Y19.334 E91.43634
G1 X17.813 Y23.189 E91.64482
G1 X20.145 Y23.814 E91.77097
G1 X20.145 Y20.161 E91.96178
G1 X22.856 Y20.161 E92.10341
G1 X22.242 Y17.871 E92.22730
G1 X19.439 Y17.120 E92.37892
G1 X18.406 Y13.265 E92.58740
G1 X18.452 Y13.220 E92.59076
G1 X18.107 Y13.021 E92.61155
G1 X16.173 Y19.497 F7800.000
G1 X13.451 Y18.768 E92.75876 F4800.000
G1 X13.419 Y18.841 E92.76295
G1 X13.680 Y19.428 E92.79654
G1 X14.948 Y20.570 E92.88569
G1 X15.986 Y20.907 E92.94270
G1 X15.986 Y24.571 E93.13411
G1 X17.206 Y23.351 E93.22422
G1 X16.173 Y19.497 E93.43269
G1 X16.186 Y29.258 F7800.000
G1 X15.986 Y28.511 E93.47312 F4800.000
G1 X15.986 Y35.709 E93.84920
G1 X17.363 Y36.078 E93.92370
G1 X18.396 Y39.932 E94.13217
G1 X16.344 Y41.985 E94.28379
G1 X17.377 Y45.839 E94.49227
G1 X20.145 Y46.581 E94.64198
G1 X20.145 Y40.076 E94.98183
G1 X19.003 Y39.770 E95.04359
G1 X17.970 Y35.915 E95.25206
G1 X20.022 Y33.863 E95.40368
G1 X18.990 Y30.009 E95.61216
G1 X16.186 Y29.258 E95.76377
G1 X20.145 Y31.893 F7800.000
G1 X20.145 Y29.298 E95.89935 F4800.000
G1 X19.597 Y29.846 E95.93986
G1 X20.145 Y31.893 E96.05055
G1 X16.770 Y46.002 F7800.000
G1 X15.986 Y43.076 E96.20878 F4800.000
G1 X15.986 Y46.785 E96.40256
G1 X16.770 Y46.002 E96.46047
G1 X18.554 Y52.659 F7800.000
G1 X15.986 Y51.971 E96.59935 F4800.000
G1 X15.986 Y58.476 E96.93920
G1 X16.928 Y58.728 E96.99012
G1 X17.960 Y62.583 E97.19860
G1 X16.142 Y64.401 E97.33292
G1 X16.680 Y65.608 E97.40199
G1 X17.948 Y66.750 E97.49114
G1 X19.667 Y67.308 E97.58553
G1 X22.120 Y67.308 E97.71373
G1 X22.403 Y67.026 E97.73464
G1 X21.371 Y63.171 E97.94311
G1 X18.567 Y62.420 E98.09473
G1 X17.535 Y58.566 E98.30321
G1 X19.587 Y56.514 E98.45483
G1 X18.554 Y52.659 E98.66330
G1 X20.145 Y56.169 F7800.000
G1 X20.145 Y51.512 E98.90660 F4800.000
G1 X19.161 Y52.497 E98.97931
G1 X20.145 Y56.169 E99.17796
G1 E98.17796 F18000.00000
G92 E0
G1 X28.472 Y65.399 F7800.000
G1 E1.00000 F18000.00000
G1 X27.575 Y62.052 E1.18108 F4800.000
G1 X22.934 Y62.052 E1.42354
G1 X21.977 Y63.009 E1.49425
G1 X23.010 Y66.863 E1.70272
G1 X24.673 Y67.308 E1.79266
G1 X26.563 Y67.308 E1.89142
G1 X28.472 Y65.399 E2.03247
G1 X34.542 Y63.773 F7800.000
G1 X34.080 Y62.052 E2.12559 F4800.000
G1 X28.226 Y62.052 E2.43145
G1 X29.079 Y65.237 E2.60373
G1 X31.883 Y65.988 E2.75535
G1 X32.236 Y67.308 E2.82678
G1 X32.887 Y67.308 E2.86077
G1 X32.489 Y65.825 E2.94099
G1 X34.542 Y63.773 E3.09261
G1 X40.611 Y62.147 F7800.000
G1 X40.585 Y62.052 E3.09777 F4800.000
G1 X34.731 Y62.052 E3.40363
G1 X35.148 Y63.610 E3.48795
G1 X37.952 Y64.362 E3.63957
G1 X38.741 Y67.308 E3.79896
G1 X39.392 Y67.308 E3.83295
G1 X38.559 Y64.199 E4.00113
G1 X40.611 Y62.147 E4.15275
G1 X44.628 Y62.573 F7800.000
G1 X45.149 Y62.052 E4.19126 F4800.000
G1 X41.468 Y62.052 E4.38355
G1 X44.021 Y62.735 E4.52159
G1 X45.054 Y66.590 E4.73007
G1 X44.335 Y67.308 E4.78317
G1 X48.499 Y67.308 E5.00070
G1 X48.464 Y67.178 E5.00774
G1 X45.660 Y66.427 E5.15936
G1 X44.628 Y62.573 E5.36783
G1 X51.730 Y64.801 F7800.000
G1 X50.993 Y62.052 E5.51654 F4800.000
G1 X50.342 Y62.052 E5.55053
G1 X51.123 Y64.964 E5.70804
G1 X49.071 Y67.016 E5.85965
G1 X49.149 Y67.308 E5.87549
G1 X55.003 Y67.308 E6.18135
G1 X54.533 Y65.552 E6.27635
G1 X51.730 Y64.801 E6.42797
G1 X57.799 Y63.175 F7800.000
G1 X57.498 Y62.052 E6.48872 F4800.000
G1 X56.847 Y62.052 E6.52271
G1 X57.192 Y63.337 E6.59226
G1 X55.140 Y65.389 E6.74388
G1 X55.654 Y67.308 E6.84767
G1 X61.508 Y67.308 E7.15353
G1 X60.602 Y63.926 E7.33649
G1 X57.799 Y63.175 E7.48811
G1 X66.671 Y62.300 F7800.000
G1 X65.745 Y62.052 E7.53820 F4800.000
G1 X62.920 Y62.052 E7.68576
G1 X61.209 Y63.763 E7.81223
G1 X62.159 Y67.308 E8.00398
G1 X66.549 Y67.308 E8.23337
G1 X67.704 Y66.154 E8.31866
G1 X66.671 Y62.300 E8.52714
G1 X69.937 Y59.922 F7800.000
G1 X69.655 Y58.871 E8.58401 F4800.000
G1 X69.655 Y62.052 E8.75017
G1 X67.363 Y62.052 E8.86991
G1 X67.278 Y62.137 E8.87623
G1 X68.311 Y65.991 E9.08470
G1 X71.114 Y66.743 E9.23632
G1 X71.233 Y67.187 E9.26035
G1 X71.865 Y67.120 E9.29359
G1 X71.721 Y66.580 E9.32282
G1 X73.773 Y64.528 E9.47444
G1 X72.740 Y60.673 E9.68291
G1 X69.937 Y59.922 E9.83453
G1 X74.945 Y63.001 F7800.000
G1 X74.945 Y58.913 E10.04814 F4800.000
G1 X73.347 Y60.511 E10.16621
G1 X74.380 Y64.365 E10.37469
G1 X74.640 Y64.435 E10.38878
G1 X74.945 Y63.001 E10.46535
G1 X69.923 Y50.161 F7800.000
G1 X69.655 Y50.090 E10.47986 F4800.000
G1 X69.655 Y55.317 E10.75296
G1 X70.956 Y54.016 E10.84908
G1 X69.923 Y50.161 E11.05756
G1 X74.945 Y41.750 F7800.000
G1 X74.945 Y36.698 E11.32147 F4800.000
G1 X73.783 Y37.861 E11.40734
G1 X74.815 Y41.715 E11.61582
G1 X74.945 Y41.750 E11.62282
G1 X70.373 Y37.272 F7800.000
G1 X69.655 Y34.595 E11.76765 F4800.000
G1 X69.655 Y37.022 E11.89448
G1 X69.766 Y37.435 E11.91680
G1 X69.655 Y37.545 E11.92496
G1 X69.655 Y43.585 E12.24049
G1 X71.550 Y44.092 E12.34296
G1 X72.582 Y47.947 E12.55144
G1 X70.530 Y49.999 E12.70305
G1 X71.563 Y53.853 E12.91153
G1 X74.366 Y54.604 E13.06315
G1 X74.945 Y56.764 E13.17997
G1 X74.945 Y48.255 E13.62455
G1 X73.189 Y47.784 E13.71952
G1 X72.156 Y43.930 E13.92799
G1 X74.209 Y41.878 E14.07961
G1 X73.176 Y38.023 E14.28809
G1 X70.373 Y37.272 E14.43971
G1 X70.359 Y27.511 F7800.000
G1 X69.655 Y27.323 E14.47778 F4800.000
G1 X69.655 Y33.102 E14.77975
G1 X71.392 Y31.366 E14.90807
G1 X70.359 Y27.511 E15.11654
G1 X70.076 Y15.904 F7800.000
G1 X69.082 Y15.904 E15.16847 F4800.000
G1 X68.149 Y16.837 E15.23736
G1 X69.040 Y20.161 E15.41718
G1 X69.655 Y20.161 E15.44931
G1 X69.655 Y20.818 E15.48361
G1 X71.985 Y21.442 E15.60964
G1 X73.018 Y25.297 E15.81812
G1 X70.966 Y27.349 E15.96974
G1 X71.999 Y31.203 E16.17821
G1 X74.802 Y31.954 E16.32983
G1 X74.945 Y32.488 E16.35869
G1 X74.945 Y25.488 E16.72442
G1 X73.625 Y25.134 E16.79581
G1 X72.592 Y21.280 E17.00429
G1 X74.644 Y19.228 E17.15591
G1 X74.326 Y18.041 E17.22006
G1 X73.546 Y16.967 E17.28945
G1 X72.068 Y16.114 E17.37859
G1 X70.076 Y15.904 E17.48326
G1 X64.647 Y15.904 F7800.000
G1 X63.997 Y15.904 E17.51725 F4800.000
G1 X64.132 Y16.411 E17.54464
G1 X62.080 Y18.463 E17.69626
G1 X62.535 Y20.161 E17.78812
G1 X68.390 Y20.161 E18.09398
G1 X67.542 Y16.999 E18.26501
G1 X64.739 Y16.248 E18.41663
G1 X64.647 Y15.904 E18.43523
G1 X58.142 Y15.904 F7800.000
G1 X57.492 Y15.904 E18.46921 F4800.000
G1 X58.063 Y18.037 E18.58456
G1 X56.011 Y20.089 E18.73618
G1 X56.030 Y20.161 E18.74009
G1 X61.885 Y20.161 E19.04595
G1 X61.473 Y18.626 E19.12902
G1 X58.670 Y17.874 E19.28064
G1 X58.142 Y15.904 E19.38719
G1 X51.637 Y15.904 F7800.000
G1 X50.987 Y15.904 E19.42118 F4800.000
G1 X51.994 Y19.663 E19.62449
G1 X51.496 Y20.161 E19.66129
G1 X55.067 Y20.161 E19.84785
G1 X52.601 Y19.501 E19.98122
G1 X51.637 Y15.904 E20.17573
G1 X46.867 Y15.904 F7800.000
G1 X41.880 Y15.904 E20.43628 F4800.000
G1 X42.089 Y16.684 E20.47845
G1 X44.892 Y17.435 E20.63007
G1 X45.623 Y20.161 E20.77753
G1 X46.273 Y20.161 E20.81151
G1 X45.499 Y17.272 E20.96777
G1 X46.867 Y15.904 E21.06885
G1 X41.230 Y15.904 F7800.000
G1 X35.375 Y15.904 E21.37471 F4800.000
G1 X36.020 Y18.310 E21.50483
G1 X38.823 Y19.061 E21.65645
G1 X39.118 Y20.161 E21.71595
G1 X39.768 Y20.161 E21.74993
G1 X39.430 Y18.899 E21.81823
G1 X41.482 Y16.847 E21.96985
G1 X41.230 Y15.904 E22.02081
G1 X34.725 Y15.904 F7800.000
G1 X29.096 Y15.904 E22.31491 F4800.000
G1 X28.918 Y16.082 E22.32803
G1 X29.951 Y19.936 E22.53650
G1 X30.790 Y20.161 E22.58192
G1 X33.724 Y20.161 E22.73520
G1 X35.413 Y18.473 E22.85996
G1 X34.725 Y15.904 E22.99888
G1 X27.041 Y15.904 F7800.000
G1 X24.653 Y15.904 E23.12368 F4800.000
G1 X22.849 Y17.708 E23.25695
G1 X23.506 Y20.161 E23.38964
G1 X29.282 Y20.161 E23.69137
G1 X29.344 Y20.099 E23.69598
G1 X28.311 Y16.245 E23.90445
G1 X27.041 Y15.904 E23.97313
G1 Z1.300 F7800.000
G1 X20.679 Y20.695 F7800.000
G1 X69.121 Y20.695 E26.50398 F3600.000
G1 X69.121 Y61.517 E28.63672
G1 X20.679 Y61.517 E31.16757
G1 X20.679 Y20.755 E33.29718
G1 X21.307 Y21.324 F7800.000
G1 X68.493 Y21.324 E35.76238 F3600.000
G1 X68.493 Y60.889 E37.82947
G1 X21.307 Y60.889 E40.29466
G1 X21.307 Y21.384 E42.35862
G1 X21.800 Y21.816 F7800.000
G1 X68.000 Y21.816 E43.73036 F1800.000
G1 X68.000 Y60.396 E44.87585
G1 X21.800 Y60.396 E46.24759
G1 X21.800 Y21.876 E47.39129
G1 X21.800 Y21.416 F7800.000
G1 X15.452 Y21.295 F7800.000
G1 X14.675 Y21.043 E47.43397 F3600.000
G1 X13.238 Y19.749 E47.53498
G1 X12.369 Y17.797 E47.64662
G1 X10.887 Y13.039 E47.90700
G1 X10.887 Y12.174 E47.95222
G1 X11.166 Y11.547 E47.98805
G1 X11.675 Y11.088 E48.02389
G1 X12.333 Y10.874 E48.06000
G1 X13.265 Y10.965 E48.10896
G1 X18.322 Y12.528 E48.38549
G1 X20.111 Y13.561 E48.49341
G1 X21.425 Y15.370 E48.61024
G1 X70.104 Y15.370 E51.15342
G1 X72.237 Y15.595 E51.26548
G1 X73.911 Y16.561 E51.36649
G1 X75.048 Y18.125 E51.46750
G1 X75.479 Y20.155 E51.57592
G1 X75.479 Y63.058 E53.81735
G1 X75.048 Y65.088 E53.92578
G1 X73.911 Y66.652 E54.02678
G1 X72.237 Y67.618 E54.12779
G1 X70.104 Y67.843 E54.23985
G1 X19.582 Y67.843 E56.87935
G1 X17.675 Y67.223 E56.98409
G1 X16.239 Y65.929 E57.08510
G1 X15.452 Y64.163 E57.18611
G1 X15.452 Y21.355 E59.42259
G1 X14.824 Y21.752 F7800.000
G1 X14.354 Y21.599 E59.44840 F3600.000
G1 X12.719 Y20.127 E59.56336
G1 X11.780 Y18.019 E59.68390
G1 X10.258 Y13.135 E59.95119
G1 X10.258 Y12.040 E60.00839
G1 X10.646 Y11.169 E60.05818
G1 X11.354 Y10.532 E60.10797
G1 X12.263 Y10.236 E60.15790
G1 X13.390 Y10.346 E60.21704
G1 X18.575 Y11.949 E60.50060 F3600.000
G1 X20.541 Y13.084 E60.61919
G1 X21.746 Y14.742 E60.72627
G1 X70.136 Y14.742 E63.25445
G1 X72.435 Y14.984 E63.37521
G1 X74.341 Y16.084 E63.49017
G1 X75.634 Y17.864 E63.60514
G1 X76.107 Y20.089 E63.72399
G1 X76.107 Y63.124 E65.97231
G1 X75.634 Y65.349 E66.09117
G1 X74.341 Y67.129 E66.20613
G1 X72.435 Y68.229 E66.32109
G1 X70.136 Y68.471 E66.44185
G1 X19.483 Y68.471 E69.08826
G1 X17.354 Y67.779 E69.20519
G1 X15.719 Y66.307 E69.32015
G1 X14.824 Y64.297 E69.43511
G1 X14.824 Y21.812 E71.65473
G1 X14.331 Y22.110 F7800.000
G1 X14.102 Y22.036 E71.66187 F1800.000
G1 X12.311 Y20.423 E71.73343
G1 X11.319 Y18.193 E71.80589
G1 X9.766 Y13.210 E71.96088
G1 X9.766 Y11.935 E71.99872
G1 X10.238 Y10.873 E72.03324
G1 X11.102 Y10.095 E72.06775
G1 X12.209 Y9.736 E72.10229
G1 X13.487 Y9.860 E72.14044
G1 X18.774 Y11.495 E72.30472 F1800.000
G1 X20.878 Y12.710 E72.37687
G1 X21.997 Y14.249 E72.43338
G1 X70.162 Y14.249 E73.86348
G1 X72.591 Y14.505 E73.93599
G1 X74.678 Y15.710 E74.00754
G1 X76.095 Y17.659 E74.07909
G1 X76.600 Y20.037 E74.15128
G1 X76.600 Y63.175 E75.43211
G1 X76.095 Y65.554 E75.50430
G1 X74.678 Y67.503 E75.57585
G1 X72.591 Y68.708 E75.64741
G1 X70.162 Y68.964 E75.71991
G1 X19.405 Y68.964 E77.22698
G1 X17.102 Y68.216 E77.29885
G1 X15.311 Y66.603 E77.37040
G1 X14.331 Y64.401 E77.44196
G1 X14.331 Y22.170 E78.69587
G1 X14.381 Y21.874 F7800.000
G1 X13.947 Y18.790 F7800.000
G1 X13.672 Y19.065 E78.71705 F1200.000
G1 X13.132 Y18.678 E78.75320
G1 X14.690 Y17.120 E78.87319
G1 X16.925 Y14.885 F7800.000
G1 X18.523 Y13.287 E78.99626 F1200.000
G1 X18.613 Y14.124 E79.04207
G1 X18.297 Y14.439 E79.06639
G1 X18.070 Y12.814 F7800.000
G1 X12.846 Y18.038 E79.46866 F1200.000
G1 X12.597 Y17.361 E79.50793
G1 X17.363 Y12.595 E79.87492
G1 X16.655 Y12.377 F7800.000
G1 X12.377 Y16.655 E80.20438 F1200.000
G1 X12.157 Y15.949 E80.24466
G1 X15.948 Y12.158 E80.53658
G1 X15.240 Y11.939 E80.57691
G1 X11.937 Y15.243 E80.83130
G1 X11.717 Y14.537 E80.87157
G1 X14.533 Y11.721 E81.08844
G1 X13.826 Y11.502 E81.12876
G1 X11.497 Y13.831 E81.30808
G1 X11.277 Y13.124 E81.34836
G1 X13.084 Y11.318 E81.48750
G1 X12.011 Y11.464 E81.54646
G1 X11.435 Y12.041 E81.59083
G1 X19.746 Y13.967 F7800.000
G1 X19.015 Y13.545 E81.63491 F4800.000
G1 X19.140 Y14.715 E81.69639
G1 X18.523 Y14.916 E81.73030
G1 X18.995 Y16.675 E81.82548
G1 X22.849 Y17.708 E82.03396
G1 X24.653 Y15.904 E82.16723
G1 X21.153 Y15.904 E82.35006
G1 X19.746 Y13.967 E82.47518
G1 X22.686 Y18.315 F7800.000
G1 X18.832 Y17.282 E82.68365 F4800.000
G1 X16.780 Y19.334 E82.83527
G1 X14.561 Y18.740 E82.95529
G1 X14.302 Y19.321 E82.98853
G1 X16.617 Y19.941 E83.11375
G1 X17.368 Y22.745 E83.26537
G1 X20.145 Y23.488 E83.41555
G1 X20.145 Y20.161 E83.58937
G1 X23.181 Y20.161 E83.74800
G1 X22.686 Y18.315 E83.84786
G1 X20.145 Y24.139 F7800.000
G1 X17.206 Y23.351 E84.00683 F4800.000
G1 X15.986 Y24.571 E84.09694
G1 X15.986 Y28.879 E84.32201
G1 X19.597 Y29.846 E84.51729
G1 X20.145 Y29.298 E84.55780
G1 X20.145 Y24.139 E84.82734
G1 X19.434 Y30.453 F7800.000
G1 X15.986 Y29.529 E85.01382 F4800.000
G1 X15.986 Y35.384 E85.31968
G1 X17.970 Y35.915 E85.42700
G1 X20.022 Y33.863 E85.57861
G1 X20.145 Y33.896 E85.58524
G1 X20.145 Y33.107 E85.62649
G1 X19.434 Y30.453 E85.77001
G1 X17.808 Y36.522 F7800.000
G1 X15.986 Y36.034 E85.86853 F4800.000
G1 X15.986 Y41.889 E86.17439
G1 X16.344 Y41.985 E86.19375
G1 X18.396 Y39.932 E86.34537
G1 X20.145 Y40.401 E86.43995
G1 X20.145 Y39.751 E86.47394
G1 X18.559 Y39.326 E86.55972
G1 X17.808 Y36.522 E86.71134
G1 X16.182 Y42.591 F7800.000
G1 X15.986 Y42.539 E86.72191 F4800.000
G1 X15.986 Y46.785 E86.94375
G1 X16.770 Y46.002 E87.00167
G1 X20.145 Y46.906 E87.18421
G1 X20.145 Y46.255 E87.21819
G1 X16.933 Y45.395 E87.39194
G1 X16.182 Y42.591 E87.54356
G1 X20.145 Y56.013 F7800.000
G1 X20.145 Y51.512 E87.77867 F4800.000
G1 X19.161 Y52.497 E87.85138
G1 X15.986 Y51.646 E88.02309
G1 X15.986 Y52.296 E88.05708
G1 X18.998 Y53.103 E88.21999
G1 X19.749 Y55.907 E88.37161
G1 X20.145 Y56.013 E88.39301
G1 X20.145 Y56.663 F7800.000
G1 X19.587 Y56.514 E88.42320 F4800.000
G1 X17.535 Y58.566 E88.57482
G1 X15.986 Y58.151 E88.65857
G1 X15.986 Y58.801 E88.69255
G1 X17.372 Y59.173 E88.76751
G1 X18.123 Y61.976 E88.91913
G1 X21.977 Y63.009 E89.12760
G1 X22.934 Y62.052 E89.19831
G1 X20.145 Y62.052 E89.34405
G1 X20.145 Y56.663 E89.62557
G1 X21.815 Y63.615 F7800.000
G1 X17.960 Y62.583 E89.83404 F4800.000
G1 X16.142 Y64.401 E89.96837
G1 X16.680 Y65.608 E90.03744
G1 X17.948 Y66.750 E90.12658
G1 X19.667 Y67.308 E90.22098
G1 X22.120 Y67.308 E90.34918
G1 X22.403 Y67.026 E90.37008
G1 X23.459 Y67.308 E90.42720
G1 X25.887 Y67.308 E90.55403
G1 X22.566 Y66.419 E90.73365
G1 X21.815 Y63.615 E90.88527
G1 X32.327 Y66.432 F7800.000
G1 X28.472 Y65.399 E91.09375 F4800.000
G1 X26.563 Y67.308 E91.23480
G1 X32.562 Y67.308 E91.54819
G1 X32.327 Y66.432 E91.59559
G1 X34.704 Y63.166 F7800.000
G1 X34.405 Y62.052 E91.65588 F4800.000
G1 X27.901 Y62.052 E91.99572
G1 X28.635 Y64.792 E92.14397
G1 X32.489 Y65.825 E92.35245
G1 X34.542 Y63.773 E92.50407
G1 X38.396 Y64.806 E92.71254
G1 X39.066 Y67.308 E92.84790
G1 X44.335 Y67.308 E93.12315
G1 X45.054 Y66.590 E93.17624
G1 X47.736 Y67.308 E93.32132
G1 X55.329 Y67.308 E93.71801
G1 X54.977 Y65.996 E93.78898
G1 X51.123 Y64.964 E93.99745
G1 X49.071 Y67.016 E94.14907
G1 X45.216 Y65.983 E94.35755
G1 X44.465 Y63.180 E94.50917
G1 X40.611 Y62.147 E94.71764
G1 X38.559 Y64.199 E94.86926
G1 X34.704 Y63.166 E95.07774
G1 X44.628 Y62.573 F7800.000
G1 X45.149 Y62.052 E95.11625 F4800.000
G1 X42.682 Y62.052 E95.24512
G1 X44.628 Y62.573 E95.35034
G1 X67.115 Y62.744 F7800.000
G1 X64.531 Y62.052 E95.49011 F4800.000
G1 X62.920 Y62.052 E95.57425
G1 X61.209 Y63.763 E95.70073
G1 X57.354 Y62.730 E95.90920
G1 X57.172 Y62.052 E95.94592
G1 X50.668 Y62.052 E96.28577
G1 X51.285 Y64.357 E96.41045
G1 X55.140 Y65.389 E96.61892
G1 X57.192 Y63.337 E96.77054
G1 X61.046 Y64.370 E96.97902
G1 X61.797 Y67.173 E97.13064
G1 X62.301 Y67.308 E97.15791
G1 X66.549 Y67.308 E97.37984
G1 X67.704 Y66.154 E97.46513
G1 X71.466 Y67.162 E97.66865
G1 X72.068 Y67.099 E97.70026
G1 X73.546 Y66.246 E97.78940
G1 X74.549 Y64.865 E97.87855
G1 X74.575 Y64.743 E97.88511
G1 X73.773 Y64.528 E97.92849
G1 X71.721 Y66.580 E98.08011
G1 X67.866 Y65.547 E98.28858
G1 X67.115 Y62.744 E98.44020
G1 X67.278 Y62.137 F7800.000
G1 X67.363 Y62.052 E98.44652 F4800.000
G1 X66.959 Y62.052 E98.46766
G1 X67.278 Y62.137 E98.48492
G1 X74.945 Y63.001 F7800.000
G1 X74.945 Y58.913 E98.69853 F4800.000
G1 X73.347 Y60.511 E98.81660
G1 X69.655 Y59.522 E99.01629
G1 X69.655 Y60.172 E99.05027
G1 X73.184 Y61.118 E99.24116
G1 X73.935 Y63.921 E99.39278
G1 X74.706 Y64.127 E99.43444
G1 X74.945 Y63.001 E99.49457
G1 X70.368 Y50.606 F7800.000
G1 X69.655 Y50.415 E99.53311 F4800.000
G1 X69.655 Y55.317 E99.78922
G1 X70.956 Y54.016 E99.88534
G1 X74.810 Y55.049 E100.09382
G1 X74.945 Y55.550 E100.12096
G1 X74.945 Y54.434 E100.17927
G1 X71.119 Y53.409 E100.38622
G1 X70.368 Y50.606 E100.53784
G1 X71.994 Y44.537 F7800.000
G1 X69.655 Y43.910 E100.66434 F4800.000
G1 X69.655 Y49.764 E100.97020
G1 X70.530 Y49.999 E101.01753
G1 X72.582 Y47.947 E101.16915
G1 X74.945 Y48.580 E101.29694
G1 X74.945 Y47.929 E101.33093
G1 X72.745 Y47.340 E101.44992
G1 X71.994 Y44.537 E101.60154
G1 X73.620 Y38.468 F7800.000
G1 X69.766 Y37.435 E101.81001 F4800.000
G1 X69.655 Y37.545 E101.81818
G1 X69.655 Y43.260 E102.11672
G1 X72.156 Y43.930 E102.25201
G1 X74.209 Y41.878 E102.40363
G1 X74.945 Y42.075 E102.44346
G1 X74.945 Y41.425 E102.47745
G1 X74.371 Y41.271 E102.50848
G1 X73.620 Y38.468 E102.66010
G1 X74.945 Y32.318 F7800.000
G1 X71.392 Y31.366 E102.85228 F4800.000
G1 X69.655 Y33.102 E102.98060
G1 X69.655 Y35.808 E103.12197
G1 X69.928 Y36.828 E103.17711
G1 X73.783 Y37.861 E103.38559
G1 X74.945 Y36.698 E103.47147
G1 X74.945 Y32.318 E103.70033
G1 X74.945 Y25.813 F7800.000
G1 X73.018 Y25.297 E103.80455 F4800.000
G1 X70.966 Y27.349 E103.95617
G1 X69.655 Y26.997 E104.02707
G1 X69.655 Y27.648 E104.06106
G1 X70.803 Y27.956 E104.12317
G1 X71.554 Y30.759 E104.27478
G1 X74.945 Y31.667 E104.45817
G1 X74.945 Y25.813 E104.76403
G1 X74.741 Y19.254 F7800.000
G1 X74.644 Y19.228 E104.76928 F4800.000
G1 X72.592 Y21.280 E104.92090
G1 X69.655 Y20.493 E105.07976
G1 X69.655 Y21.143 E105.11374
G1 X72.430 Y21.887 E105.26381
G1 X73.181 Y24.690 E105.41543
G1 X74.945 Y25.162 E105.51085
G1 X74.945 Y20.211 E105.76952
G1 X74.741 Y19.254 E105.82068
G1 X69.082 Y15.904 F7800.000
G1 X64.670 Y15.904 E106.05117 F4800.000
G1 X68.149 Y16.837 E106.23937
G1 X69.082 Y15.904 E106.30826
G1 X57.817 Y15.904 F7800.000
G1 X50.104 Y15.904 E106.71122 F4800.000
G1 X51.406 Y16.253 E106.78163
G1 X52.157 Y19.056 E106.93324
G1 X56.011 Y20.089 E107.14172
G1 X58.063 Y18.037 E107.29334
G1 X61.918 Y19.070 E107.50182
G1 X62.210 Y20.161 E107.56085
G1 X68.715 Y20.161 E107.90070
G1 X67.987 Y17.444 E108.04770
G1 X64.132 Y16.411 E108.25617
G1 X62.080 Y18.463 E108.40779
G1 X58.226 Y17.430 E108.61627
G1 X57.817 Y15.904 E108.69879
G1 X53.853 Y20.161 F7800.000
G1 X51.994 Y19.663 E108.79934 F4800.000
G1 X51.496 Y20.161 E108.83614
G1 X53.853 Y20.161 E108.95928
G1 X46.867 Y15.904 F7800.000
G1 X41.555 Y15.904 E109.23682 F4800.000
G1 X41.645 Y16.240 E109.25496
G1 X45.499 Y17.272 E109.46343
G1 X46.867 Y15.904 E109.56451
G1 X35.576 Y17.866 F7800.000
G1 X35.050 Y15.904 E109.67061 F4800.000
G1 X29.096 Y15.904 E109.98169
G1 X28.918 Y16.082 E109.99482
G1 X28.255 Y15.904 E110.03067
G1 X25.828 Y15.904 E110.15750
G1 X28.755 Y16.689 E110.31586
G1 X29.507 Y19.492 E110.46748
G1 X32.004 Y20.161 E110.60258
G1 X33.724 Y20.161 E110.69245
G1 X35.413 Y18.473 E110.81721
G1 X39.267 Y19.506 E111.02568
G1 X39.443 Y20.161 E111.06115
G1 X45.948 Y20.161 E111.40100
G1 X45.337 Y17.879 E111.52443
G1 X41.482 Y16.847 E111.73290
G1 X39.430 Y18.899 E111.88452
G1 X35.576 Y17.866 E112.09300
G1 X29.577 Y20.161 F7800.000
G1 X29.344 Y20.099 E112.10558 F4800.000
G1 X29.282 Y20.161 E112.11019
G1 X29.577 Y20.161 E112.12561
M106 S142.8
G1 Z1.500 F7800.000
G1 X20.679 Y20.695 F7800.000
G1 X69.121 Y20.695 E114.65646 F3600.000
G1 X69.121 Y61.517 E116.78920
G1 X20.679 Y61.517 E119.32005
G1 X20.679 Y20.755 E121.44966
G1 X21.307 Y21.324 F7800.000
G1 X68.493 Y21.324 E123.91486 F3600.000
G1 X68.493 Y60.889 E125.98195
G1 X21.307 Y60.889 E128.44714
G1 X21.307 Y21.384 E130.51110
G1 X21.800 Y21.816 F7800.000
G1 X68.000 Y21.816 E131.88284 F1800.000
G1 X68.000 Y60.396 E133.02833
G1 X21.800 Y60.396 E134.40006
G1 X21.800 Y21.876 E135.54377
G1 X21.800 Y21.416 F7800.000
G1 X15.452 Y21.295 F7800.000
G1 X14.675 Y21.043 E135.58645 F3600.000
G1 X13.238 Y19.749 E135.68746
G1 X12.369 Y17.797 E135.79910
G1 X11.408 Y14.714 E135.96784
G1 X11.408 Y13.466 E136.03304
G1 X11.857 Y12.459 E136.09060
G1 X12.675 Y11.722 E136.14816
G1 X13.726 Y11.381 E136.20587
G1 X15.039 Y11.513 E136.27481
G1 X18.322 Y12.528 E136.45437
G1 X20.111 Y13.561 E136.56229
G1 X21.425 Y15.370 E136.67912
G1 X70.104 Y15.370 E139.22230
G1 X72.237 Y15.595 E139.33436
G1 X73.911 Y16.561 E139.43537
G1 X75.048 Y18.125 E139.53638
G1 X75.479 Y20.155 E139.64480
G1 X75.479 Y63.058 E141.88623
G1 X75.048 Y65.088 E141.99465
G1 X73.911 Y66.652 E142.09566
G1 X72.237 Y67.618 E142.19667
G1 X70.104 Y67.843 E142.30873
G1 X19.582 Y67.843 E144.94823
G1 X17.675 Y67.223 E145.05297
G1 X16.239 Y65.929 E145.15398
G1 X15.452 Y64.163 E145.25499
G1 X15.452 Y21.355 E147.49147
G1 X14.824 Y21.752 F7800.000
G1 X14.354 Y21.599 E147.51728 F3600.000
G1 X12.719 Y20.127 E147.63224
G1 X11.780 Y18.019 E147.75278
G1 X10.780 Y14.809 E147.92843
G1 X10.780 Y13.332 E148.00561
G1 X11.337 Y12.082 E148.07713
G1 X12.354 Y11.166 E148.14864
G1 X13.657 Y10.742 E148.22023
G1 X15.164 Y10.894 E148.29936
G1 X18.575 Y11.949 E148.48588 F3600.000
G1 X20.541 Y13.084 E148.60447
G1 X21.746 Y14.742 E148.71155
G1 X70.136 Y14.742 E151.23973
G1 X72.435 Y14.984 E151.36049
G1 X74.341 Y16.084 E151.47545
G1 X75.634 Y17.864 E151.59042
G1 X76.107 Y20.089 E151.70927
G1 X76.107 Y63.124 E153.95760
G1 X75.634 Y65.349 E154.07645
G1 X74.341 Y67.129 E154.19141
G1 X72.435 Y68.229 E154.30637
G1 X70.136 Y68.471 E154.42714
G1 X19.483 Y68.471 E157.07355
G1 X17.354 Y67.779 E157.19047
G1 X15.719 Y66.307 E157.30543
G1 X14.824 Y64.297 E157.42040
G1 X14.824 Y21.812 E159.64001
G1 X14.331 Y22.110 F7800.000
G1 X14.102 Y22.036 E159.64715 F1800.000
G1 X12.311 Y20.423 E159.71871
G1 X11.319 Y18.193 E159.79118
G1 X10.287 Y14.884 E159.89408
G1 X10.287 Y13.227 E159.94328
G1 X10.929 Y11.785 E159.99014
G1 X12.102 Y10.729 E160.03700
G1 X13.604 Y10.242 E160.08388
G1 X15.263 Y10.409 E160.13339
G1 X18.774 Y11.495 E160.24250 F1800.000
G1 X20.878 Y12.710 E160.31464
G1 X21.997 Y14.249 E160.37116
G1 X70.162 Y14.249 E161.80126
G1 X72.591 Y14.505 E161.87376
G1 X74.678 Y15.710 E161.94531
G1 X76.095 Y17.659 E162.01687
G1 X76.600 Y20.037 E162.08906
G1 X76.600 Y63.175 E163.36988
G1 X76.095 Y65.554 E163.44207
G1 X74.678 Y67.503 E163.51363
G1 X72.591 Y68.708 E163.58518
G1 X70.162 Y68.964 E163.65769
G1 X19.405 Y68.964 E165.16475
G1 X17.102 Y68.216 E165.23663
G1 X15.311 Y66.603 E165.30818
G1 X14.331 Y64.401 E165.37973
G1 X14.331 Y22.170 E166.63364
G1 X14.381 Y21.874 F7800.000
G1 X13.772 Y19.449 F7800.000
G1 X13.451 Y19.128 E166.65902 F1200.000
G1 X12.701 Y17.428 F7800.000
G1 X14.065 Y18.792 E166.76679 F1200.000
G1 X14.357 Y18.134 E166.80701
G1 X12.271 Y16.047 E166.97192
G1 X11.840 Y14.667 F7800.000
G1 X14.650 Y17.476 E167.19396 F1200.000
G1 X14.943 Y16.819 E167.23419
G1 X11.789 Y13.665 E167.48342
G1 X12.013 Y12.938 E167.52590
G1 X15.236 Y16.161 E167.78057
G1 X15.643 Y15.618 E167.81851
G1 X12.418 Y12.393 E168.07334
G1 X12.967 Y11.991 E168.11133
G1 X16.187 Y15.212 E168.36584
G1 X16.904 Y14.979 E168.40799
G1 X13.701 Y11.775 E168.66116
G1 X14.758 Y11.882 E168.72054
G1 X17.622 Y14.745 E168.94684
G1 X18.339 Y14.512 E168.98899
G1 X16.121 Y12.294 E169.16433
G1 X16.392 Y12.565 E169.18578
G1 X17.496 Y12.719 E169.24808
G1 X19.057 Y14.279 E169.37139
G1 X19.437 Y13.709 E169.40968
G1 X19.758 Y14.030 E169.43507
G1 X19.877 Y14.235 F7800.000
M106 S255
G1 X20.698 Y15.056 E169.49835 F3600.000
M106 S142.8
G1 X19.806 Y19.350 F7800.000
M106 S255
G1 X15.994 Y15.539 E169.79195 F3600.000
G1 X16.451 Y15.348 E169.81894
G1 X20.454 Y19.350 E170.12726
G1 X21.102 Y19.350 E170.16257
G1 X16.941 Y15.189 E170.48313
G1 X17.430 Y15.030 E170.51115
G1 X22.766 Y20.366 E170.92221
G1 X23.415 Y20.366 E170.95752
G1 X17.919 Y14.871 E171.38082
G1 X18.409 Y14.712 E171.40885
G1 X24.063 Y20.366 E171.84440
G1 X24.711 Y20.366 E171.87971
G1 X18.898 Y14.553 E172.32750
G1 X19.387 Y14.394 E172.35553
G1 X25.360 Y20.366 E172.81557
G1 X26.008 Y20.366 E172.85088
G1 X21.342 Y15.700 E173.21031
G1 X21.990 Y15.700 E173.24562
G1 X26.656 Y20.366 E173.60505
G1 X27.305 Y20.366 E173.64037
G1 X22.638 Y15.700 E173.99980
G1 X23.287 Y15.700 E174.03511
G1 X27.953 Y20.366 E174.39454
G1 X28.601 Y20.366 E174.42985
G1 X23.935 Y15.700 E174.78928
G1 X24.583 Y15.700 E174.82459
G1 X29.249 Y20.366 E175.18402
G1 X29.898 Y20.366 E175.21933
G1 X25.232 Y15.700 E175.57876
G1 X25.880 Y15.700 E175.61407
G1 X30.546 Y20.366 E175.97351
G1 X31.194 Y20.366 E176.00882
G1 X26.528 Y15.700 E176.36825
M106 S142.8
G1 X28.473 Y15.700 F7800.000
M106 S255
G1 X33.139 Y20.366 E176.72768 F3600.000
G1 X32.491 Y20.366 E176.76299
G1 X27.825 Y15.700 E177.12242
G1 X27.176 Y15.700 E177.15773
G1 X31.843 Y20.366 E177.51716
M106 S142.8
G1 X31.793 Y18.372 F7800.000
M106 S255
G1 X29.121 Y15.700 E177.72299 F3600.000
G1 X29.770 Y15.700 E177.75830
G1 X30.071 Y16.001 E177.78151
M106 S142.8
G1 X19.422 Y19.615 F7800.000
M106 S255
G1 X15.662 Y15.855 E178.07113 F3600.000
G1 X15.411 Y16.252 E178.09672
G1 X20.350 Y21.191 E178.47713
G1 X20.350 Y21.839 E178.51244
G1 X15.211 Y16.701 E178.90823
G1 X15.012 Y17.149 E178.93497
G1 X20.350 Y22.487 E179.34615
G1 X20.350 Y23.135 E179.38146
G1 X14.812 Y17.598 E179.80802
G1 X14.612 Y18.046 E179.83476
G1 X20.350 Y23.784 E180.27671
G1 X20.350 Y24.432 E180.31202
G1 X14.412 Y18.495 E180.76934
G1 X14.213 Y18.944 E180.79609
G1 X20.350 Y25.080 E181.26880
G1 X20.350 Y25.729 E181.30411
G1 X14.013 Y19.392 E181.79221
M106 S142.8
G1 X15.782 Y21.809 F7800.000
M106 S255
G1 X20.350 Y26.377 E182.14407 F3600.000
G1 X20.350 Y27.025 E182.17938
G1 X15.782 Y22.457 E182.53125
G1 X15.782 Y23.106 E182.56656
G1 X20.350 Y27.674 E182.91842
G1 X20.350 Y28.322 E182.95373
G1 X15.782 Y23.754 E183.30559
G1 X15.782 Y24.402 E183.34091
G1 X20.350 Y28.970 E183.69277
G1 X20.350 Y29.619 E183.72808
G1 X15.782 Y25.051 E184.07994
G1 X15.782 Y25.699 E184.11526
G1 X20.350 Y30.267 E184.46712
G1 X20.350 Y30.915 E184.50243
G1 X15.782 Y26.347 E184.85429
G1 X15.782 Y26.995 E184.88960
G1 X20.350 Y31.563 E185.24147
G1 X20.350 Y32.212 E185.27678
G1 X15.782 Y27.644 E185.62864
G1 X15.782 Y28.292 E185.66395
G1 X20.350 Y32.860 E186.01582
G1 X20.350 Y33.508 E186.05113
G1 X15.782 Y28.940 E186.40299
G1 X15.782 Y29.589 E186.43830
G1 X20.350 Y34.157 E186.79017
G1 X20.350 Y34.805 E186.82548
G1 X15.782 Y30.237 E187.17734
G1 X15.782 Y30.885 E187.21265
G1 X16.263 Y31.366 E187.24971
M106 S142.8
G1 X18.959 Y34.483 F7800.000
G1 X17.363 Y36.078 E187.36757 F4800.000
G1 X15.986 Y35.709 E187.44206
G1 X15.986 Y31.807 E187.64595
G1 X18.959 Y34.483 E187.85492
G1 X20.145 Y35.551 F7800.000
G1 X20.145 Y40.076 E188.09132 F4800.000
G1 X19.003 Y39.770 E188.15308
G1 X16.182 Y42.591 E188.36155
G1 X16.933 Y45.395 E188.51317
G1 X15.986 Y46.341 E188.58310
G1 X15.986 Y41.898 E188.81522
G1 X18.559 Y39.326 E189.00530
G1 X17.808 Y36.522 E189.15692
G1 X19.426 Y34.904 E189.27650
G1 X20.145 Y35.551 E189.32703
G1 X20.145 Y46.581 F7800.000
G1 X20.145 Y51.068 E189.56148 F4800.000
G1 X18.554 Y52.659 E189.67903
G1 X15.986 Y51.971 E189.81791
G1 X15.986 Y47.230 E190.06563
G1 X17.377 Y45.839 E190.16838
G1 X20.145 Y46.581 E190.31810
G1 X20.145 Y56.400 F7800.000
G1 X17.372 Y59.173 E190.52298 F4800.000
G1 X18.123 Y61.976 E190.67460
G1 X16.006 Y64.093 E190.83105
G1 X15.986 Y64.050 E190.83354
G1 X15.986 Y58.476 E191.12474
G1 X16.928 Y58.728 E191.17566
G1 X19.749 Y55.907 E191.38414
G1 X18.998 Y53.103 E191.53576
G1 X20.145 Y51.957 E191.62048
G1 X20.145 Y56.400 E191.85260
G1 X21.815 Y63.615 F7800.000
G1 X22.566 Y66.419 E192.00422 F4800.000
G1 X21.676 Y67.308 E192.06997
G1 X19.667 Y67.308 E192.17495
G1 X17.948 Y66.750 E192.26935
G1 X16.680 Y65.608 E192.35850
G1 X16.279 Y64.708 E192.40999
G1 X18.567 Y62.420 E192.57904
G1 X21.371 Y63.171 E192.73066
G1 X22.490 Y62.052 E192.81338
G1 X23.379 Y62.052 E192.85980
G1 X21.815 Y63.615 E192.97535
G1 X24.673 Y67.308 F7800.000
G1 X22.565 Y67.308 E193.08551 F4800.000
G1 X23.010 Y66.863 E193.11843
G1 X24.673 Y67.308 E193.20837
G1 X34.704 Y63.166 F7800.000
G1 X31.883 Y65.988 E193.41684 F4800.000
G1 X29.079 Y65.237 E193.56846
G1 X27.008 Y67.308 E193.72153
G1 X26.119 Y67.308 E193.76796
G1 X28.635 Y64.792 E193.95386
G1 X27.901 Y62.052 E194.10211
G1 X34.405 Y62.052 E194.44195
G1 X34.704 Y63.166 E194.50224
G1 X38.396 Y64.806 F7800.000
G1 X39.066 Y67.308 E194.63760 F4800.000
G1 X32.562 Y67.308 E194.97745
G1 X32.327 Y66.432 E195.02485
G1 X35.148 Y63.610 E195.23332
G1 X37.952 Y64.362 E195.38494
G1 X40.262 Y62.052 E195.55562
G1 X41.150 Y62.052 E195.60205
G1 X38.396 Y64.806 E195.80555
G1 X44.021 Y62.735 F7800.000
G1 X41.468 Y62.052 E195.94360 F4800.000
G1 X44.705 Y62.052 E196.11267
G1 X44.021 Y62.735 E196.16320
G1 X51.285 Y64.357 F7800.000
G1 X48.464 Y67.178 E196.37168 F4800.000
G1 X45.660 Y66.427 E196.52329
G1 X44.779 Y67.308 E196.58841
G1 X43.891 Y67.308 E196.63483
G1 X45.216 Y65.983 E196.73277
G1 X44.465 Y63.180 E196.88439
G1 X45.593 Y62.052 E196.96775
G1 X50.668 Y62.052 E197.23286
G1 X51.285 Y64.357 E197.35754
G1 X60.602 Y63.926 F7800.000
G1 X57.799 Y63.175 E197.50916 F4800.000
G1 X54.977 Y65.996 E197.71763
G1 X55.329 Y67.308 E197.78860
G1 X49.222 Y67.308 E198.10764
G1 X51.730 Y64.801 E198.29291
G1 X54.533 Y65.552 E198.44453
G1 X57.354 Y62.730 E198.65300
G1 X57.172 Y62.052 E198.68973
G1 X62.476 Y62.052 E198.96682
G1 X60.602 Y63.926 E199.10531
G1 X67.115 Y62.744 F7800.000
G1 X67.866 Y65.547 E199.25692 F4800.000
G1 X66.105 Y67.308 E199.38706
G1 X61.662 Y67.308 E199.61918
G1 X61.797 Y67.173 E199.62916
G1 X61.046 Y64.370 E199.78078
G1 X63.365 Y62.052 E199.95209
G1 X65.745 Y62.052 E200.07644
G1 X66.671 Y62.300 E200.12653
G1 X66.919 Y62.052 E200.14487
G1 X67.808 Y62.052 E200.19129
G1 X67.115 Y62.744 E200.24245
G1 X74.945 Y63.001 F7800.000
G1 X74.640 Y64.435 E200.31902 F4800.000
G1 X74.380 Y64.365 E200.33311
G1 X71.596 Y67.149 E200.53876
G1 X70.076 Y67.308 E200.61865
G1 X66.994 Y67.308 E200.77967
G1 X68.311 Y65.991 E200.87698
G1 X71.114 Y66.743 E201.02860
G1 X73.935 Y63.921 E201.23707
G1 X73.184 Y61.118 E201.38869
G1 X74.945 Y59.357 E201.51878
G1 X74.945 Y63.001 E201.70918
G1 X74.366 Y54.604 F7800.000
G1 X74.945 Y54.026 E201.75194 F4800.000
G1 X74.945 Y54.914 E201.79836
G1 X74.810 Y55.049 E201.80830
G1 X74.945 Y55.550 E201.83543
G1 X74.945 Y58.469 E201.98789
G1 X72.740 Y60.673 E202.15080
G1 X69.937 Y59.922 E202.30242
G1 X69.655 Y60.204 E202.32324
G1 X69.655 Y55.761 E202.55536
G1 X71.563 Y53.853 E202.69632
G1 X74.366 Y54.604 E202.84794
G1 X74.945 Y41.750 F7800.000
G1 X74.945 Y48.255 E203.18779 F4800.000
G1 X73.189 Y47.784 E203.28275
G1 X70.368 Y50.606 E203.49123
G1 X71.119 Y53.409 E203.64284
G1 X69.655 Y54.873 E203.75099
G1 X69.655 Y50.090 E204.00087
G1 X69.923 Y50.161 E204.01538
G1 X72.745 Y47.340 E204.22386
G1 X71.994 Y44.537 E204.37548
G1 X74.815 Y41.715 E204.58395
G1 X74.945 Y41.750 E204.59096
G1 X74.945 Y37.143 F7800.000
G1 X73.620 Y38.468 E204.68885 F4800.000
G1 X74.371 Y41.271 E204.84047
G1 X71.550 Y44.092 E205.04894
G1 X69.655 Y43.585 E205.15141
G1 X69.655 Y37.990 E205.44373
G1 X70.373 Y37.272 E205.49674
G1 X73.176 Y38.023 E205.64835
G1 X74.945 Y36.254 E205.77907
G1 X74.945 Y37.143 E205.82550
G1 X69.928 Y36.828 F7800.000
G1 X69.655 Y37.101 E205.84568 F4800.000
G1 X69.655 Y35.808 E205.91321
G1 X69.928 Y36.828 E205.96836
G1 X74.945 Y25.488 F7800.000
G1 X74.945 Y31.811 E206.29873 F4800.000
G1 X74.802 Y31.954 E206.30929
G1 X71.999 Y31.203 E206.46091
G1 X69.655 Y33.547 E206.63407
G1 X69.655 Y32.658 E206.68050
G1 X71.554 Y30.759 E206.82083
G1 X70.803 Y27.956 E206.97245
G1 X73.625 Y25.134 E207.18093
G1 X74.945 Y25.488 E207.25232
G1 X74.798 Y19.518 F7800.000
G1 X72.430 Y21.887 E207.42729 F4800.000
G1 X73.181 Y24.690 E207.57891
G1 X70.359 Y27.511 E207.78738
G1 X69.655 Y27.323 E207.82546
G1 X69.655 Y20.818 E208.16531
G1 X71.985 Y21.442 E208.29134
G1 X74.642 Y18.786 E208.48763
G1 X74.798 Y19.518 E208.52677
G1 X68.715 Y20.161 F7800.000
G1 X62.210 Y20.161 E208.86661 F4800.000
G1 X61.918 Y19.070 E208.92565
G1 X64.739 Y16.248 E209.13413
G1 X67.542 Y16.999 E209.28574
G1 X68.637 Y15.904 E209.36664
G1 X69.526 Y15.904 E209.41307
G1 X67.987 Y17.444 E209.52680
G1 X68.715 Y20.161 E209.67379
G1 X58.670 Y17.874 F7800.000
G1 X56.383 Y20.161 E209.84276 F4800.000
G1 X55.495 Y20.161 E209.88919
G1 X58.226 Y17.430 E210.09098
G1 X57.817 Y15.904 E210.17351
G1 X64.194 Y15.904 E210.50670
G1 X61.473 Y18.626 E210.70775
G1 X58.670 Y17.874 E210.85937
G1 X52.157 Y19.056 F7800.000
G1 X51.052 Y20.161 E210.94102 F4800.000
G1 X45.948 Y20.161 E211.20766
G1 X45.337 Y17.879 E211.33109
G1 X47.311 Y15.904 E211.47701
G1 X51.754 Y15.904 E211.70913
G1 X51.406 Y16.253 E211.73490
G1 X52.157 Y19.056 E211.88652
G1 X51.940 Y20.161 F7800.000
G1 X52.601 Y19.501 E211.93533 F4800.000
G1 X55.067 Y20.161 E212.06871
G1 X51.940 Y20.161 E212.23205
G1 X42.089 Y16.684 F7800.000
G1 X39.267 Y19.506 E212.44053 F4800.000
G1 X39.443 Y20.161 E212.47600
G1 X34.169 Y20.161 E212.75156
G1 X36.020 Y18.310 E212.88834
G1 X38.823 Y19.061 E213.03996
G1 X41.645 Y16.240 E213.24843
G1 X41.555 Y15.904 E213.26657
G1 X46.423 Y15.904 E213.52089
G1 X44.892 Y17.435 E213.63399
G1 X42.089 Y16.684 E213.78561
G1 X35.576 Y17.866 F7800.000
G1 X33.529 Y19.913 E213.93685 F4800.000
G1 X30.616 Y15.904 E214.19571
G1 X35.050 Y15.904 E214.42735
G1 X35.576 Y17.866 E214.53344
G1 X21.757 Y20.161 F7800.000
G1 X20.207 Y20.161 E214.61444 F4800.000
G1 X19.846 Y20.044 E214.63427
G1 X19.846 Y19.774 E214.64838
G1 X21.476 Y19.774 E214.73353
G1 X21.757 Y20.161 E214.75855
M106 S135.15
G1 Z1.700 F7800.000
G1 X20.679 Y20.695 F7800.000
G1 X69.121 Y20.695 E217.28940 F3600.000
G1 X69.121 Y61.517 E219.42215
G1 X20.679 Y61.517 E221.95300
G1 X20.679 Y20.755 E224.08260
G1 X21.307 Y21.324 F7800.000
G1 X68.493 Y21.324 E226.54780 F3600.000
G1 X68.493 Y60.889 E228.61489
G1 X21.307 Y60.889 E231.08009
G1 X21.307 Y21.384 E233.14404
G1 X21.800 Y21.816 F7800.000
G1 X68.000 Y21.816 E234.51578 F1800.000
G1 X68.000 Y60.396 E235.66127
G1 X21.800 Y60.396 E237.03301
G1 X21.800 Y21.876 E238.17672
G1 X21.800 Y21.416 F7800.000
G1 X15.452 Y21.295 F7800.000
G1 X14.675 Y21.043 E238.21939 F3600.000
G1 X13.238 Y19.749 E238.32040
G1 X12.369 Y17.797 E238.43205
G1 X11.930 Y16.388 E238.50914
G1 X11.930 Y14.758 E238.59433
G1 X12.548 Y13.371 E238.67362
G1 X13.675 Y12.356 E238.75290
G1 X15.120 Y11.887 E238.83224
G1 X16.813 Y12.062 E238.92118
G1 X18.322 Y12.528 E239.00371
G1 X20.111 Y13.561 E239.11164
G1 X21.425 Y15.370 E239.22847
G1 X70.104 Y15.370 E241.77165
G1 X72.237 Y15.595 E241.88371
G1 X73.911 Y16.561 E241.98472
G1 X75.048 Y18.125 E242.08573
G1 X75.479 Y20.155 E242.19415
G1 X75.479 Y63.058 E244.43558
G1 X75.048 Y65.088 E244.54400
G1 X73.911 Y66.652 E244.64501
G1 X72.237 Y67.618 E244.74602
G1 X70.104 Y67.843 E244.85808
G1 X19.582 Y67.843 E247.49757
G1 X17.675 Y67.223 E247.60232
G1 X16.239 Y65.929 E247.70333
G1 X15.452 Y64.163 E247.80434
G1 X15.452 Y21.355 E250.04082
G1 X14.824 Y21.752 F7800.000
G1 X14.354 Y21.599 E250.06663 F3600.000
G1 X12.719 Y20.127 E250.18159
G1 X11.780 Y18.019 E250.30213
G1 X11.302 Y16.484 E250.38614
G1 X11.302 Y14.624 E250.48331
G1 X12.028 Y12.994 E250.57654
G1 X13.354 Y11.800 E250.66978
G1 X15.052 Y11.248 E250.76305
G1 X16.939 Y11.443 E250.86217
G1 X18.575 Y11.949 E250.95164 F3600.000
G1 X20.541 Y13.084 E251.07023
G1 X21.746 Y14.742 E251.17731
G1 X70.136 Y14.742 E253.70549
G1 X72.435 Y14.984 E253.82625
G1 X74.341 Y16.084 E253.94121
G1 X75.634 Y17.864 E254.05617
G1 X76.107 Y20.089 E254.17502
G1 X76.107 Y63.124 E256.42335
G1 X75.634 Y65.349 E256.54220
G1 X74.341 Y67.129 E256.65717
G1 X72.435 Y68.229 E256.77213
G1 X70.136 Y68.471 E256.89289
G1 X19.483 Y68.471 E259.53930
G1 X17.354 Y67.779 E259.65622
G1 X15.719 Y66.307 E259.77119
G1 X14.824 Y64.297 E259.88615
G1 X14.824 Y21.812 E262.10576
G1 X14.331 Y22.110 F7800.000
G1 X14.102 Y22.036 E262.11291 F1800.000
G1 X12.311 Y20.423 E262.18446
G1 X11.319 Y18.193 E262.25693
G1 X10.809 Y16.559 E262.30776
G1 X10.809 Y14.519 E262.36831
G1 X11.620 Y12.698 E262.42752
G1 X13.102 Y11.363 E262.48673
G1 X14.999 Y10.747 E262.54594
G1 X17.038 Y10.958 E262.60681
G1 X18.774 Y11.495 E262.66074 F1800.000
G1 X20.878 Y12.710 E262.73289
G1 X21.997 Y14.249 E262.78940
G1 X70.162 Y14.249 E264.21950
G1 X72.591 Y14.505 E264.29201
G1 X74.678 Y15.710 E264.36356
G1 X76.095 Y17.659 E264.43512
G1 X76.600 Y20.037 E264.50731
G1 X76.600 Y63.175 E265.78813
G1 X76.095 Y65.554 E265.86032
G1 X74.678 Y67.503 E265.93188
G1 X72.591 Y68.708 E266.00343
G1 X70.162 Y68.964 E266.07593
G1 X19.405 Y68.964 E267.58300
G1 X17.102 Y68.216 E267.65487
G1 X15.311 Y66.603 E267.72643
G1 X14.331 Y64.401 E267.79798
G1 X14.331 Y22.170 E269.05189
G1 X14.381 Y21.874 F7800.000
G1 X12.816 Y13.865 F7800.000
G1 X13.392 Y13.289 E269.09554 F1200.000
G1 X15.316 Y12.277 F7800.000
G1 X12.311 Y15.282 E269.32329 F1200.000
G1 X12.311 Y16.193 E269.37213
G1 X16.142 Y12.362 E269.66247
G1 X16.948 Y12.467 E269.70605
G1 X12.468 Y16.948 E270.04558
G1 X12.685 Y17.642 E270.08459
G1 X17.645 Y12.682 E270.46047
G1 X18.325 Y12.913 E270.49898
G1 X12.956 Y18.283 E270.90591
G1 X13.236 Y18.914 E270.94290
G1 X18.903 Y13.247 E271.37234
G1 X19.481 Y13.581 E271.40809
G1 X13.517 Y19.544 E271.86004
G1 X13.987 Y19.985 E271.89459
G1 X20.003 Y13.970 E272.35046
G1 X20.386 Y14.498 E272.38542
G1 X14.467 Y20.417 E272.83401
G1 X15.008 Y20.787 E272.86915
G1 X20.770 Y15.026 E273.30579
G1 X21.153 Y15.554 E273.34076
G1 X15.696 Y21.011 E273.75433
G1 X15.833 Y21.786 E273.79649
G1 X21.867 Y15.751 E274.25381
G1 X29.257 Y19.299 F7800.000
G1 X29.729 Y18.827 E274.28958 F1200.000
G1 X29.345 Y18.299 E274.32455
G1 X28.345 Y19.299 E274.40033
G1 X27.434 Y19.299 E274.44917
G1 X28.962 Y17.771 E274.56496
G1 X28.578 Y17.243 E274.59993
G1 X26.522 Y19.299 E274.75572
G1 X25.611 Y19.299 E274.80456
G1 X28.195 Y16.715 E275.00036
G1 X27.811 Y16.187 E275.03532
G1 X24.700 Y19.299 E275.27113
G1 X23.788 Y19.299 E275.31997
G1 X27.336 Y15.751 E275.58883
G1 X26.424 Y15.751 E275.63768
G1 X22.877 Y19.299 E275.90654
G1 X21.965 Y19.299 E275.95538
G1 X25.513 Y15.751 E276.22425
G1 X24.602 Y15.751 E276.27309
G1 X21.054 Y19.299 E276.54195
G1 X20.142 Y19.299 E276.59079
G1 X23.690 Y15.751 E276.85966
G1 X22.779 Y15.751 E276.90850
G1 X15.833 Y22.697 E277.43489
G1 X15.833 Y23.608 E277.48374
G1 X19.371 Y20.071 E277.75186
G1 X19.371 Y20.982 E277.80070
G1 X15.833 Y24.520 E278.06882
G1 X15.833 Y25.431 E278.11766
G1 X19.371 Y21.893 E278.38578
G1 X19.371 Y22.805 E278.43462
G1 X15.833 Y26.343 E278.70274
G1 X15.833 Y27.254 E278.75158
G1 X19.371 Y23.716 E279.01970
G1 X19.371 Y24.628 E279.06855
G1 X15.833 Y28.166 E279.33667
G1 X16.193 Y28.717 E279.37196
G1 X19.371 Y25.539 E279.61283
G1 X19.371 Y26.450 E279.66167
G1 X16.672 Y29.149 E279.86619
G1 X17.152 Y29.581 E279.90077
G1 X19.371 Y27.362 E280.06895
G1 X19.371 Y28.273 E280.11779
G1 X17.631 Y30.013 E280.24962
G1 X18.111 Y30.445 E280.28420
G1 X19.371 Y29.185 E280.37968
G1 X19.371 Y30.096 E280.42852
G1 X18.590 Y30.876 E280.48766
G1 X19.371 Y31.008 E280.53006
G1 X19.070 Y31.308 E280.55285
G1 X19.411 Y32.181 F7800.000
G1 X15.986 Y29.097 E280.79363 F4800.000
G1 X15.986 Y35.709 E281.13909
G1 X17.363 Y36.078 E281.21358
G1 X18.396 Y39.932 E281.42206
G1 X16.344 Y41.985 E281.57368
G1 X17.377 Y45.839 E281.78215
G1 X20.145 Y46.581 E281.93187
G1 X20.145 Y40.076 E282.27171
G1 X19.003 Y39.770 E282.33347
G1 X17.970 Y35.915 E282.54195
G1 X20.022 Y33.863 E282.69356
G1 X19.572 Y32.181 E282.78458
G1 X19.411 Y32.181 E282.79296
G1 X20.145 Y31.893 F7800.000
G1 X20.145 Y29.298 E282.92853 F4800.000
G1 X19.846 Y29.597 E282.95063
G1 X19.846 Y30.777 E283.01227
G1 X20.145 Y31.893 E283.07263
G1 E282.07263 F18000.00000
G92 E0
G1 X22.856 Y20.161 F7800.000
G1 E1.00000 F18000.00000
G1 X22.752 Y19.774 E1.02096 F4800.000
G1 X19.846 Y19.774 E1.17279
G1 X19.846 Y23.734 E1.37966
G1 X20.145 Y23.814 E1.39584
G1 X20.145 Y20.161 E1.58665
G1 X22.856 Y20.161 E1.72828
G1 X29.344 Y20.099 F7800.000
G1 X29.257 Y19.774 E1.74587 F4800.000
G1 X23.402 Y19.774 E2.05173
G1 X23.506 Y20.161 E2.07269
G1 X29.282 Y20.161 E2.37442
G1 X29.344 Y20.099 E2.37902
G1 X35.413 Y18.473 F7800.000
G1 X34.725 Y15.904 E2.51794 F4800.000
G1 X29.096 Y15.904 E2.81204
G1 X28.918 Y16.082 E2.82516
G1 X29.305 Y17.525 E2.90321
G1 X30.939 Y19.774 E3.04844
G1 X29.907 Y19.774 E3.10232
G1 X29.951 Y19.936 E3.11111
G1 X30.790 Y20.161 E3.15652
G1 X33.724 Y20.161 E3.30981
G1 X35.413 Y18.473 E3.43457
G1 X41.482 Y16.847 F7800.000
G1 X41.230 Y15.904 E3.48553 F4800.000
G1 X35.375 Y15.904 E3.79139
G1 X36.020 Y18.310 E3.92151
G1 X38.823 Y19.061 E4.07313
G1 X39.118 Y20.161 E4.13263
G1 X39.768 Y20.161 E4.16662
G1 X39.430 Y18.899 E4.23492
G1 X41.482 Y16.847 E4.38653
G1 X45.499 Y17.272 F7800.000
G1 X46.867 Y15.904 E4.48761 F4800.000
G1 X41.880 Y15.904 E4.74816
G1 X42.089 Y16.684 E4.79033
G1 X44.892 Y17.435 E4.94195
G1 X45.623 Y20.161 E5.08941
G1 X46.273 Y20.161 E5.12339
G1 X45.499 Y17.272 E5.27965
G1 X52.601 Y19.501 F7800.000
G1 X51.637 Y15.904 E5.47416 F4800.000
G1 X50.987 Y15.904 E5.50814
G1 X51.994 Y19.663 E5.71145
G1 X51.496 Y20.161 E5.74826
G1 X55.067 Y20.161 E5.93482
G1 X52.601 Y19.501 E6.06819
G1 X58.670 Y17.874 F7800.000
G1 X58.142 Y15.904 E6.17474 F4800.000
G1 X57.492 Y15.904 E6.20873
G1 X58.063 Y18.037 E6.32408
G1 X56.011 Y20.089 E6.47570
G1 X56.030 Y20.161 E6.47961
G1 X61.885 Y20.161 E6.78547
G1 X61.473 Y18.626 E6.86853
G1 X58.670 Y17.874 E7.02015
G1 X64.739 Y16.248 F7800.000
G1 X64.647 Y15.904 E7.03875 F4800.000
G1 X63.997 Y15.904 E7.07273
G1 X64.132 Y16.411 E7.10013
G1 X62.080 Y18.463 E7.25175
G1 X62.535 Y20.161 E7.34361
G1 X68.390 Y20.161 E7.64947
G1 X67.542 Y16.999 E7.82050
G1 X64.739 Y16.248 E7.97212
G1 X72.068 Y16.114 F7800.000
G1 X70.076 Y15.904 E8.07679 F4800.000
G1 X69.082 Y15.904 E8.12872
G1 X68.149 Y16.837 E8.19760
G1 X69.040 Y20.161 E8.37743
G1 X69.655 Y20.161 E8.40955
G1 X69.655 Y20.818 E8.44385
G1 X71.985 Y21.442 E8.56989
G1 X73.018 Y25.297 E8.77836
G1 X70.966 Y27.349 E8.92998
G1 X71.999 Y31.203 E9.13846
G1 X74.802 Y31.954 E9.29008
G1 X74.945 Y32.488 E9.31894
G1 X74.945 Y25.488 E9.68466
G1 X73.625 Y25.134 E9.75606
G1 X72.592 Y21.280 E9.96453
G1 X74.644 Y19.228 E10.11615
G1 X74.326 Y18.041 E10.18030
G1 X73.546 Y16.967 E10.24969
G1 X72.068 Y16.114 E10.33884
G1 X70.359 Y27.511 F7800.000
G1 X69.655 Y27.323 E10.37691 F4800.000
G1 X69.655 Y33.102 E10.67888
G1 X71.392 Y31.366 E10.80720
G1 X70.359 Y27.511 E11.01568
G1 X70.373 Y37.272 F7800.000
G1 X69.655 Y34.595 E11.16050 F4800.000
G1 X69.655 Y37.022 E11.28733
G1 X69.766 Y37.435 E11.30965
G1 X69.655 Y37.545 E11.31782
G1 X69.655 Y43.585 E11.63334
G1 X71.550 Y44.092 E11.73581
G1 X72.582 Y47.947 E11.94429
G1 X70.530 Y49.999 E12.09591
G1 X71.563 Y53.853 E12.30438
G1 X74.366 Y54.604 E12.45600
G1 X74.945 Y56.764 E12.57282
G1 X74.945 Y48.255 E13.01740
G1 X73.189 Y47.784 E13.11237
G1 X72.156 Y43.930 E13.32084
G1 X74.209 Y41.878 E13.47246
G1 X73.176 Y38.023 E13.68094
G1 X70.373 Y37.272 E13.83256
G1 X74.945 Y41.750 F7800.000
G1 X74.945 Y36.698 E14.09646 F4800.000
G1 X73.783 Y37.861 E14.18234
G1 X74.815 Y41.715 E14.39082
G1 X74.945 Y41.750 E14.39782
G1 X69.923 Y50.161 F7800.000
G1 X69.655 Y50.090 E14.41233 F4800.000
G1 X69.655 Y55.317 E14.68543
G1 X70.956 Y54.016 E14.78155
G1 X69.923 Y50.161 E14.99003
G1 X69.937 Y59.922 F7800.000
G1 X69.655 Y58.871 E15.04690 F4800.000
G1 X69.655 Y62.052 E15.21307
G1 X67.363 Y62.052 E15.33280
G1 X67.278 Y62.137 E15.33912
G1 X68.311 Y65.991 E15.54759
G1 X71.114 Y66.743 E15.69921
G1 X71.233 Y67.187 E15.72324
G1 X71.865 Y67.120 E15.75648
G1 X71.721 Y66.580 E15.78571
G1 X73.773 Y64.528 E15.93733
G1 X72.740 Y60.673 E16.14580
G1 X69.937 Y59.922 E16.29742
G1 X66.671 Y62.300 F7800.000
G1 X65.745 Y62.052 E16.34751 F4800.000
G1 X62.920 Y62.052 E16.49507
G1 X61.209 Y63.763 E16.62154
G1 X62.159 Y67.308 E16.81330
G1 X66.549 Y67.308 E17.04268
G1 X67.704 Y66.154 E17.12798
G1 X66.671 Y62.300 E17.33645
G1 X74.945 Y63.001 F7800.000
G1 X74.945 Y58.913 E17.55006 F4800.000
G1 X73.347 Y60.511 E17.66814
G1 X74.380 Y64.365 E17.87661
G1 X74.640 Y64.435 E17.89070
G1 X74.945 Y63.001 E17.96727
G1 X57.799 Y63.175 F7800.000
G1 X57.498 Y62.052 E18.02803 F4800.000
G1 X56.847 Y62.052 E18.06201
G1 X57.192 Y63.337 E18.13156
G1 X55.140 Y65.389 E18.28318
G1 X55.654 Y67.308 E18.38697
G1 X61.508 Y67.308 E18.69283
G1 X60.602 Y63.926 E18.87579
G1 X57.799 Y63.175 E19.02741
G1 X51.730 Y64.801 F7800.000
G1 X50.993 Y62.052 E19.17612 F4800.000
G1 X50.342 Y62.052 E19.21011
G1 X51.123 Y64.964 E19.36761
G1 X49.071 Y67.016 E19.51923
G1 X49.149 Y67.308 E19.53507
G1 X55.003 Y67.308 E19.84093
G1 X54.533 Y65.552 E19.93593
G1 X51.730 Y64.801 E20.08755
G1 X44.628 Y62.573 F7800.000
G1 X45.149 Y62.052 E20.12606 F4800.000
G1 X41.468 Y62.052 E20.31834
G1 X44.021 Y62.735 E20.45639
G1 X45.054 Y66.590 E20.66486
G1 X44.335 Y67.308 E20.71796
G1 X48.499 Y67.308 E20.93549
G1 X48.464 Y67.178 E20.94254
G1 X45.660 Y66.427 E21.09416
G1 X44.628 Y62.573 E21.30263
G1 X40.611 Y62.147 F7800.000
G1 X40.585 Y62.052 E21.30779 F4800.000
G1 X34.731 Y62.052 E21.61365
G1 X35.148 Y63.610 E21.69797
G1 X37.952 Y64.362 E21.84959
G1 X38.741 Y67.308 E22.00898
G1 X39.392 Y67.308 E22.04296
G1 X38.559 Y64.199 E22.21115
G1 X40.611 Y62.147 E22.36277
G1 X34.542 Y63.773 F7800.000
G1 X34.080 Y62.052 E22.45589 F4800.000
G1 X28.226 Y62.052 E22.76175
G1 X29.079 Y65.237 E22.93403
G1 X31.883 Y65.988 E23.08564
G1 X32.236 Y67.308 E23.15708
G1 X32.887 Y67.308 E23.19106
G1 X32.489 Y65.825 E23.27129
G1 X34.542 Y63.773 E23.42291
G1 X28.472 Y65.399 F7800.000
G1 X27.575 Y62.052 E23.60398 F4800.000
G1 X22.934 Y62.052 E23.84645
G1 X21.977 Y63.009 E23.91715
G1 X23.010 Y66.863 E24.12563
G1 X24.673 Y67.308 E24.21557
G1 X26.563 Y67.308 E24.31432
G1 X28.472 Y65.399 E24.45538
G1 E23.45538 F18000.00000
G92 E0
G1 X20.145 Y56.169 F7800.000
G1 E1.00000 F18000.00000
G1 X20.145 Y51.512 E1.24330 F4800.000
G1 X19.161 Y52.497 E1.31601
G1 X20.145 Y56.169 E1.51466
G1 X18.554 Y52.659 F7800.000
G1 X15.986 Y51.971 E1.65354 F4800.000
G1 X15.986 Y58.476 E1.99339
G1 X16.928 Y58.728 E2.04431
G1 X17.960 Y62.583 E2.25279
G1 X16.142 Y64.401 E2.38711
G1 X16.680 Y65.608 E2.45618
G1 X17.948 Y66.750 E2.54533
G1 X19.667 Y67.308 E2.63972
G1 X22.120 Y67.308 E2.76792
G1 X22.403 Y67.026 E2.78883
G1 X21.371 Y63.171 E2.99730
G1 X18.567 Y62.420 E3.14892
G1 X17.535 Y58.566 E3.35740
G1 X19.587 Y56.514 E3.50902
G1 X18.554 Y52.659 E3.71749
G1 X16.770 Y46.002 F7800.000
G1 X15.986 Y43.076 E3.87571 F4800.000
G1 X15.986 Y46.785 E4.06949
G1 X16.770 Y46.002 E4.12741
M106 S145.35
G1 Z1.900 F7800.000
G1 X20.679 Y20.695 F7800.000
G1 X69.121 Y20.695 E6.65826 F3600.000
G1 X69.121 Y61.517 E8.79100
G1 X20.679 Y61.517 E11.32185
G1 X20.679 Y20.755 E13.45146
G1 X21.307 Y21.324 F7800.000
G1 X68.493 Y21.324 E15.91666 F3600.000
G1 X68.493 Y60.889 E17.98375
G1 X21.307 Y60.889 E20.44894
G1 X21.307 Y21.384 E22.51290
G1 X21.800 Y21.816 F7800.000
G1 X68.000 Y21.816 E23.88464 F1800.000
G1 X68.000 Y60.396 E25.03013
G1 X21.800 Y60.396 E26.40186
G1 X21.800 Y21.876 E27.54557
G1 X21.800 Y21.416 F7800.000
G1 X15.452 Y21.295 F7800.000
G1 X14.675 Y21.043 E27.58825 F3600.000
G1 X13.238 Y19.749 E27.68926
G1 X12.452 Y17.983 E27.79026
G1 X12.452 Y16.050 E27.89127
G1 X13.238 Y14.284 E27.99228
G1 X14.675 Y12.990 E28.09329
G1 X16.514 Y12.392 E28.19430
G1 X18.437 Y12.595 E28.29530
G1 X20.111 Y13.561 E28.39631
G1 X21.425 Y15.370 E28.51314
G1 X70.104 Y15.370 E31.05632
G1 X72.237 Y15.595 E31.16839
G1 X73.911 Y16.561 E31.26940
G1 X75.048 Y18.125 E31.37040
G1 X75.479 Y20.155 E31.47883
G1 X75.479 Y63.058 E33.72025
G1 X75.048 Y65.088 E33.82868
G1 X73.911 Y66.652 E33.92969
G1 X72.237 Y67.618 E34.03069
G1 X70.104 Y67.843 E34.14276
G1 X19.582 Y67.843 E36.78225
G1 X17.675 Y67.223 E36.88700
G1 X16.239 Y65.929 E36.98800
G1 X15.452 Y64.163 E37.08901
G1 X15.452 Y21.355 E39.32550
G1 X14.824 Y21.752 F7800.000
G1 X14.354 Y21.599 E39.35130 F3600.000
G1 X12.719 Y20.127 E39.46626
G1 X11.824 Y18.117 E39.58123
G1 X11.824 Y15.916 E39.69619
G1 X12.719 Y13.906 E39.81115
G1 X14.354 Y12.434 E39.92612
G1 X16.447 Y11.754 E40.04108
G1 X18.635 Y11.984 E40.15604
G1 X20.541 Y13.084 E40.27101 F3600.000
G1 X21.746 Y14.742 E40.37809
G1 X70.136 Y14.742 E42.90626
G1 X72.435 Y14.984 E43.02702
G1 X74.341 Y16.084 E43.14199
G1 X75.634 Y17.864 E43.25695
G1 X76.107 Y20.089 E43.37580
G1 X76.107 Y63.124 E45.62413
G1 X75.634 Y65.349 E45.74298
G1 X74.341 Y67.129 E45.85794
G1 X72.435 Y68.229 E45.97291
G1 X70.136 Y68.471 E46.09367
G1 X19.483 Y68.471 E48.74008
G1 X17.354 Y67.779 E48.85700
G1 X15.719 Y66.307 E48.97197
G1 X14.824 Y64.297 E49.08693
G1 X14.824 Y21.812 E51.30654
G1 X14.331 Y22.110 F7800.000
G1 X14.102 Y22.036 E51.31369 F1800.000
G1 X12.311 Y20.423 E51.38524
G1 X11.331 Y18.221 E51.45679
G1 X11.331 Y15.811 E51.52835
G1 X12.311 Y13.610 E51.59990
G1 X14.102 Y11.997 E51.67145
G1 X16.394 Y11.253 E51.74301
G1 X18.791 Y11.505 E51.81456
G1 X20.878 Y12.710 E51.88611 F1800.000
G1 X21.997 Y14.249 E51.94263
G1 X70.162 Y14.249 E53.37273
G1 X72.591 Y14.505 E53.44523
G1 X74.678 Y15.710 E53.51678
G1 X76.095 Y17.659 E53.58834
G1 X76.600 Y20.037 E53.66053
G1 X76.600 Y63.175 E54.94135
G1 X76.095 Y65.554 E55.01354
G1 X74.678 Y67.503 E55.08510
G1 X72.591 Y68.708 E55.15665
G1 X70.162 Y68.964 E55.22916
G1 X19.405 Y68.964 E56.73622
G1 X17.102 Y68.216 E56.80810
G1 X15.311 Y66.603 E56.87965
G1 X14.331 Y64.401 E56.95120
G1 X14.331 Y22.170 E58.20511
G1 X14.381 Y21.874 F7800.000
G1 E57.20511 F18000.00000
G92 E0
G1 X15.833 Y25.388 F7800.000
G1 E1.00000 F18000.00000
G1 X16.389 Y25.945 E1.04284 F900.000
G1 X17.357 Y25.987 E1.09555
G1 X15.833 Y24.463 E1.21287
G1 X15.833 Y23.537 E1.26324
G1 X17.357 Y25.061 E1.38056
G1 X17.357 Y24.136 E1.43093
G1 X15.833 Y22.611 E1.54825
G1 X15.833 Y21.686 E1.59863
G1 X17.357 Y23.210 E1.71594
G1 X17.357 Y22.284 E1.76632
G1 X12.849 Y17.776 E2.11332
G1 X12.833 Y16.835 E2.16456
G1 X17.357 Y21.359 E2.51278
G1 X17.357 Y20.433 E2.56315
G1 X12.869 Y15.945 E2.90860
G1 X13.154 Y15.304 E2.94675
G1 X17.357 Y19.508 E3.27025
G1 X17.610 Y18.835 E3.30937
G1 X13.439 Y14.664 E3.63037
G1 X13.862 Y14.161 E3.66612
G1 X17.960 Y18.260 E3.98159
G1 X18.447 Y17.821 E4.01726
G1 X14.349 Y13.722 E4.33272
G1 X14.849 Y13.297 E4.36846
G1 X19.073 Y17.521 E4.69352
G1 X19.771 Y17.294 E4.73350
G1 X15.548 Y13.070 E5.05856
G1 X16.247 Y12.843 E5.09854
G1 X20.689 Y17.285 E5.44042
G1 X21.614 Y17.285 E5.49079
G1 X17.190 Y12.861 E5.83130
G1 X18.318 Y13.063 E5.89364
G1 X22.540 Y17.285 E6.21860
G1 X23.465 Y17.285 E6.26898
G1 X21.931 Y15.751 E6.38705
G1 X22.857 Y15.751 E6.43742
G1 X24.391 Y17.285 E6.55550
G1 X25.317 Y17.285 E6.60587
G1 X23.783 Y15.751 E6.72394
G1 X24.708 Y15.751 E6.77432
G1 X25.085 Y16.128 E6.80333
G1 X22.686 Y18.315 F7800.000
G1 X23.181 Y20.161 E6.90319 F4800.000
G1 X20.145 Y20.161 E7.06182
G1 X20.145 Y23.488 E7.23564
G1 X17.832 Y22.869 E7.36073
G1 X17.832 Y19.398 E7.54205
G1 X18.172 Y18.634 E7.58576
G1 X18.794 Y18.074 E7.62947
G1 X19.760 Y17.760 E7.68255
G1 X20.615 Y17.760 E7.72722
G1 X22.686 Y18.315 E7.83923
G1 X20.145 Y24.139 F7800.000
G1 X20.145 Y29.298 E8.10876 F4800.000
G1 X19.597 Y29.846 E8.14928
G1 X15.986 Y28.879 E8.34456
G1 X15.986 Y26.387 E8.47475
G1 X17.455 Y27.710 E8.57804
G1 X17.832 Y27.553 E8.59936
G1 X17.832 Y23.519 E8.81010
G1 X20.145 Y24.139 E8.93520
G1 X19.434 Y30.453 F7800.000
G1 X20.145 Y33.107 E9.07872 F4800.000
G1 X20.145 Y33.896 E9.11996
G1 X20.022 Y33.863 E9.12659
G1 X17.970 Y35.915 E9.27821
G1 X15.986 Y35.384 E9.38552
G1 X15.986 Y29.529 E9.69138
G1 X19.434 Y30.453 E9.87787
G1 X17.808 Y36.522 F7800.000
G1 X18.559 Y39.326 E10.02948 F4800.000
G1 X20.145 Y39.751 E10.11527
G1 X20.145 Y40.401 E10.14926
G1 X18.396 Y39.932 E10.24384
G1 X16.344 Y41.985 E10.39546
G1 X15.986 Y41.889 E10.41482
G1 X15.986 Y36.034 E10.72068
G1 X17.808 Y36.522 E10.81920
G1 X16.182 Y42.591 F7800.000
G1 X16.933 Y45.395 E10.97082 F4800.000
G1 X20.145 Y46.255 E11.14457
G1 X20.145 Y46.906 E11.17855
G1 X16.770 Y46.002 E11.36109
G1 X15.986 Y46.785 E11.41901
G1 X15.986 Y42.539 E11.64085
G1 X16.182 Y42.591 E11.65142
G1 X20.145 Y56.013 F7800.000
G1 X19.749 Y55.907 E11.67282 F4800.000
G1 X18.998 Y53.103 E11.82443
G1 X15.986 Y52.296 E11.98735
G1 X15.986 Y51.646 E12.02133
G1 X19.161 Y52.497 E12.19304
G1 X20.145 Y51.512 E12.26575
G1 X20.145 Y56.013 E12.50087
G1 X20.145 Y56.663 F7800.000
G1 X20.145 Y62.052 E12.78238 F4800.000
G1 X22.934 Y62.052 E12.92812
G1 X21.977 Y63.009 E12.99883
G1 X18.123 Y61.976 E13.20731
G1 X17.372 Y59.173 E13.35892
G1 X15.986 Y58.801 E13.43388
G1 X15.986 Y58.151 E13.46786
G1 X17.535 Y58.566 E13.55161
G1 X19.587 Y56.514 E13.70323
G1 X20.145 Y56.663 E13.73343
G1 X21.815 Y63.615 F7800.000
G1 X22.566 Y66.419 E13.88505 F4800.000
G1 X25.887 Y67.308 E14.06467
G1 X23.459 Y67.308 E14.19150
G1 X22.403 Y67.026 E14.24861
G1 X22.120 Y67.308 E14.26952
G1 X19.667 Y67.308 E14.39772
G1 X17.948 Y66.750 E14.49211
G1 X16.680 Y65.608 E14.58126
G1 X16.142 Y64.401 E14.65033
G1 X17.960 Y62.583 E14.78465
G1 X21.815 Y63.615 E14.99313
G1 X32.327 Y66.432 F7800.000
G1 X32.562 Y67.308 E15.04053 F4800.000
G1 X26.563 Y67.308 E15.35391
G1 X28.472 Y65.399 E15.49497
G1 X32.327 Y66.432 E15.70345
G1 X34.704 Y63.166 F7800.000
G1 X38.559 Y64.199 E15.91192 F4800.000
G1 X40.611 Y62.147 E16.06354
G1 X44.465 Y63.180 E16.27202
G1 X45.216 Y65.983 E16.42364
G1 X49.071 Y67.016 E16.63211
G1 X51.123 Y64.964 E16.78373
G1 X54.977 Y65.996 E16.99221
G1 X55.329 Y67.308 E17.06318
G1 X47.736 Y67.308 E17.45987
G1 X45.054 Y66.590 E17.60494
G1 X44.335 Y67.308 E17.65804
G1 X39.066 Y67.308 E17.93328
G1 X38.396 Y64.806 E18.06864
G1 X34.542 Y63.773 E18.27712
G1 X32.489 Y65.825 E18.42874
G1 X28.635 Y64.792 E18.63721
G1 X27.901 Y62.052 E18.78546
G1 X34.405 Y62.052 E19.12531
G1 X34.704 Y63.166 E19.18560
G1 X44.628 Y62.573 F7800.000
G1 X42.682 Y62.052 E19.29082 F4800.000
G1 X45.149 Y62.052 E19.41968
G1 X44.628 Y62.573 E19.45820
G1 X67.115 Y62.744 F7800.000
G1 X67.866 Y65.547 E19.60982 F4800.000
G1 X71.721 Y66.580 E19.81829
G1 X73.773 Y64.528 E19.96991
G1 X74.575 Y64.743 E20.01329
G1 X74.549 Y64.865 E20.01985
G1 X73.546 Y66.246 E20.10899
G1 X72.068 Y67.099 E20.19814
G1 X71.466 Y67.162 E20.22974
G1 X67.704 Y66.154 E20.43326
G1 X66.549 Y67.308 E20.51856
G1 X62.301 Y67.308 E20.74048
G1 X61.797 Y67.173 E20.76776
G1 X61.046 Y64.370 E20.91938
G1 X57.192 Y63.337 E21.12785
G1 X55.140 Y65.389 E21.27947
G1 X51.285 Y64.357 E21.48795
G1 X50.668 Y62.052 E21.61263
G1 X57.172 Y62.052 E21.95247
G1 X57.354 Y62.730 E21.98920
G1 X61.209 Y63.763 E22.19767
G1 X62.920 Y62.052 E22.32414
G1 X64.531 Y62.052 E22.40829
G1 X67.115 Y62.744 E22.54806
G1 X67.278 Y62.137 F7800.000
G1 X66.959 Y62.052 E22.56532 F4800.000
G1 X67.363 Y62.052 E22.58646
G1 X67.278 Y62.137 E22.59278
G1 X74.945 Y63.001 F7800.000
G1 X74.706 Y64.127 E22.65291 F4800.000
G1 X73.935 Y63.921 E22.69458
G1 X73.184 Y61.118 E22.84619
G1 X69.655 Y60.172 E23.03708
G1 X69.655 Y59.522 E23.07107
G1 X73.347 Y60.511 E23.27075
G1 X74.945 Y58.913 E23.38882
G1 X74.945 Y63.001 E23.60243
G1 X70.368 Y50.606 F7800.000
G1 X71.119 Y53.409 E23.75405 F4800.000
G1 X74.945 Y54.434 E23.96100
G1 X74.945 Y55.550 E24.01932
G1 X74.810 Y55.049 E24.04646
G1 X70.956 Y54.016 E24.25493
G1 X69.655 Y55.317 E24.35106
G1 X69.655 Y50.415 E24.60716
G1 X70.368 Y50.606 E24.64570
G1 X71.994 Y44.537 F7800.000
G1 X72.745 Y47.340 E24.79732 F4800.000
G1 X74.945 Y47.929 E24.91631
G1 X74.945 Y48.580 E24.95030
G1 X72.582 Y47.947 E25.07809
G1 X70.530 Y49.999 E25.22971
G1 X69.655 Y49.764 E25.27704
G1 X69.655 Y43.910 E25.58290
G1 X71.994 Y44.537 E25.70940
G1 X73.620 Y38.468 F7800.000
G1 X74.371 Y41.271 E25.86102 F4800.000
G1 X74.945 Y41.425 E25.89205
G1 X74.945 Y42.075 E25.92604
G1 X74.209 Y41.878 E25.96587
G1 X72.156 Y43.930 E26.11749
G1 X69.655 Y43.260 E26.25278
G1 X69.655 Y37.545 E26.55132
G1 X69.766 Y37.435 E26.55948
G1 X73.620 Y38.468 E26.76796
G1 X74.945 Y32.318 F7800.000
G1 X74.945 Y36.698 E26.99683 F4800.000
G1 X73.783 Y37.861 E27.08270
G1 X69.928 Y36.828 E27.29118
G1 X69.655 Y35.808 E27.34632
G1 X69.655 Y33.102 E27.48769
G1 X71.392 Y31.366 E27.61601
G1 X74.945 Y32.318 E27.80819
G1 X74.945 Y25.813 F7800.000
G1 X74.945 Y31.667 E28.11405 F4800.000
G1 X71.554 Y30.759 E28.29743
G1 X70.803 Y27.956 E28.44905
G1 X69.655 Y27.648 E28.51116
G1 X69.655 Y26.997 E28.54514
G1 X70.966 Y27.349 E28.61605
G1 X73.018 Y25.297 E28.76767
G1 X74.945 Y25.813 E28.87189
G1 X74.741 Y19.254 F7800.000
G1 X74.945 Y20.211 E28.92305 F4800.000
G1 X74.945 Y25.162 E29.18172
G1 X73.181 Y24.690 E29.27714
G1 X72.430 Y21.887 E29.42876
G1 X69.655 Y21.143 E29.57882
G1 X69.655 Y20.493 E29.61281
G1 X72.592 Y21.280 E29.77167
G1 X74.644 Y19.228 E29.92329
G1 X74.741 Y19.254 E29.92854
G1 X68.149 Y16.837 F7800.000
G1 X64.670 Y15.904 E30.11674 F4800.000
G1 X69.082 Y15.904 E30.34723
G1 X68.149 Y16.837 E30.41612
G1 X58.226 Y17.430 F7800.000
G1 X62.080 Y18.463 E30.62459 F4800.000
G1 X64.132 Y16.411 E30.77621
G1 X67.987 Y17.444 E30.98469
G1 X68.715 Y20.161 E31.13169
G1 X62.210 Y20.161 E31.47153
G1 X61.918 Y19.070 E31.53057
G1 X58.063 Y18.037 E31.73904
G1 X56.011 Y20.089 E31.89066
G1 X52.157 Y19.056 E32.09914
G1 X51.406 Y16.253 E32.25076
G1 X50.104 Y15.904 E32.32116
G1 X57.817 Y15.904 E32.72413
G1 X58.226 Y17.430 E32.80665
G1 X53.853 Y20.161 F7800.000
G1 X51.496 Y20.161 E32.92979 F4800.000
G1 X51.994 Y19.663 E32.96660
G1 X53.853 Y20.161 E33.06714
G1 X45.499 Y17.272 F7800.000
G1 X41.645 Y16.240 E33.27562 F4800.000
G1 X41.555 Y15.904 E33.29375
G1 X46.867 Y15.904 E33.57129
G1 X45.499 Y17.272 E33.67237
G1 X35.576 Y17.866 F7800.000
G1 X39.430 Y18.899 E33.88085 F4800.000
G1 X41.482 Y16.847 E34.03247
G1 X45.337 Y17.879 E34.24095
G1 X45.948 Y20.161 E34.36437
G1 X39.443 Y20.161 E34.70422
G1 X39.267 Y19.506 E34.73969
G1 X35.413 Y18.473 E34.94816
G1 X33.724 Y20.161 E35.07292
G1 X32.004 Y20.161 E35.16279
G1 X29.507 Y19.492 E35.29789
G1 X28.755 Y16.689 E35.44951
G1 X25.828 Y15.904 E35.60787
G1 X28.255 Y15.904 E35.73470
G1 X28.918 Y16.082 E35.77055
G1 X29.096 Y15.904 E35.78368
G1 X35.050 Y15.904 E36.09476
G1 X35.576 Y17.866 E36.20086
G1 X29.577 Y20.161 F7800.000
G1 X29.282 Y20.161 E36.21627 F4800.000
G1 X29.344 Y20.099 E36.22088
G1 X29.577 Y20.161 E36.23347
M106 S168.3
G1 Z2.100 F7800.000
G1 X20.679 Y20.695 F7800.000
G1 X69.121 Y20.695 E38.76432 F3600.000
G1 X69.121 Y61.517 E40.89706
G1 X20.679 Y61.517 E43.42791
G1 X20.679 Y20.755 E45.55752
G1 X21.307 Y21.324 F7800.000
G1 X68.493 Y21.324 E48.02272 F3600.000
G1 X68.493 Y60.889 E50.08981
G1 X21.307 Y60.889 E52.55500
G1 X21.307 Y21.384 E54.61896
G1 X21.800 Y21.816 F7800.000
G1 X68.000 Y21.816 E55.99070 F1800.000
G1 X68.000 Y60.396 E57.13619
G1 X21.800 Y60.396 E58.50792
G1 X21.800 Y21.876 E59.65163
G1 X21.800 Y21.416 F7800.000
G1 X15.839 Y21.816 F7800.000
G1 X15.839 Y18.975 E59.80011 F3600.000
G1 X16.524 Y17.436 E59.88808
G1 X17.775 Y16.310 E59.97606
G1 X19.445 Y15.767 E60.06777
G1 X70.366 Y15.767 E62.72816
G1 X72.251 Y15.965 E62.82719
G1 X73.710 Y16.807 E62.91516 F3600.000
G1 X74.699 Y18.169 E63.00313
G1 X75.079 Y19.955 E63.09852
G1 X75.079 Y62.858 E65.33995
G1 X74.699 Y64.644 E65.43534
G1 X73.710 Y66.006 E65.52331
G1 X73.521 Y66.115 E65.53468
G1 X73.310 Y66.406 E65.55348
G1 X71.851 Y67.248 E65.64146
G1 X69.966 Y67.446 E65.74049
G1 X19.445 Y67.446 E68.37998
G1 X17.775 Y66.903 E68.47169
G1 X16.524 Y65.777 E68.55966
G1 X15.839 Y64.238 E68.64764
G1 X15.839 Y21.876 E70.86083
G1 X15.211 Y21.816 F7800.000
G1 X15.211 Y18.841 E71.01629 F3600.000
G1 X16.004 Y17.059 E71.11821
G1 X17.454 Y15.753 E71.22014
G1 X19.345 Y15.139 E71.32403
G1 X70.399 Y15.139 E73.99134
G1 X72.450 Y15.354 E74.09907
G1 X74.139 Y16.330 E74.20100 F3600.000
G1 X75.286 Y17.908 E74.30292
G1 X75.707 Y19.889 E74.40874
G1 X75.707 Y62.924 E76.65707
G1 X75.286 Y64.905 E76.76288
G1 X74.139 Y66.483 E76.86481
G1 X73.951 Y66.592 E76.87618
G1 X73.739 Y66.883 E76.89499
G1 X72.050 Y67.859 E76.99691
G1 X69.999 Y68.074 E77.10464
G1 X19.345 Y68.074 E79.75105
G1 X17.454 Y67.460 E79.85494
G1 X16.004 Y66.154 E79.95687
G1 X15.211 Y64.372 E80.05880
G1 X15.211 Y21.876 E82.27897
G1 X14.718 Y21.816 F7800.000
G1 X14.718 Y18.736 E82.37042 F1800.000
G1 X15.597 Y16.763 E82.43457
G1 X17.202 Y15.317 E82.49872
G1 X19.267 Y14.646 E82.56318
G1 X70.425 Y14.646 E84.08213
G1 X72.606 Y14.875 E84.14722
G1 X74.477 Y15.955 E84.21137 F1800.000
G1 X75.746 Y17.703 E84.27552
G1 X76.200 Y19.837 E84.34030
G1 X76.200 Y62.975 E85.62112
G1 X75.746 Y65.110 E85.68590
G1 X74.477 Y66.858 E85.75005
G1 X74.288 Y66.966 E85.75651
G1 X74.077 Y67.258 E85.76720
G1 X72.206 Y68.338 E85.83134
G1 X70.025 Y68.567 E85.89644
G1 X19.267 Y68.567 E87.40351
G1 X17.202 Y67.896 E87.46797
G1 X15.597 Y66.450 E87.53212
G1 X14.718 Y64.477 E87.59626
G1 X14.718 Y21.876 E88.86112
G1 X15.064 Y21.616 F7800.000
G1 E87.86112 F18000.00000
G92 E0
G1 X18.995 Y16.675 F7800.000
G1 E1.00000 F18000.00000
G1 X16.373 Y19.297 E1.19369 F4800.000
G1 X16.373 Y19.088 E1.20460
G1 X16.966 Y17.757 E1.28072
G1 X18.048 Y16.782 E1.35683
G1 X18.945 Y16.491 E1.40610
G1 X18.995 Y16.675 E1.41608
G1 X22.686 Y18.315 F7800.000
G1 X23.181 Y20.161 E1.51594 F4800.000
G1 X20.145 Y20.161 E1.67456
G1 X20.145 Y23.814 E1.86538
G1 X17.813 Y23.189 E1.99152
G1 X16.373 Y24.628 E2.09789
G1 X16.373 Y23.740 E2.14431
G1 X17.368 Y22.745 E2.21785
G1 X16.617 Y19.941 E2.36947
G1 X19.439 Y17.120 E2.57794
G1 X22.242 Y17.871 E2.72956
G1 X23.812 Y16.301 E2.84554
G1 X24.700 Y16.301 E2.89197
G1 X22.686 Y18.315 E3.04077
G1 X20.145 Y29.742 F7800.000
G1 X19.434 Y30.453 E3.09330 F4800.000
G1 X20.145 Y33.107 E3.23682
G1 X20.145 Y33.297 E3.24674
G1 X17.363 Y36.078 E3.45225
G1 X16.373 Y35.813 E3.50582
G1 X16.373 Y29.308 E3.84566
G1 X18.990 Y30.009 E3.98719
G1 X20.145 Y28.854 E4.07255
G1 X20.145 Y29.742 E4.11897
G1 X20.145 Y40.076 F7800.000
G1 X19.003 Y39.770 E4.18073 F4800.000
G1 X16.373 Y42.400 E4.37505
G1 X16.373 Y41.511 E4.42147
G1 X18.559 Y39.326 E4.58297
G1 X17.808 Y36.522 E4.73459
G1 X20.145 Y34.185 E4.90727
G1 X20.145 Y40.076 E5.21503
G1 X16.933 Y45.395 F7800.000
G1 X16.373 Y45.954 E5.25637 F4800.000
G1 X16.373 Y43.306 E5.39471
G1 X16.933 Y45.395 E5.50766
G1 X20.145 Y46.581 F7800.000
G1 X20.145 Y51.068 E5.74211 F4800.000
G1 X18.554 Y52.659 E5.85966
G1 X16.373 Y52.075 E5.97762
G1 X16.373 Y46.843 E6.25096
G1 X17.377 Y45.839 E6.32513
G1 X20.145 Y46.581 E6.47485
G1 X20.145 Y56.400 F7800.000
G1 X17.372 Y59.173 E6.67973 F4800.000
G1 X18.123 Y61.976 E6.83135
G1 X16.373 Y63.726 E6.96065
G1 X16.373 Y58.580 E7.22951
G1 X16.928 Y58.728 E7.25950
G1 X19.749 Y55.907 E7.46798
G1 X18.998 Y53.103 E7.61960
G1 X20.145 Y51.957 E7.70433
G1 X20.145 Y56.400 E7.93644
G1 X21.815 Y63.615 F7800.000
G1 X22.566 Y66.419 E8.08806 F4800.000
G1 X22.073 Y66.912 E8.12450
G1 X19.529 Y66.912 E8.25738
G1 X18.048 Y66.431 E8.33874
G1 X16.966 Y65.456 E8.41486
G1 X16.524 Y64.464 E8.47160
G1 X18.567 Y62.420 E8.62259
G1 X21.371 Y63.171 E8.77420
G1 X22.490 Y62.052 E8.85693
G1 X23.379 Y62.052 E8.90335
G1 X21.815 Y63.615 E9.01890
G1 X23.193 Y66.912 F7800.000
G1 X22.961 Y66.912 E9.03098 F4800.000
G1 X23.010 Y66.863 E9.03459
G1 X23.193 Y66.912 E9.04445
G1 X34.704 Y63.166 F7800.000
G1 X31.883 Y65.988 E9.25292 F4800.000
G1 X29.079 Y65.237 E9.40454
G1 X27.404 Y66.912 E9.52831
G1 X26.516 Y66.912 E9.57473
G1 X28.635 Y64.792 E9.73132
G1 X27.901 Y62.052 E9.87957
G1 X34.405 Y62.052 E10.21941
G1 X34.704 Y63.166 E10.27970
G1 X38.396 Y64.806 F7800.000
G1 X38.960 Y66.912 E10.39360 F4800.000
G1 X32.455 Y66.912 E10.73345
G1 X32.327 Y66.432 E10.75939
G1 X35.148 Y63.610 E10.96787
G1 X37.952 Y64.362 E11.11949
G1 X40.262 Y62.052 E11.29017
G1 X41.150 Y62.052 E11.33659
G1 X38.396 Y64.806 E11.54010
G1 X44.021 Y62.735 F7800.000
G1 X41.468 Y62.052 E11.67815 F4800.000
G1 X44.705 Y62.052 E11.84722
G1 X44.021 Y62.735 E11.89774
G1 X51.285 Y64.357 F7800.000
G1 X48.730 Y66.912 E12.08653 F4800.000
G1 X47.469 Y66.912 E12.15242
G1 X45.660 Y66.427 E12.25024
G1 X45.176 Y66.912 E12.28604
G1 X44.287 Y66.912 E12.33247
G1 X45.216 Y65.983 E12.40110
G1 X44.465 Y63.180 E12.55272
G1 X45.593 Y62.052 E12.63607
G1 X50.668 Y62.052 E12.90118
G1 X51.285 Y64.357 E13.02586
G1 X60.602 Y63.926 F7800.000
G1 X57.799 Y63.175 E13.17748 F4800.000
G1 X54.977 Y65.996 E13.38596
G1 X55.222 Y66.912 E13.43547
G1 X49.619 Y66.912 E13.72823
G1 X51.730 Y64.801 E13.88418
G1 X54.533 Y65.552 E14.03580
G1 X57.354 Y62.730 E14.24428
G1 X57.172 Y62.052 E14.28100
G1 X62.476 Y62.052 E14.55809
G1 X60.602 Y63.926 E14.69658
G1 X67.115 Y62.744 F7800.000
G1 X67.866 Y65.547 E14.84820 F4800.000
G1 X66.502 Y66.912 E14.94903
G1 X61.727 Y66.912 E15.19847
G1 X61.046 Y64.370 E15.33594
G1 X63.365 Y62.052 E15.50725
G1 X65.745 Y62.052 E15.63160
G1 X66.671 Y62.300 E15.68169
G1 X66.919 Y62.052 E15.70003
G1 X67.808 Y62.052 E15.74645
G1 X67.115 Y62.744 E15.79761
G1 X74.545 Y62.801 F7800.000
G1 X74.201 Y64.421 E15.88413 F4800.000
G1 X73.874 Y64.871 E15.91315
G1 X72.472 Y66.272 E16.01672
G1 X71.683 Y66.728 E16.06436
G1 X69.938 Y66.912 E16.15600
G1 X67.390 Y66.912 E16.28912
G1 X68.311 Y65.991 E16.35712
G1 X71.114 Y66.743 E16.50874
G1 X73.935 Y63.921 E16.71721
G1 X73.184 Y61.118 E16.86883
G1 X74.545 Y59.757 E16.96936
G1 X74.545 Y62.801 E17.12842
G1 X74.366 Y54.604 F7800.000
G1 X74.545 Y54.426 E17.14162 F4800.000
G1 X74.545 Y58.869 E17.37374
G1 X72.740 Y60.673 E17.50710
G1 X69.937 Y59.922 E17.65872
G1 X69.655 Y60.204 E17.67953
G1 X69.655 Y55.761 E17.91165
G1 X71.563 Y53.853 E18.05262
G1 X74.366 Y54.604 E18.20424
G1 X74.545 Y48.147 F7800.000
G1 X73.189 Y47.784 E18.27756 F4800.000
G1 X70.368 Y50.606 E18.48604
G1 X71.119 Y53.409 E18.63766
G1 X69.655 Y54.873 E18.74580
G1 X69.655 Y50.090 E18.99569
G1 X69.923 Y50.161 E19.01020
G1 X72.745 Y47.340 E19.21867
G1 X71.994 Y44.537 E19.37029
G1 X74.545 Y41.986 E19.55878
G1 X74.545 Y48.147 E19.88071
G1 X74.545 Y37.543 F7800.000
G1 X73.620 Y38.468 E19.94904 F4800.000
G1 X74.371 Y41.271 E20.10066
G1 X71.550 Y44.092 E20.30914
G1 X69.655 Y43.585 E20.41160
G1 X69.655 Y37.990 E20.70392
G1 X70.373 Y37.272 E20.75693
G1 X73.176 Y38.023 E20.90855
G1 X74.545 Y36.654 E21.00971
G1 X74.545 Y37.543 E21.05614
G1 X69.928 Y36.828 F7800.000
G1 X69.655 Y37.101 E21.07632 F4800.000
G1 X69.655 Y35.808 E21.14386
G1 X69.928 Y36.828 E21.19900
G1 X74.545 Y25.381 F7800.000
G1 X74.545 Y31.885 E21.53884 F4800.000
G1 X71.999 Y31.203 E21.67656
G1 X69.655 Y33.547 E21.84972
G1 X69.655 Y32.658 E21.89615
G1 X71.554 Y30.759 E22.03648
G1 X70.803 Y27.956 E22.18810
G1 X73.625 Y25.134 E22.39658
G1 X74.545 Y25.381 E22.44634
G1 X74.503 Y19.813 F7800.000
G1 X72.430 Y21.887 E22.59952 F4800.000
G1 X73.181 Y24.690 E22.75114
G1 X70.359 Y27.511 E22.95961
G1 X69.655 Y27.323 E22.99769
G1 X69.655 Y20.818 E23.33754
G1 X71.985 Y21.442 E23.46357
G1 X74.347 Y19.080 E23.63807
G1 X74.503 Y19.813 E23.67721
G1 X67.987 Y17.444 F7800.000
G1 X68.715 Y20.161 E23.82421 F4800.000
G1 X62.210 Y20.161 E24.16405
G1 X61.918 Y19.070 E24.22309
G1 X64.686 Y16.301 E24.42766
G1 X64.937 Y16.301 E24.44073
G1 X67.542 Y16.999 E24.58168
G1 X68.241 Y16.301 E24.63327
G1 X69.129 Y16.301 E24.67969
G1 X67.987 Y17.444 E24.76411
G1 X61.473 Y18.626 F7800.000
G1 X58.670 Y17.874 E24.91573 F4800.000
G1 X56.383 Y20.161 E25.08470
G1 X55.495 Y20.161 E25.13112
G1 X58.226 Y17.430 E25.33292
G1 X57.923 Y16.301 E25.39399
G1 X63.798 Y16.301 E25.70090
G1 X61.473 Y18.626 E25.87264
G1 X55.067 Y20.161 F7800.000
G1 X51.940 Y20.161 E26.03599 F4800.000
G1 X52.601 Y19.501 E26.08480
G1 X55.067 Y20.161 E26.21818
G1 X52.157 Y19.056 F7800.000
G1 X51.052 Y20.161 E26.29982 F4800.000
G1 X45.948 Y20.161 E26.56647
G1 X45.337 Y17.879 E26.68989
G1 X46.915 Y16.301 E26.80650
G1 X51.418 Y16.301 E27.04180
G1 X52.157 Y19.056 E27.19082
G1 X44.892 Y17.435 F7800.000
G1 X42.089 Y16.684 E27.34244 F4800.000
G1 X39.267 Y19.506 E27.55092
G1 X39.443 Y20.161 E27.58639
G1 X34.169 Y20.161 E27.86195
G1 X36.020 Y18.310 E27.99872
G1 X38.823 Y19.061 E28.15034
G1 X41.583 Y16.301 E28.35428
G1 X46.026 Y16.301 E28.58640
G1 X44.892 Y17.435 E28.67018
G1 X35.576 Y17.866 F7800.000
G1 X33.280 Y20.161 E28.83979 F4800.000
G1 X30.790 Y20.161 E28.96986
G1 X29.951 Y19.936 E29.01527
G1 X29.726 Y20.161 E29.03190
G1 X28.837 Y20.161 E29.07832
G1 X29.507 Y19.492 E29.12777
G1 X28.755 Y16.689 E29.27939
G1 X29.143 Y16.301 E29.30804
G1 X35.156 Y16.301 E29.62220
G1 X35.576 Y17.866 E29.70683
M106 S170.85
G1 Z2.300 F7800.000
G1 X20.679 Y20.695 F7800.000
G1 X69.121 Y20.695 E32.23768 F3600.000
G1 X69.121 Y61.517 E34.37042
G1 X20.679 Y61.517 E36.90127
G1 X20.679 Y20.755 E39.03088
G1 X21.307 Y21.324 F7800.000
G1 X68.493 Y21.324 E41.49608 F3600.000
G1 X68.493 Y60.889 E43.56317
G1 X21.307 Y60.889 E46.02837
G1 X21.307 Y21.384 E48.09232
G1 X21.800 Y21.816 F7800.000
G1 X68.000 Y21.816 E49.46406 F1800.000
G1 X68.000 Y60.396 E50.60955
G1 X21.800 Y60.396 E51.98129
G1 X21.800 Y21.876 E53.12500
G1 X21.800 Y21.416 F7800.000
G1 X16.226 Y21.816 F7800.000
G1 X16.226 Y18.899 E53.27741 F3600.000
G1 X16.809 Y17.589 E53.35234
G1 X17.875 Y16.629 E53.42728
G1 X19.307 Y16.164 E53.50596
G1 X70.629 Y16.164 E56.18725
G1 X72.266 Y16.336 E56.27324
G1 X73.508 Y17.053 E56.34818 F3600.000
G1 X74.351 Y18.213 E56.42312
G1 X74.679 Y19.755 E56.50547
G1 X74.679 Y62.658 E58.74690
G1 X74.351 Y64.199 E58.82925
G1 X73.508 Y65.360 E58.90419
G1 X73.131 Y65.577 E58.92692
G1 X72.708 Y66.160 E58.96454
G1 X71.466 Y66.877 E59.03948
G1 X69.829 Y67.049 E59.12547
G1 X19.307 Y67.049 E61.76496
G1 X17.875 Y66.584 E61.84364
G1 X16.809 Y65.624 E61.91858
G1 X16.226 Y64.314 E61.99352
G1 X16.226 Y21.876 E64.21064
G1 X15.598 Y21.816 F7800.000
G1 X15.598 Y18.766 E64.37003 F3600.000
G1 X16.290 Y17.211 E64.45892
G1 X17.554 Y16.073 E64.54782
G1 X19.208 Y15.535 E64.63867
G1 X70.662 Y15.535 E67.32688
G1 X72.464 Y15.725 E67.42157
G1 X73.938 Y16.576 E67.51046 F3600.000
G1 X74.938 Y17.952 E67.59935
G1 X75.307 Y19.689 E67.69214
G1 X75.307 Y62.724 E69.94046
G1 X74.938 Y64.461 E70.03325
G1 X73.938 Y65.837 E70.12214
G1 X73.561 Y66.055 E70.14487
G1 X73.138 Y66.637 E70.18249
G1 X71.664 Y67.488 E70.27138
G1 X69.862 Y67.677 E70.36607
G1 X19.208 Y67.677 E73.01248
G1 X17.554 Y67.140 E73.10334
G1 X16.290 Y66.002 E73.19223
G1 X15.598 Y64.447 E73.28112
G1 X15.598 Y21.876 E75.50523
G1 X15.105 Y21.816 F7800.000
G1 X15.105 Y18.661 E75.59892 F1800.000
G1 X15.882 Y16.915 E75.65566
G1 X17.302 Y15.637 E75.71239
G1 X19.130 Y15.043 E75.76945
G1 X70.688 Y15.043 E77.30027
G1 X72.620 Y15.246 E77.35796
G1 X74.275 Y16.201 E77.41470 F1800.000
G1 X75.398 Y17.747 E77.47144
G1 X75.800 Y19.637 E77.52881
G1 X75.800 Y62.775 E78.80963
G1 X75.398 Y64.666 E78.86701
G1 X74.275 Y66.212 E78.92375
G1 X73.898 Y66.429 E78.93667
G1 X73.475 Y67.012 E78.95804
G1 X71.820 Y67.967 E79.01478
G1 X69.888 Y68.170 E79.07247
G1 X19.130 Y68.170 E80.57954
G1 X17.302 Y67.576 E80.63660
G1 X15.882 Y66.298 E80.69334
G1 X15.105 Y64.552 E80.75007
G1 X15.105 Y21.876 E82.01716
G1 X15.451 Y21.616 F7800.000
G1 E81.01716 F18000.00000
G92 E0
G1 X17.206 Y23.351 F7800.000
G1 E1.00000 F18000.00000
G1 X16.760 Y21.688 E1.08999 F4800.000
G1 X16.760 Y23.797 E1.20019
G1 X17.206 Y23.351 E1.23313
G1 X19.439 Y17.120 F7800.000
G1 X19.331 Y16.718 E1.25488 F4800.000
G1 X18.733 Y16.912 E1.28775
G1 X18.832 Y17.282 E1.30778
G1 X16.780 Y19.334 E1.45940
G1 X17.813 Y23.189 E1.66787
G1 X20.145 Y23.814 E1.79402
G1 X20.145 Y20.161 E1.98484
G1 X22.856 Y20.161 E2.12647
G1 X22.242 Y17.871 E2.25036
G1 X19.439 Y17.120 E2.40198
G1 X29.344 Y20.099 F7800.000
G1 X28.433 Y16.698 E2.58594 F4800.000
G1 X23.859 Y16.698 E2.82487
G1 X22.849 Y17.708 E2.89952
G1 X23.506 Y20.161 E3.03221
G1 X29.282 Y20.161 E3.33394
G1 X29.344 Y20.099 E3.33854
G1 X35.413 Y18.473 F7800.000
G1 X34.937 Y16.698 E3.43455 F4800.000
G1 X29.083 Y16.698 E3.74041
G1 X29.951 Y19.936 E3.91558
G1 X30.790 Y20.161 E3.96099
G1 X33.724 Y20.161 E4.11428
G1 X35.413 Y18.473 E4.23904
G1 X41.482 Y16.847 F7800.000
G1 X41.442 Y16.698 E4.24708 F4800.000
G1 X35.588 Y16.698 E4.55294
G1 X36.020 Y18.310 E4.64015
G1 X38.823 Y19.061 E4.79177
G1 X39.118 Y20.161 E4.85127
G1 X39.768 Y20.161 E4.88526
G1 X39.430 Y18.899 E4.95355
G1 X41.482 Y16.847 E5.10517
G1 X45.499 Y17.272 F7800.000
G1 X46.074 Y16.698 E5.14763 F4800.000
G1 X42.141 Y16.698 E5.35311
G1 X44.892 Y17.435 E5.50193
G1 X45.623 Y20.161 E5.64939
G1 X46.273 Y20.161 E5.68338
G1 X45.499 Y17.272 E5.83963
G1 X52.601 Y19.501 F7800.000
G1 X51.850 Y16.698 E5.99123 F4800.000
G1 X51.200 Y16.698 E6.02521
G1 X51.994 Y19.663 E6.18561
G1 X51.496 Y20.161 E6.22241
G1 X55.067 Y20.161 E6.40897
G1 X52.601 Y19.501 E6.54234
G1 X58.670 Y17.874 F7800.000
G1 X58.355 Y16.698 E6.60598 F4800.000
G1 X57.704 Y16.698 E6.63997
G1 X58.063 Y18.037 E6.71241
G1 X56.011 Y20.089 E6.86402
G1 X56.030 Y20.161 E6.86793
G1 X61.885 Y20.161 E7.17379
G1 X61.473 Y18.626 E7.25686
G1 X58.670 Y17.874 E7.40848
G1 X67.542 Y16.999 F7800.000
G1 X66.417 Y16.698 E7.46934 F4800.000
G1 X63.845 Y16.698 E7.60371
G1 X62.080 Y18.463 E7.73412
G1 X62.535 Y20.161 E7.82599
G1 X68.390 Y20.161 E8.13185
G1 X67.542 Y16.999 E8.30287
G1 X72.097 Y16.855 F7800.000
G1 X70.601 Y16.698 E8.38147 F4800.000
G1 X68.288 Y16.698 E8.50231
G1 X68.149 Y16.837 E8.51257
G1 X69.040 Y20.161 E8.69239
G1 X69.655 Y20.161 E8.72452
G1 X69.655 Y20.818 E8.75882
G1 X71.985 Y21.442 E8.88486
G1 X73.018 Y25.297 E9.09333
G1 X70.966 Y27.349 E9.24495
G1 X71.999 Y31.203 E9.45343
G1 X74.145 Y31.778 E9.56951
G1 X74.145 Y25.273 E9.90935
G1 X73.625 Y25.134 E9.93748
G1 X72.592 Y21.280 E10.14595
G1 X74.130 Y19.742 E10.25958
G1 X73.852 Y18.435 E10.32935
G1 X73.143 Y17.459 E10.39243
G1 X72.097 Y16.855 E10.45550
G1 X70.359 Y27.511 F7800.000
G1 X69.655 Y27.323 E10.49358 F4800.000
G1 X69.655 Y33.102 E10.79554
G1 X71.392 Y31.366 E10.92387
G1 X70.359 Y27.511 E11.13234
G1 X70.373 Y37.272 F7800.000
G1 X69.655 Y34.595 E11.27717 F4800.000
G1 X69.655 Y37.022 E11.40400
G1 X69.766 Y37.435 E11.42631
G1 X69.655 Y37.545 E11.43448
G1 X69.655 Y43.585 E11.75001
G1 X71.550 Y44.092 E11.85248
G1 X72.582 Y47.947 E12.06095
G1 X70.530 Y49.999 E12.21257
G1 X71.563 Y53.853 E12.42105
G1 X74.145 Y54.545 E12.56070
G1 X74.145 Y48.040 E12.90054
G1 X73.189 Y47.784 E12.95223
G1 X72.156 Y43.930 E13.16071
G1 X74.145 Y41.941 E13.30763
G1 X74.145 Y41.640 E13.32335
G1 X73.176 Y38.023 E13.51899
G1 X70.373 Y37.272 E13.67061
G1 X74.145 Y39.213 F7800.000
G1 X74.145 Y37.498 E13.76018 F4800.000
G1 X73.783 Y37.861 E13.78694
G1 X74.145 Y39.213 E13.86007
G1 X69.923 Y50.161 F7800.000
G1 X69.655 Y50.090 E13.87458 F4800.000
G1 X69.655 Y55.317 E14.14768
G1 X70.956 Y54.016 E14.24381
G1 X69.923 Y50.161 E14.45228
G1 X69.937 Y59.922 F7800.000
G1 X69.655 Y58.871 E14.50915 F4800.000
G1 X69.655 Y62.052 E14.67532
G1 X67.363 Y62.052 E14.79505
G1 X67.278 Y62.137 E14.80137
G1 X68.311 Y65.991 E15.00984
G1 X70.134 Y66.480 E15.10848
G1 X71.297 Y66.358 E15.16958
G1 X72.343 Y65.754 E15.23265
G1 X72.766 Y65.172 E15.27027
G1 X73.143 Y64.954 E15.29300
G1 X73.686 Y64.206 E15.34132
G1 X72.740 Y60.673 E15.53238
G1 X69.937 Y59.922 E15.68400
G1 X66.671 Y62.300 F7800.000
G1 X65.745 Y62.052 E15.73409 F4800.000
G1 X62.920 Y62.052 E15.88165
G1 X61.209 Y63.763 E16.00812
G1 X61.946 Y66.515 E16.15696
G1 X67.343 Y66.515 E16.43891
G1 X67.704 Y66.154 E16.46558
G1 X66.671 Y62.300 E16.67406
G1 X74.145 Y62.601 F7800.000
G1 X74.145 Y59.713 E16.82498 F4800.000
G1 X73.347 Y60.511 E16.88394
G1 X74.040 Y63.096 E17.02379
G1 X74.145 Y62.601 E17.05023
G1 X57.799 Y63.175 F7800.000
G1 X57.498 Y62.052 E17.11098 F4800.000
G1 X56.847 Y62.052 E17.14497
G1 X57.192 Y63.337 E17.21451
G1 X55.140 Y65.389 E17.36613
G1 X55.441 Y66.515 E17.42701
G1 X61.296 Y66.515 E17.73287
G1 X60.602 Y63.926 E17.87292
G1 X57.799 Y63.175 E18.02454
G1 X51.730 Y64.801 F7800.000
G1 X50.993 Y62.052 E18.17325 F4800.000
G1 X50.342 Y62.052 E18.20723
G1 X51.123 Y64.964 E18.36474
G1 X49.571 Y66.515 E18.47937
G1 X54.791 Y66.515 E18.75207
G1 X54.533 Y65.552 E18.80415
G1 X51.730 Y64.801 E18.95577
G1 X44.628 Y62.573 F7800.000
G1 X45.149 Y62.052 E18.99428 F4800.000
G1 X41.468 Y62.052 E19.18657
G1 X44.021 Y62.735 E19.32461
G1 X45.033 Y66.515 E19.52905
G1 X45.988 Y66.515 E19.57893
G1 X45.660 Y66.427 E19.59667
G1 X44.628 Y62.573 E19.80515
G1 X40.611 Y62.147 F7800.000
G1 X40.585 Y62.052 E19.81031 F4800.000
G1 X34.731 Y62.052 E20.11617
G1 X35.148 Y63.610 E20.20049
G1 X37.952 Y64.362 E20.35211
G1 X38.529 Y66.515 E20.46858
G1 X39.179 Y66.515 E20.50257
G1 X38.559 Y64.199 E20.62784
G1 X40.611 Y62.147 E20.77946
G1 X34.542 Y63.773 F7800.000
G1 X34.080 Y62.052 E20.87258 F4800.000
G1 X28.226 Y62.052 E21.17844
G1 X29.079 Y65.237 E21.35072
G1 X31.883 Y65.988 E21.50233
G1 X32.024 Y66.515 E21.53085
G1 X32.674 Y66.515 E21.56484
G1 X32.489 Y65.825 E21.60215
G1 X34.542 Y63.773 E21.75377
G1 X28.472 Y65.399 F7800.000
G1 X27.575 Y62.052 E21.93484 F4800.000
G1 X22.934 Y62.052 E22.17731
G1 X21.977 Y63.009 E22.24802
G1 X22.917 Y66.515 E22.43768
G1 X27.357 Y66.515 E22.66963
G1 X28.472 Y65.399 E22.75206
G1 E21.75206 F18000.00000
G92 E0
G1 X20.145 Y56.169 F7800.000
G1 E1.00000 F18000.00000
G1 X20.145 Y51.512 E1.24330 F4800.000
G1 X19.161 Y52.497 E1.31601
G1 X20.145 Y56.169 E1.51466
G1 X18.554 Y52.659 F7800.000
G1 X16.760 Y52.178 E1.61169 F4800.000
G1 X16.760 Y58.683 E1.95153
G1 X16.928 Y58.728 E1.96061
G1 X17.960 Y62.583 E2.16908
G1 X16.760 Y63.783 E2.25778
G1 X16.760 Y64.200 E2.27957
G1 X17.251 Y65.303 E2.34264
G1 X18.148 Y66.111 E2.40572
G1 X19.392 Y66.515 E2.47405
G1 X22.267 Y66.515 E2.62423
G1 X21.371 Y63.171 E2.80509
G1 X18.567 Y62.420 E2.95671
G1 X17.535 Y58.566 E3.16519
G1 X19.587 Y56.514 E3.31680
G1 X18.554 Y52.659 E3.52528
G1 X16.770 Y46.002 F7800.000
G1 X16.760 Y45.964 E3.52731 F4800.000
G1 X16.760 Y46.012 E3.52979
G1 X16.770 Y46.002 E3.53053
G1 X20.145 Y31.893 F7800.000
G1 X20.145 Y29.298 E3.66610 F4800.000
G1 X19.597 Y29.846 E3.70662
G1 X20.145 Y31.893 E3.81731
G1 X18.990 Y30.009 F7800.000
G1 X16.760 Y29.412 E3.93791 F4800.000
G1 X16.760 Y35.916 E4.27775
G1 X17.363 Y36.078 E4.31039
G1 X18.396 Y39.932 E4.51887
G1 X16.760 Y41.569 E4.63977
G1 X16.760 Y43.536 E4.74257
G1 X17.377 Y45.839 E4.86711
G1 X20.145 Y46.581 E5.01682
G1 X20.145 Y40.076 E5.35667
G1 X19.003 Y39.770 E5.41842
G1 X17.970 Y35.915 E5.62690
G1 X20.022 Y33.863 E5.77852
G1 X18.990 Y30.009 E5.98699
M106 S173.4
G1 Z2.500 F7800.000
G1 X20.679 Y20.695 F7800.000
G1 X69.121 Y20.695 E8.51784 F3600.000
G1 X69.121 Y61.517 E10.65059
G1 X20.679 Y61.517 E13.18144
G1 X20.679 Y20.755 E15.31105
G1 X21.307 Y21.324 F7800.000
G1 X68.493 Y21.324 E17.77624 F3600.000
G1 X68.493 Y60.889 E19.84333
G1 X21.307 Y60.889 E22.30853
G1 X21.307 Y21.384 E24.37249
G1 X21.800 Y21.816 F7800.000
G1 X68.000 Y21.816 E25.74422 F1800.000
G1 X68.000 Y60.396 E26.88971
G1 X21.800 Y60.396 E28.26145
G1 X21.800 Y21.876 E29.40516
G1 X21.800 Y21.416 F7800.000
G1 X16.613 Y21.816 F7800.000
G1 X16.613 Y18.824 E29.56150 F3600.000
G1 X17.095 Y17.742 E29.62340
G1 X17.975 Y16.949 E29.68531
G1 X19.170 Y16.560 E29.75095
G1 X70.892 Y16.560 E32.45314
G1 X72.281 Y16.706 E32.52609
G1 X73.307 Y17.299 E32.58800 F3600.000
G1 X74.003 Y18.257 E32.64990
G1 X74.279 Y19.555 E32.71922
G1 X74.279 Y62.458 E34.96065
G1 X74.003 Y63.755 E35.02997
G1 X73.307 Y64.714 E35.09187
G1 X72.741 Y65.040 E35.12597
G1 X72.107 Y65.914 E35.18239
G1 X71.081 Y66.506 E35.24429
G1 X69.692 Y66.652 E35.31725
G1 X19.170 Y66.652 E37.95675
G1 X17.975 Y66.264 E38.02239
G1 X17.095 Y65.471 E38.08429
G1 X16.613 Y64.389 E38.14619
G1 X16.613 Y21.876 E40.36725
G1 X15.984 Y21.816 F7800.000
G1 X15.984 Y18.690 E40.53057 F3600.000
G1 X16.575 Y17.364 E40.60643
G1 X17.654 Y16.392 E40.68229
G1 X19.071 Y15.932 E40.76011
G1 X70.925 Y15.932 E43.46921
G1 X72.479 Y16.096 E43.55087
G1 X73.737 Y16.822 E43.62673 F3600.000
G1 X74.590 Y17.996 E43.70259
G1 X74.907 Y19.489 E43.78233
G1 X74.907 Y62.524 E46.03066
G1 X74.590 Y64.017 E46.11041
G1 X73.737 Y65.191 E46.18627
G1 X73.171 Y65.518 E46.22037
G1 X72.537 Y66.391 E46.27679
G1 X71.279 Y67.117 E46.35264
G1 X69.725 Y67.281 E46.43430
G1 X19.071 Y67.281 E49.08071
G1 X17.654 Y66.820 E49.15853
G1 X16.575 Y65.849 E49.23439
G1 X15.984 Y64.522 E49.31025
G1 X15.984 Y21.876 E51.53828
G1 X15.492 Y21.816 F7800.000
G1 X15.492 Y18.586 E51.63421 F1800.000
G1 X16.168 Y17.068 E51.68354
G1 X17.402 Y15.956 E51.73287
G1 X18.993 Y15.439 E51.78252
G1 X70.950 Y15.439 E53.32522
G1 X72.635 Y15.616 E53.37550
G1 X74.074 Y16.447 E53.42483 F1800.000
G1 X75.050 Y17.791 E53.47416
G1 X75.400 Y19.437 E53.52413
G1 X75.400 Y62.575 E54.80495
G1 X75.050 Y64.222 E54.85492
G1 X74.074 Y65.566 E54.90425
G1 X73.508 Y65.892 E54.92363
G1 X72.874 Y66.766 E54.95569
G1 X71.435 Y67.596 E55.00502
G1 X69.750 Y67.773 E55.05530
G1 X18.993 Y67.773 E56.56237
G1 X17.402 Y67.257 E56.61202
G1 X16.168 Y66.145 E56.66135
G1 X15.492 Y64.627 E56.71068
G1 X15.492 Y21.876 E57.98000
G1 X15.838 Y21.616 F7800.000
G1 E56.98000 F18000.00000
G92 E0
G1 X20.145 Y24.139 F7800.000
G1 E1.00000 F18000.00000
G1 X20.145 Y29.298 E1.26953 F4800.000
G1 X19.597 Y29.846 E1.31005
G1 X17.147 Y29.190 E1.44255
G1 X17.147 Y23.410 E1.74451
G1 X17.206 Y23.351 E1.74886
G1 X20.145 Y24.139 E1.90783
G1 X22.686 Y18.315 F7800.000
G1 X23.181 Y20.161 E2.00769 F4800.000
G1 X20.145 Y20.161 E2.16632
G1 X20.145 Y23.488 E2.34014
G1 X17.368 Y22.745 E2.49032
G1 X17.147 Y21.918 E2.53503
G1 X17.147 Y18.967 E2.68918
G1 X18.832 Y17.282 E2.81368
G1 X22.686 Y18.315 E3.02216
G1 X22.849 Y17.708 F7800.000
G1 X20.559 Y17.095 E3.14603 F4800.000
G1 X23.463 Y17.095 E3.29775
G1 X22.849 Y17.708 E3.34309
G1 X29.577 Y20.161 F7800.000
G1 X29.282 Y20.161 E3.35850 F4800.000
G1 X29.344 Y20.099 E3.36311
G1 X29.577 Y20.161 E3.37570
G1 E2.37570 F18000.00000
G92 E0
G1 X19.434 Y30.453 F7800.000
G1 E1.00000 F18000.00000
G1 X20.145 Y33.107 E1.14352 F4800.000
G1 X20.145 Y33.896 E1.18477
G1 X20.022 Y33.863 E1.19139
G1 X17.970 Y35.915 E1.34301
G1 X17.147 Y35.695 E1.38755
G1 X17.147 Y29.840 E1.69341
G1 X19.434 Y30.453 E1.81711
G1 X17.808 Y36.522 F7800.000
G1 X18.559 Y39.326 E1.96873 F4800.000
G1 X20.145 Y39.751 E2.05452
G1 X20.145 Y40.401 E2.08851
G1 X18.396 Y39.932 E2.18309
G1 X17.147 Y41.182 E2.27540
G1 X17.147 Y36.345 E2.52808
G1 X17.808 Y36.522 E2.56383
G1 X20.145 Y46.255 F7800.000
G1 X20.145 Y46.906 E2.59781 F4800.000
G1 X17.147 Y46.103 E2.75997
G1 X17.147 Y45.452 E2.79396
G1 X20.145 Y46.255 E2.95612
G1 X20.145 Y56.013 F7800.000
G1 X19.749 Y55.907 E2.97751 F4800.000
G1 X18.998 Y53.103 E3.12913
G1 X17.147 Y52.607 E3.22927
G1 X17.147 Y51.957 E3.26325
G1 X19.161 Y52.497 E3.37218
G1 X20.145 Y51.512 E3.44489
G1 X20.145 Y56.013 E3.68001
G1 X20.145 Y56.663 F7800.000
G1 X20.145 Y62.052 E3.96152 F4800.000
G1 X22.934 Y62.052 E4.10726
G1 X21.977 Y63.009 E4.17797
G1 X18.123 Y61.976 E4.38645
G1 X17.372 Y59.173 E4.53807
G1 X17.147 Y59.112 E4.55024
G1 X17.147 Y58.462 E4.58423
G1 X17.535 Y58.566 E4.60520
G1 X19.587 Y56.514 E4.75682
G1 X20.145 Y56.663 E4.78701
G1 X21.815 Y63.615 F7800.000
G1 X22.486 Y66.118 E4.92239 F4800.000
G1 X19.255 Y66.118 E5.09118
G1 X18.248 Y65.791 E5.14647
G1 X17.536 Y65.150 E5.19651
G1 X17.147 Y64.275 E5.24655
G1 X17.147 Y63.396 E5.29248
G1 X17.960 Y62.583 E5.35260
G1 X21.815 Y63.615 E5.56107
G1 X31.156 Y66.118 F7800.000
G1 X27.753 Y66.118 E5.73883 F4800.000
G1 X28.472 Y65.399 E5.79196
G1 X31.156 Y66.118 E5.93709
G1 X34.704 Y63.166 F7800.000
G1 X38.559 Y64.199 E6.14557 F4800.000
G1 X40.611 Y62.147 E6.29719
G1 X44.465 Y63.180 E6.50567
G1 X45.216 Y65.983 E6.65728
G1 X45.722 Y66.118 E6.68463
G1 X38.748 Y66.118 E7.04899
G1 X38.396 Y64.806 E7.11997
G1 X34.542 Y63.773 E7.32845
G1 X32.489 Y65.825 E7.48007
G1 X28.635 Y64.792 E7.68854
G1 X27.901 Y62.052 E7.83679
G1 X34.405 Y62.052 E8.17664
G1 X34.704 Y63.166 E8.23693
G1 X44.628 Y62.573 F7800.000
G1 X42.682 Y62.052 E8.34215 F4800.000
G1 X45.149 Y62.052 E8.47102
G1 X44.628 Y62.573 E8.50953
G1 X54.977 Y65.996 F7800.000
G1 X55.010 Y66.118 E8.51613 F4800.000
G1 X49.968 Y66.118 E8.77954
G1 X51.123 Y64.964 E8.86485
G1 X54.977 Y65.996 E9.07333
G1 X67.115 Y62.744 F7800.000
G1 X67.866 Y65.547 E9.22495 F4800.000
G1 X69.904 Y66.093 E9.33516
G1 X69.664 Y66.118 E9.34777
G1 X61.515 Y66.118 E9.77352
G1 X61.046 Y64.370 E9.86808
G1 X57.192 Y63.337 E10.07656
G1 X55.140 Y65.389 E10.22818
G1 X51.285 Y64.357 E10.43665
G1 X50.668 Y62.052 E10.56133
G1 X57.172 Y62.052 E10.90118
G1 X57.354 Y62.730 E10.93790
G1 X61.209 Y63.763 E11.14637
G1 X62.920 Y62.052 E11.27285
G1 X64.531 Y62.052 E11.35699
G1 X67.115 Y62.744 E11.49676
G1 X67.278 Y62.137 F7800.000
G1 X66.959 Y62.052 E11.51402 F4800.000
G1 X67.363 Y62.052 E11.53517
G1 X67.278 Y62.137 E11.54148
G1 X73.347 Y60.511 F7800.000
G1 X73.745 Y60.113 E11.57089 F4800.000
G1 X73.745 Y62.401 E11.69046
G1 X73.649 Y62.852 E11.71455
G1 X73.184 Y61.118 E11.80837
G1 X69.655 Y60.172 E11.99926
G1 X69.655 Y59.522 E12.03324
G1 X73.347 Y60.511 E12.23293
G1 X70.368 Y50.606 F7800.000
G1 X71.119 Y53.409 E12.38455 F4800.000
G1 X73.745 Y54.113 E12.52659
G1 X73.745 Y54.763 E12.56058
G1 X70.956 Y54.016 E12.71142
G1 X69.655 Y55.317 E12.80754
G1 X69.655 Y50.415 E13.06365
G1 X70.368 Y50.606 E13.10219
G1 X71.994 Y44.537 F7800.000
G1 X72.745 Y47.340 E13.25381 F4800.000
G1 X73.745 Y47.608 E13.30790
G1 X73.745 Y48.258 E13.34188
G1 X72.582 Y47.947 E13.40476
G1 X70.530 Y49.999 E13.55638
G1 X69.655 Y49.764 E13.60372
G1 X69.655 Y43.910 E13.90958
G1 X71.994 Y44.537 E14.03608
G1 X73.620 Y38.468 F7800.000
G1 X73.745 Y38.934 E14.06129 F4800.000
G1 X73.745 Y42.341 E14.23931
G1 X72.156 Y43.930 E14.35668
G1 X69.655 Y43.260 E14.49197
G1 X69.655 Y37.545 E14.79051
G1 X69.766 Y37.435 E14.79868
G1 X73.620 Y38.468 E15.00715
G1 X73.745 Y31.996 F7800.000
G1 X73.745 Y37.851 E15.31301 F4800.000
G1 X69.928 Y36.828 E15.51945
G1 X69.655 Y35.808 E15.57459
G1 X69.655 Y33.102 E15.71596
G1 X71.392 Y31.366 E15.84429
G1 X73.745 Y31.996 E15.97156
G1 X73.745 Y25.491 F7800.000
G1 X73.745 Y31.346 E16.27742 F4800.000
G1 X71.554 Y30.759 E16.39590
G1 X70.803 Y27.956 E16.54752
G1 X69.655 Y27.648 E16.60962
G1 X69.655 Y26.997 E16.64361
G1 X70.966 Y27.349 E16.71451
G1 X73.018 Y25.297 E16.86613
G1 X73.745 Y25.491 E16.90544
G1 X73.745 Y24.841 F7800.000
G1 X73.181 Y24.690 E16.93596 F4800.000
G1 X72.430 Y21.887 E17.08758
G1 X69.655 Y21.143 E17.23765
G1 X69.655 Y20.493 E17.27163
G1 X72.592 Y21.280 E17.43049
G1 X73.745 Y20.127 E17.51566
G1 X73.745 Y24.841 E17.76195
G1 X67.987 Y17.444 F7800.000
G1 X68.715 Y20.161 E17.90895 F4800.000
G1 X62.210 Y20.161 E18.24879
G1 X61.918 Y19.070 E18.30783
G1 X58.063 Y18.037 E18.51631
G1 X56.011 Y20.089 E18.66792
G1 X52.157 Y19.056 E18.87640
G1 X51.631 Y17.095 E18.98251
G1 X58.136 Y17.095 E19.32236
G1 X58.226 Y17.430 E19.34051
G1 X62.080 Y18.463 E19.54898
G1 X63.449 Y17.095 E19.65009
G1 X66.684 Y17.095 E19.81911
G1 X67.987 Y17.444 E19.88958
G1 X53.853 Y20.161 F7800.000
G1 X51.496 Y20.161 E20.01272 F4800.000
G1 X51.994 Y19.663 E20.04953
G1 X53.853 Y20.161 E20.15007
G1 X45.337 Y17.879 F7800.000
G1 X45.948 Y20.161 E20.27350 F4800.000
G1 X39.443 Y20.161 E20.61335
G1 X39.267 Y19.506 E20.64882
G1 X35.413 Y18.473 E20.85729
G1 X33.724 Y20.161 E20.98205
G1 X32.004 Y20.161 E21.07192
G1 X29.507 Y19.492 E21.20702
G1 X28.864 Y17.095 E21.33670
G1 X35.369 Y17.095 E21.67654
G1 X35.576 Y17.866 E21.71826
G1 X39.430 Y18.899 E21.92674
G1 X41.234 Y17.095 E22.06004
G1 X42.407 Y17.095 E22.12134
G1 X45.337 Y17.879 E22.27976
G1 X45.499 Y17.272 F7800.000
G1 X44.835 Y17.095 E22.31568 F4800.000
G1 X45.677 Y17.095 E22.35967
G1 X45.499 Y17.272 E22.37282
M106 S175.95
G1 Z2.700 F7800.000
G1 X20.679 Y20.695 F7800.000
G1 X69.121 Y20.695 E24.90367 F3600.000
G1 X69.121 Y61.517 E27.03641
G1 X20.679 Y61.517 E29.56726
G1 X20.679 Y20.755 E31.69687
G1 X21.307 Y21.324 F7800.000
G1 X68.493 Y21.324 E34.16206 F3600.000
G1 X68.493 Y60.889 E36.22915
G1 X21.307 Y60.889 E38.69435
G1 X21.307 Y21.384 E40.75831
G1 X21.800 Y21.816 F7800.000
G1 X68.000 Y21.816 E42.13004 F1800.000
G1 X68.000 Y60.396 E43.27553
G1 X21.800 Y60.396 E44.64727
G1 X21.800 Y21.876 E45.79098
G1 X21.800 Y21.416 F7800.000
G1 X17.000 Y21.816 F7800.000
G1 X17.000 Y18.749 E45.95125 F3600.000
G1 X17.380 Y17.894 E46.00012
G1 X18.075 Y17.268 E46.04899
G1 X19.033 Y16.957 E46.10160
G1 X71.154 Y16.957 E48.82468
G1 X72.295 Y17.077 E48.88460
G1 X73.105 Y17.545 E48.93347 F3600.000
G1 X73.655 Y18.302 E48.98234
G1 X73.879 Y19.355 E49.03863
G1 X73.879 Y62.258 E51.28006
G1 X73.655 Y63.311 E51.33634
G1 X73.105 Y64.068 E51.38521
G1 X72.352 Y64.503 E51.43067
G1 X71.505 Y65.668 E51.50590
G1 X70.695 Y66.136 E51.55477
G1 X69.554 Y66.256 E51.61469
G1 X19.033 Y66.256 E54.25419
G1 X18.075 Y65.945 E54.30679
G1 X17.380 Y65.319 E54.35566
G1 X17.000 Y64.464 E54.40453
G1 X17.000 Y21.876 E56.62952
G1 X16.371 Y21.816 F7800.000
G1 X16.371 Y18.615 E56.79677 F3600.000
G1 X16.860 Y17.517 E56.85959
G1 X17.754 Y16.712 E56.92242
G1 X18.933 Y16.329 E56.98720
G1 X71.187 Y16.329 E59.71721
G1 X72.494 Y16.466 E59.78583
G1 X73.535 Y17.067 E59.84865 F3600.000
G1 X74.242 Y18.040 E59.91147
G1 X74.507 Y19.289 E59.97819
G1 X74.507 Y62.324 E62.22651
G1 X74.242 Y63.573 E62.29323
G1 X73.535 Y64.546 E62.35605
G1 X72.781 Y64.981 E62.40152
G1 X71.935 Y66.146 E62.47674
G1 X70.894 Y66.747 E62.53957
G1 X69.587 Y66.884 E62.60819
G1 X18.933 Y66.884 E65.25460
G1 X17.754 Y66.501 E65.31938
G1 X16.860 Y65.696 E65.38221
G1 X16.371 Y64.598 E65.44503
G1 X16.371 Y21.876 E67.67700
G1 X15.879 Y21.816 F7800.000
G1 X15.879 Y18.510 E67.77516 F1800.000
G1 X16.453 Y17.221 E67.81708
G1 X17.502 Y16.276 E67.85900
G1 X18.855 Y15.836 E67.90125
G1 X71.213 Y15.836 E69.45582
G1 X72.649 Y15.987 E69.49869
G1 X73.872 Y16.693 E69.54061 F1800.000
G1 X74.702 Y17.835 E69.58254
G1 X75.000 Y19.237 E69.62510
G1 X75.000 Y62.375 E70.90592
G1 X74.702 Y63.778 E70.94848
G1 X73.872 Y64.920 E70.99040
G1 X73.118 Y65.355 E71.01624
G1 X72.272 Y66.520 E71.05899
G1 X71.049 Y67.226 E71.10092
G1 X69.613 Y67.377 E71.14379
G1 X18.855 Y67.377 E72.65085
G1 X17.502 Y66.937 E72.69310
G1 X16.453 Y65.992 E72.73502
G1 X15.879 Y64.702 E72.77694
G1 X15.879 Y21.876 E74.04850
G1 X16.225 Y21.616 F7800.000
G1 E73.04850 F18000.00000
G92 E0
G1 X22.686 Y18.315 F7800.000
G1 E1.00000 F18000.00000
G1 X23.510 Y17.491 E1.06087 F4800.000
G1 X22.622 Y17.491 E1.10730
G1 X22.242 Y17.871 E1.13534
G1 X20.825 Y17.491 E1.21196
G1 X19.118 Y17.491 E1.30119
G1 X19.043 Y17.515 E1.30528
G1 X17.534 Y19.025 E1.41680
G1 X17.534 Y23.468 E1.64892
G1 X17.813 Y23.189 E1.66953
G1 X20.145 Y23.814 E1.79567
G1 X20.145 Y20.161 E1.98649
G1 X23.181 Y20.161 E2.14511
G1 X22.686 Y18.315 E2.24497
G1 X20.145 Y29.742 F7800.000
G1 X20.145 Y28.854 E2.29140 F4800.000
G1 X18.990 Y30.009 E2.37676
G1 X17.534 Y29.619 E2.45550
G1 X17.534 Y35.908 E2.78407
G1 X20.145 Y33.297 E2.97699
G1 X20.145 Y33.107 E2.98691
G1 X19.434 Y30.453 E3.13043
G1 X20.145 Y29.742 E3.18296
G1 X20.145 Y40.076 F7800.000
G1 X20.145 Y34.185 E3.49072 F4800.000
G1 X17.808 Y36.522 E3.66340
G1 X18.559 Y39.326 E3.81502
G1 X17.534 Y40.351 E3.89076
G1 X17.534 Y41.239 E3.93719
G1 X19.003 Y39.770 E4.04575
G1 X20.145 Y40.076 E4.10751
G1 X20.145 Y46.581 F7800.000
G1 X17.534 Y45.881 E4.24874 F4800.000
G1 X17.534 Y52.386 E4.58859
G1 X18.554 Y52.659 E4.64377
G1 X20.145 Y51.068 E4.76132
G1 X20.145 Y46.581 E4.99577
G1 X20.145 Y56.400 F7800.000
G1 X20.145 Y51.957 E5.22789 F4800.000
G1 X18.998 Y53.103 E5.31261
G1 X19.749 Y55.907 E5.46423
G1 X17.534 Y58.122 E5.62793
G1 X17.534 Y59.011 E5.67435
G1 X20.145 Y56.400 E5.86728
G1 X18.123 Y61.976 F7800.000
G1 X17.534 Y59.776 E5.98625 F4800.000
G1 X17.534 Y62.565 E6.13195
G1 X18.123 Y61.976 E6.17550
G1 X21.815 Y63.615 F7800.000
G1 X23.379 Y62.052 E6.29105 F4800.000
G1 X22.490 Y62.052 E6.33747
G1 X21.371 Y63.171 E6.42019
G1 X18.567 Y62.420 E6.57181
G1 X17.534 Y63.454 E6.64818
G1 X17.534 Y64.351 E6.69504
G1 X17.822 Y64.998 E6.73205
G1 X18.348 Y65.472 E6.76906
G1 X19.117 Y65.722 E6.81131
G1 X22.379 Y65.722 E6.98172
G1 X21.815 Y63.615 E7.09564
G1 X34.704 Y63.166 F7800.000
G1 X34.405 Y62.052 E7.15593 F4800.000
G1 X27.901 Y62.052 E7.49578
G1 X28.635 Y64.792 E7.64403
G1 X27.706 Y65.722 E7.71268
G1 X28.594 Y65.722 E7.75911
G1 X29.079 Y65.237 E7.79494
G1 X30.889 Y65.722 E7.89282
G1 X32.149 Y65.722 E7.95863
G1 X34.704 Y63.166 E8.14744
G1 X38.396 Y64.806 F7800.000
G1 X41.150 Y62.052 E8.35095 F4800.000
G1 X40.262 Y62.052 E8.39737
G1 X37.952 Y64.362 E8.56805
G1 X35.148 Y63.610 E8.71967
G1 X33.037 Y65.722 E8.87565
G1 X38.641 Y65.722 E9.16843
G1 X38.396 Y64.806 E9.21796
G1 X44.021 Y62.735 F7800.000
G1 X44.705 Y62.052 E9.26849 F4800.000
G1 X41.468 Y62.052 E9.43756
G1 X44.021 Y62.735 E9.57561
G1 X51.285 Y64.357 F7800.000
G1 X50.668 Y62.052 E9.70029 F4800.000
G1 X45.593 Y62.052 E9.96540
G1 X44.465 Y63.180 E10.04875
G1 X45.146 Y65.722 E10.18624
G1 X49.920 Y65.722 E10.43567
G1 X51.285 Y64.357 E10.53652
G1 X60.602 Y63.926 F7800.000
G1 X62.476 Y62.052 E10.67500 F4800.000
G1 X57.172 Y62.052 E10.95210
G1 X57.354 Y62.730 E10.98882
G1 X54.533 Y65.552 E11.19730
G1 X51.730 Y64.801 E11.34891
G1 X50.809 Y65.722 E11.41694
G1 X55.252 Y65.722 E11.64906
G1 X57.799 Y63.175 E11.83723
G1 X60.602 Y63.926 E11.98885
G1 X67.115 Y62.744 F7800.000
G1 X67.808 Y62.052 E12.04001 F4800.000
G1 X66.919 Y62.052 E12.08644
G1 X66.671 Y62.300 E12.10477
G1 X65.745 Y62.052 E12.15486
G1 X63.365 Y62.052 E12.27921
G1 X61.046 Y64.370 E12.45052
G1 X61.408 Y65.722 E12.52362
G1 X67.692 Y65.722 E12.85190
G1 X67.866 Y65.547 E12.86480
G1 X67.115 Y62.744 E13.01641
G1 X73.345 Y61.717 F7800.000
G1 X73.345 Y60.957 E13.05613 F4800.000
G1 X73.184 Y61.118 E13.06800
G1 X73.345 Y61.717 E13.10043
G1 X73.345 Y54.331 F7800.000
G1 X71.563 Y53.853 E13.19681 F4800.000
G1 X69.655 Y55.761 E13.33777
G1 X69.655 Y60.204 E13.56989
G1 X69.937 Y59.922 E13.59071
G1 X72.740 Y60.673 E13.74233
G1 X73.345 Y60.069 E13.78702
G1 X73.345 Y54.331 E14.08679
G1 X73.345 Y47.826 F7800.000
G1 X73.345 Y43.186 E14.32923 F4800.000
G1 X71.994 Y44.537 E14.42905
G1 X72.745 Y47.340 E14.58067
G1 X69.923 Y50.161 E14.78915
G1 X69.655 Y50.090 E14.80366
G1 X69.655 Y54.873 E15.05354
G1 X71.119 Y53.409 E15.16169
G1 X70.368 Y50.606 E15.31330
G1 X73.189 Y47.784 E15.52178
G1 X73.345 Y47.826 E15.53020
G1 X73.176 Y38.023 F7800.000
G1 X70.373 Y37.272 E15.68182 F4800.000
G1 X69.655 Y37.990 E15.73483
G1 X69.655 Y43.585 E16.02715
G1 X71.550 Y44.092 E16.12961
G1 X73.345 Y42.297 E16.26227
G1 X73.345 Y37.854 E16.49439
G1 X73.176 Y38.023 E16.50689
G1 X69.928 Y36.828 F7800.000
G1 X69.655 Y35.808 E16.56203 F4800.000
G1 X69.655 Y37.101 E16.62956
G1 X69.928 Y36.828 E16.64975
G1 X73.345 Y31.564 F7800.000
G1 X73.345 Y25.414 E16.97104 F4800.000
G1 X70.803 Y27.956 E17.15883
G1 X71.554 Y30.759 E17.31044
G1 X69.655 Y32.658 E17.45078
G1 X69.655 Y33.547 E17.49721
G1 X71.999 Y31.203 E17.67037
G1 X73.345 Y31.564 E17.74318
G1 X73.345 Y20.971 F7800.000
G1 X73.345 Y20.083 E17.78960 F4800.000
G1 X71.985 Y21.442 E17.89006
G1 X69.655 Y20.818 E18.01610
G1 X69.655 Y27.323 E18.35594
G1 X70.359 Y27.511 E18.39402
G1 X73.181 Y24.690 E18.60249
G1 X72.430 Y21.887 E18.75411
G1 X73.345 Y20.971 E18.82175
G1 X68.715 Y20.161 F7800.000
G1 X67.999 Y17.491 E18.96617 F4800.000
G1 X63.496 Y17.491 E19.20144
G1 X61.918 Y19.070 E19.31807
G1 X62.210 Y20.161 E19.37711
G1 X68.715 Y20.161 E19.71696
G1 X61.473 Y18.626 F7800.000
G1 X62.608 Y17.491 E19.80077 F4800.000
G1 X58.165 Y17.491 E20.03288
G1 X55.495 Y20.161 E20.23017
G1 X56.383 Y20.161 E20.27659
G1 X58.670 Y17.874 E20.44556
G1 X61.473 Y18.626 E20.59718
G1 X55.067 Y20.161 F7800.000
G1 X52.601 Y19.501 E20.73055 F4800.000
G1 X51.940 Y20.161 E20.77937
G1 X55.067 Y20.161 E20.94272
G1 X52.157 Y19.056 F7800.000
G1 X51.737 Y17.491 E21.02737 F4800.000
G1 X45.725 Y17.491 E21.34151
G1 X45.337 Y17.879 E21.37018
G1 X45.948 Y20.161 E21.49361
G1 X51.052 Y20.161 E21.76025
G1 X52.157 Y19.056 E21.84190
G1 X39.267 Y19.506 F7800.000
G1 X41.282 Y17.491 E21.99073 F4800.000
G1 X40.393 Y17.491 E22.03715
G1 X38.823 Y19.061 E22.15316
G1 X36.020 Y18.310 E22.30477
G1 X34.169 Y20.161 E22.44155
G1 X39.443 Y20.161 E22.71711
G1 X39.267 Y19.506 E22.75258
G1 X35.576 Y17.866 F7800.000
G1 X35.475 Y17.491 E22.77284 F4800.000
G1 X28.970 Y17.491 E23.11269
G1 X29.507 Y19.492 E23.22091
G1 X28.837 Y20.161 E23.27036
G1 X29.726 Y20.161 E23.31678
G1 X29.951 Y19.936 E23.33341
G1 X30.790 Y20.161 E23.37882
G1 X33.280 Y20.161 E23.50889
G1 X35.576 Y17.866 E23.67850
G1 Z2.900 F7800.000
G1 X20.679 Y20.695 F7800.000
G1 X69.121 Y20.695 E26.20935 F3600.000
G1 X69.121 Y61.517 E28.34209
G1 X20.679 Y61.517 E30.87294
G1 X20.679 Y20.755 E33.00255
G1 X21.307 Y21.324 F7800.000
G1 X68.493 Y21.324 E35.46774 F3600.000
G1 X68.493 Y60.889 E37.53483
G1 X21.307 Y60.889 E40.00003
G1 X21.307 Y21.384 E42.06399
G1 X21.800 Y21.816 F7800.000
G1 X68.000 Y21.816 E43.43572 F1800.000
G1 X68.000 Y60.396 E44.58122
G1 X21.800 Y60.396 E45.95295
G1 X21.800 Y21.876 E47.09666
G1 X21.800 Y21.416 F7800.000
G1 X17.387 Y21.816 F7800.000
G1 X17.387 Y18.674 E47.26086 F3600.000
G1 X17.666 Y18.047 E47.29670
G1 X18.175 Y17.588 E47.33253
G1 X18.896 Y17.354 E47.37211
G1 X71.417 Y17.354 E50.11609
G1 X72.310 Y17.448 E50.16298
G1 X72.904 Y17.791 E50.19881 F3600.000
G1 X73.307 Y18.346 E50.23464
G1 X73.479 Y19.155 E50.27789
G1 X73.479 Y62.058 E52.51932
G1 X73.307 Y62.867 E52.56257
G1 X72.904 Y63.422 E52.59841
G1 X72.119 Y63.875 E52.64576
G1 X71.518 Y63.875 E52.67716
G1 X71.307 Y64.867 E52.73014
G1 X70.904 Y65.422 E52.76597
G1 X70.310 Y65.765 E52.80181
G1 X69.417 Y65.859 E52.84870
G1 X18.896 Y65.859 E55.48819
G1 X18.175 Y65.625 E55.52776
G1 X17.666 Y65.166 E55.56360
G1 X17.387 Y64.539 E55.59943
G1 X17.387 Y21.876 E57.82835
G1 X16.758 Y21.816 F7800.000
G1 X16.758 Y18.540 E57.99953 F3600.000
G1 X17.146 Y17.669 E58.04932
G1 X17.854 Y17.032 E58.09911
G1 X18.796 Y16.726 E58.15086
G1 X71.450 Y16.726 E60.90176
G1 X72.508 Y16.837 E60.95735
G1 X73.334 Y17.313 E61.00714 F3600.000
G1 X73.894 Y18.084 E61.05693
G1 X74.107 Y19.089 E61.11060
G1 X74.107 Y62.124 E63.35893
G1 X73.894 Y63.129 E63.41261
G1 X73.334 Y63.900 E63.46240
G1 X72.287 Y64.504 E63.52553
G1 X72.027 Y64.504 E63.53914
G1 X71.894 Y65.129 E63.57251
G1 X71.334 Y65.900 E63.62230
G1 X70.508 Y66.376 E63.67209
G1 X69.450 Y66.487 E63.72768
G1 X18.796 Y66.487 E66.37409
G1 X17.854 Y66.181 E66.42584
G1 X17.146 Y65.544 E66.47563
G1 X16.758 Y64.673 E66.52542
G1 X16.758 Y21.876 E68.76132
G1 X16.266 Y21.816 F7800.000
G1 X16.266 Y18.435 E68.86171 F1800.000
G1 X16.738 Y17.373 E68.89622
G1 X17.602 Y16.595 E68.93074
G1 X18.718 Y16.233 E68.96558
G1 X71.476 Y16.233 E70.53202
G1 X72.664 Y16.358 E70.56749
G1 X73.671 Y16.939 E70.60200 F1800.000
G1 X74.354 Y17.879 E70.63652
G1 X74.600 Y19.037 E70.67167
G1 X74.600 Y62.175 E71.95249
G1 X74.354 Y63.333 E71.98765
G1 X73.671 Y64.274 E72.02216
G1 X72.600 Y64.892 E72.05887
G1 X72.600 Y64.996 E72.06197
G1 X72.426 Y64.996 E72.06715
G1 X72.354 Y65.333 E72.07738
G1 X71.671 Y66.274 E72.11189
G1 X70.664 Y66.855 E72.14641
G1 X69.476 Y66.980 E72.18187
G1 X18.718 Y66.980 E73.68894
G1 X17.602 Y66.617 E73.72377
G1 X16.738 Y65.840 E73.75829
G1 X16.266 Y64.778 E73.79280
G1 X16.266 Y21.876 E75.06660
G1 X16.612 Y21.616 F7800.000
G1 E74.06660 F18000.00000
G92 E0
G1 X22.856 Y20.161 F7800.000
G1 E1.00000 F18000.00000
G1 X22.247 Y17.888 E1.12296 F4800.000
G1 X18.980 Y17.888 E1.29362
G1 X18.448 Y18.061 E1.32284
G1 X18.107 Y18.368 E1.34681
G1 X17.921 Y18.787 E1.37079
G1 X17.921 Y23.218 E1.60227
G1 X20.145 Y23.814 E1.72258
G1 X20.145 Y20.161 E1.91339
G1 X22.856 Y20.161 E2.05502
G1 X29.344 Y20.099 F7800.000
G1 X28.751 Y17.888 E2.17461 F4800.000
G1 X22.897 Y17.888 E2.48047
G1 X23.506 Y20.161 E2.60344
G1 X29.282 Y20.161 E2.90517
G1 X29.344 Y20.099 E2.90977
G1 X35.413 Y18.473 F7800.000
G1 X35.256 Y17.888 E2.94141 F4800.000
G1 X29.402 Y17.888 E3.24727
G1 X29.951 Y19.936 E3.35806
G1 X30.790 Y20.161 E3.40348
G1 X33.724 Y20.161 E3.55676
G1 X35.413 Y18.473 E3.68152
G1 X39.430 Y18.899 F7800.000
G1 X40.441 Y17.888 E3.75620 F4800.000
G1 X35.907 Y17.888 E3.99307
G1 X36.020 Y18.310 E4.01591
G1 X38.823 Y19.061 E4.16753
G1 X39.118 Y20.161 E4.22703
G1 X39.768 Y20.161 E4.26101
G1 X39.430 Y18.899 E4.32931
G1 X46.273 Y20.161 F7800.000
G1 X45.664 Y17.888 E4.45228 F4800.000
G1 X45.014 Y17.888 E4.48626
G1 X45.623 Y20.161 E4.60922
G1 X46.273 Y20.161 E4.64321
G1 X52.601 Y19.501 F7800.000
G1 X52.169 Y17.888 E4.73043 F4800.000
G1 X51.518 Y17.888 E4.76442
G1 X51.994 Y19.663 E4.86044
G1 X51.496 Y20.161 E4.89724
G1 X55.067 Y20.161 E5.08380
G1 X52.601 Y19.501 E5.21718
G1 X61.473 Y18.626 F7800.000
G1 X58.721 Y17.888 E5.36607 F4800.000
G1 X58.023 Y17.888 E5.40250
G1 X58.063 Y18.037 E5.41056
G1 X56.011 Y20.089 E5.56218
G1 X56.030 Y20.161 E5.56609
G1 X61.885 Y20.161 E5.87195
G1 X61.473 Y18.626 E5.95502
G1 X68.390 Y20.161 F7800.000
G1 X67.780 Y17.888 E6.07798 F4800.000
G1 X62.655 Y17.888 E6.34575
G1 X62.080 Y18.463 E6.38823
G1 X62.535 Y20.161 E6.48010
G1 X68.390 Y20.161 E6.78596
G1 X72.141 Y17.967 F7800.000
G1 X71.389 Y17.888 E6.82545 F4800.000
G1 X68.431 Y17.888 E6.98001
G1 X69.040 Y20.161 E7.10297
G1 X69.655 Y20.161 E7.13510
G1 X69.655 Y20.818 E7.16940
G1 X71.985 Y21.442 E7.29543
G1 X72.945 Y25.024 E7.48915
G1 X72.945 Y22.596 E7.61598
G1 X72.592 Y21.280 E7.68718
G1 X72.945 Y20.927 E7.71325
G1 X72.945 Y19.211 E7.80287
G1 X72.808 Y18.568 E7.83726
G1 X72.538 Y18.196 E7.86123
G1 X72.141 Y17.967 E7.88520
G1 X70.359 Y27.511 F7800.000
G1 X69.655 Y27.323 E7.92328 F4800.000
G1 X69.655 Y33.102 E8.22524
G1 X71.392 Y31.366 E8.35356
G1 X70.359 Y27.511 E8.56204
G1 X72.945 Y31.457 F7800.000
G1 X72.945 Y25.370 E8.88005 F4800.000
G1 X70.966 Y27.349 E9.02626
G1 X71.999 Y31.203 E9.23474
G1 X72.945 Y31.457 E9.28592
G1 X70.373 Y37.272 F7800.000
G1 X69.655 Y34.595 E9.43074 F4800.000
G1 X69.655 Y37.022 E9.55757
G1 X69.766 Y37.435 E9.57989
G1 X69.655 Y37.545 E9.58806
G1 X69.655 Y43.585 E9.90359
G1 X71.550 Y44.092 E10.00605
G1 X72.582 Y47.947 E10.21453
G1 X70.530 Y49.999 E10.36615
G1 X71.563 Y53.853 E10.57462
G1 X72.945 Y54.224 E10.64937
G1 X72.945 Y46.872 E11.03342
G1 X72.156 Y43.930 E11.19259
G1 X72.945 Y43.141 E11.25085
G1 X72.945 Y37.961 E11.52147
G1 X70.373 Y37.272 E11.66060
G1 X69.923 Y50.161 F7800.000
G1 X69.655 Y50.090 E11.67511 F4800.000
G1 X69.655 Y55.317 E11.94821
G1 X70.956 Y54.016 E12.04433
G1 X69.923 Y50.161 E12.25281
G1 X69.937 Y59.922 F7800.000
G1 X69.655 Y58.871 E12.30968 F4800.000
G1 X69.655 Y62.052 E12.47584
G1 X67.363 Y62.052 E12.59558
G1 X67.278 Y62.137 E12.60190
G1 X68.132 Y65.325 E12.77432
G1 X69.389 Y65.325 E12.84000
G1 X70.141 Y65.246 E12.87950
G1 X70.538 Y65.016 E12.90347
G1 X70.808 Y64.645 E12.92745
G1 X71.085 Y63.341 E12.99709
G1 X71.976 Y63.341 E13.04361
G1 X72.538 Y63.016 E13.07755
G1 X72.808 Y62.645 E13.10152
G1 X72.945 Y62.001 E13.13591
G1 X72.945 Y61.438 E13.16534
G1 X72.740 Y60.673 E13.20670
G1 X69.937 Y59.922 E13.35832
G1 X66.671 Y62.300 F7800.000
G1 X65.745 Y62.052 E13.40841 F4800.000
G1 X62.920 Y62.052 E13.55597
G1 X61.209 Y63.763 E13.68244
G1 X61.627 Y65.325 E13.76691
G1 X67.482 Y65.325 E14.07277
G1 X66.671 Y62.300 E14.23640
G1 X57.799 Y63.175 F7800.000
G1 X57.498 Y62.052 E14.29715 F4800.000
G1 X56.847 Y62.052 E14.33114
G1 X57.192 Y63.337 E14.40069
G1 X55.204 Y65.325 E14.54754
G1 X60.977 Y65.325 E14.84912
G1 X60.602 Y63.926 E14.92479
G1 X57.799 Y63.175 E15.07641
G1 X51.730 Y64.801 F7800.000
G1 X50.993 Y62.052 E15.22512 F4800.000
G1 X50.342 Y62.052 E15.25911
G1 X51.123 Y64.964 E15.41661
G1 X50.761 Y65.325 E15.44331
G1 X53.685 Y65.325 E15.59606
G1 X51.730 Y64.801 E15.70182
G1 X44.628 Y62.573 F7800.000
G1 X45.149 Y62.052 E15.74034 F4800.000
G1 X41.468 Y62.052 E15.93262
G1 X44.021 Y62.735 E16.07067
G1 X44.715 Y65.325 E16.21073
G1 X45.365 Y65.325 E16.24471
G1 X44.628 Y62.573 E16.39357
G1 X40.611 Y62.147 F7800.000
G1 X40.585 Y62.052 E16.39873 F4800.000
G1 X34.731 Y62.052 E16.70459
G1 X35.148 Y63.610 E16.78891
G1 X37.952 Y64.362 E16.94053
G1 X38.210 Y65.325 E16.99263
G1 X38.860 Y65.325 E17.02662
G1 X38.559 Y64.199 E17.08752
G1 X40.611 Y62.147 E17.23913
G1 X34.542 Y63.773 F7800.000
G1 X34.080 Y62.052 E17.33225 F4800.000
G1 X28.226 Y62.052 E17.63811
G1 X29.079 Y65.237 E17.81039
G1 X29.409 Y65.325 E17.82820
G1 X32.990 Y65.325 E18.01530
G1 X34.542 Y63.773 E18.12995
G1 X28.453 Y65.325 F7800.000
G1 X27.575 Y62.052 E18.30700 F4800.000
G1 X22.934 Y62.052 E18.54947
G1 X21.977 Y63.009 E18.62017
G1 X22.598 Y65.325 E18.74546
G1 X28.453 Y65.325 E19.05132
G1 X18.567 Y62.420 F7800.000
G1 X17.921 Y60.006 E19.18188 F4800.000
G1 X17.921 Y62.434 E19.30871
G1 X17.960 Y62.583 E19.31675
G1 X17.921 Y62.622 E19.31969
G1 X17.921 Y64.426 E19.41391
G1 X18.107 Y64.845 E19.43788
G1 X18.448 Y65.152 E19.46186
G1 X18.980 Y65.325 E19.49108
G1 X21.948 Y65.325 E19.64611
G1 X21.371 Y63.171 E19.76261
G1 X18.567 Y62.420 E19.91423
G1 X20.145 Y56.169 F7800.000
G1 X20.145 Y51.512 E20.15752 F4800.000
G1 X19.161 Y52.497 E20.23023
G1 X20.145 Y56.169 E20.42889
G1 X18.554 Y52.659 F7800.000
G1 X17.921 Y52.489 E20.46314 F4800.000
G1 X17.921 Y58.180 E20.76042
G1 X19.587 Y56.514 E20.88351
G1 X18.554 Y52.659 E21.09199
G1 X20.145 Y31.893 F7800.000
G1 X20.145 Y29.298 E21.22756 F4800.000
G1 X19.597 Y29.846 E21.26808
G1 X20.145 Y31.893 E21.37877
G1 X18.990 Y30.009 F7800.000
G1 X17.921 Y29.723 E21.43659 F4800.000
G1 X17.921 Y38.158 E21.87728
G1 X18.396 Y39.932 E21.97328
G1 X17.921 Y40.408 E22.00842
G1 X17.921 Y45.985 E22.29976
G1 X20.145 Y46.581 E22.42007
G1 X20.145 Y40.076 E22.75992
G1 X19.003 Y39.770 E22.82167
G1 X17.970 Y35.915 E23.03015
G1 X20.022 Y33.863 E23.18177
G1 X18.990 Y30.009 E23.39024
M106 S178.5
G1 Z3.100 F7800.000
G1 X20.679 Y20.695 F7800.000
G1 X69.121 Y20.695 E25.92109 F3600.000
G1 X69.121 Y61.517 E28.05384
G1 X20.679 Y61.517 E30.58469
G1 X20.679 Y20.755 E32.71429
G1 X21.307 Y21.324 F7800.000
G1 X68.493 Y21.324 E35.17949 F3600.000
G1 X68.493 Y60.889 E37.24658
G1 X21.307 Y60.889 E39.71178
G1 X21.307 Y21.384 E41.77573
G1 X21.800 Y21.816 F7800.000
G1 X68.000 Y21.816 E43.14747 F1800.000
G1 X68.000 Y60.396 E44.29296
G1 X21.800 Y60.396 E45.66470
G1 X21.800 Y21.876 E46.80841
G1 X21.800 Y21.416 F7800.000
G1 E45.80841 F18000.00000
G92 E0
G1 X70.760 Y63.875 F7800.000
G1 E1.00000 F18000.00000
G1 X70.559 Y64.823 E1.05063 F3600.000
G1 X70.302 Y65.176 E1.07343
G1 X69.924 Y65.395 E1.09623
G1 X69.280 Y65.462 E1.13008
G1 X18.758 Y65.462 E3.76957
G1 X18.275 Y65.305 E3.79611
G1 X17.951 Y65.013 E3.81891
G1 X17.773 Y64.615 E3.84171
G1 X17.773 Y18.598 E6.24583
G1 X17.951 Y18.200 E6.26863
G1 X18.275 Y17.908 E6.29143
G1 X18.758 Y17.751 E6.31797
G1 X71.680 Y17.751 E9.08285
G1 X72.324 Y17.818 E9.11670
G1 X72.702 Y18.037 E9.13950
G1 X72.959 Y18.390 E9.16230
G1 X73.079 Y18.955 E9.19252
G1 X73.079 Y61.858 E11.43394
G1 X72.959 Y62.423 E11.46416
G1 X72.702 Y62.776 E11.48696
G1 X71.479 Y63.483 E11.56075
G1 X71.479 Y63.875 E11.58128
G1 X70.820 Y63.875 E11.61569
G1 X71.269 Y64.504 F7800.000
G1 X71.146 Y65.085 E11.64671 F3600.000
G1 X70.732 Y65.654 E11.68347
G1 X70.123 Y66.005 E11.72022
G1 X69.313 Y66.091 E11.76278
G1 X18.659 Y66.091 E14.40919
G1 X17.954 Y65.862 E14.44790
G1 X17.431 Y65.391 E14.48466
G1 X17.145 Y64.748 E14.52141
G1 X17.145 Y18.465 E16.93949
G1 X17.431 Y17.822 E16.97624
G1 X17.954 Y17.351 E17.01300
G1 X18.659 Y17.122 E17.05171
G1 X71.713 Y17.122 E19.82351
G1 X72.523 Y17.207 E19.86606
G1 X73.132 Y17.559 E19.90282
G1 X73.546 Y18.128 E19.93957
G1 X73.707 Y18.889 E19.98021
G1 X73.707 Y61.924 E22.22854
G1 X73.546 Y62.685 E22.26918
G1 X73.132 Y63.254 E22.30594
G1 X72.107 Y63.845 E22.36776
G1 X72.107 Y64.504 E22.40216
G1 X71.329 Y64.504 E22.44282
G1 X72.600 Y64.130 F7800.000
G1 X72.600 Y64.996 E22.46855 F1800.000
G1 X71.668 Y64.996 E22.49622
G1 X71.606 Y65.289 E22.50511
G1 X71.069 Y66.028 E22.53222
G1 X70.278 Y66.485 E22.55933
G1 X69.339 Y66.583 E22.58738
G1 X18.581 Y66.583 E24.09445
G1 X17.702 Y66.298 E24.12188
G1 X17.024 Y65.687 E24.14899
G1 X16.652 Y64.853 E24.17609
G1 X16.652 Y18.360 E25.55653
G1 X17.024 Y17.526 E25.58364
G1 X17.702 Y16.915 E25.61074
G1 X18.581 Y16.630 E25.63817
G1 X71.739 Y16.630 E27.21650
G1 X72.678 Y16.728 E27.24455
G1 X73.469 Y17.185 E27.27166
G1 X74.006 Y17.923 E27.29877
G1 X74.200 Y18.837 E27.32651
G1 X74.200 Y61.975 E28.60733
G1 X74.006 Y62.889 E28.63508
G1 X73.469 Y63.628 E28.66219
G1 X72.652 Y64.100 E28.69020
G1 X72.206 Y64.199 F7800.000
G1 X72.545 Y60.296 F7800.000
G1 X72.545 Y60.946 E28.72419 F4800.000
G1 X69.655 Y60.172 E28.88049
G1 X69.655 Y59.522 E28.91448
G1 X72.545 Y60.296 E29.07078
G1 X67.278 Y62.137 F7800.000
G1 X66.959 Y62.052 E29.08804 F4800.000
G1 X67.363 Y62.052 E29.10918
G1 X67.278 Y62.137 E29.11550
G1 X67.115 Y62.744 F7800.000
G1 X67.700 Y64.928 E29.23364 F4800.000
G1 X61.196 Y64.928 E29.57349
G1 X61.046 Y64.370 E29.60367
G1 X57.192 Y63.337 E29.81215
G1 X55.601 Y64.928 E29.92969
G1 X53.418 Y64.928 E30.04372
G1 X51.285 Y64.357 E30.15909
G1 X50.668 Y62.052 E30.28377
G1 X57.172 Y62.052 E30.62361
G1 X57.354 Y62.730 E30.66034
G1 X61.209 Y63.763 E30.86881
G1 X62.920 Y62.052 E30.99528
G1 X64.531 Y62.052 E31.07943
G1 X67.115 Y62.744 E31.21920
G1 E30.21920 F18000.00000
G92 E0
G1 X70.368 Y50.606 F7800.000
G1 E1.00000 F18000.00000
G1 X71.119 Y53.409 E1.15162 F4800.000
G1 X72.545 Y53.791 E1.22876
G1 X72.545 Y54.442 E1.26274
G1 X70.956 Y54.016 E1.34868
G1 X69.655 Y55.317 E1.44481
G1 X69.655 Y50.415 E1.70091
G1 X70.368 Y50.606 E1.73945
G1 X71.994 Y44.537 F7800.000
G1 X72.545 Y46.593 E1.85070 F4800.000
G1 X72.545 Y47.984 E1.92336
G1 X70.530 Y49.999 E2.07221
G1 X69.655 Y49.764 E2.11955
G1 X69.655 Y43.910 E2.42541
G1 X71.994 Y44.537 E2.55190
G1 X72.545 Y38.180 F7800.000
G1 X72.545 Y43.541 E2.83203 F4800.000
G1 X72.156 Y43.930 E2.86073
G1 X69.655 Y43.260 E2.99603
G1 X69.655 Y37.545 E3.29456
G1 X69.766 Y37.435 E3.30273
G1 X72.545 Y38.180 E3.45306
G1 X72.545 Y31.675 F7800.000
G1 X72.545 Y37.529 E3.75892 F4800.000
G1 X69.928 Y36.828 E3.90045
G1 X69.655 Y35.808 E3.95559
G1 X69.655 Y33.102 E4.09696
G1 X71.392 Y31.366 E4.22528
G1 X72.545 Y31.675 E4.28765
G1 X72.545 Y31.024 F7800.000
G1 X71.554 Y30.759 E4.34122 F4800.000
G1 X70.803 Y27.956 E4.49284
G1 X69.655 Y27.648 E4.55495
G1 X69.655 Y26.997 E4.58893
G1 X70.966 Y27.349 E4.65984
G1 X72.545 Y25.770 E4.77650
G1 X72.545 Y31.024 E5.05102
G1 X72.545 Y21.267 F7800.000
G1 X72.545 Y22.317 E5.10588 F4800.000
G1 X72.430 Y21.887 E5.12917
G1 X69.655 Y21.143 E5.27924
G1 X69.655 Y20.493 E5.31322
G1 X72.545 Y21.267 E5.46953
G1 X68.715 Y20.161 F7800.000
G1 X62.210 Y20.161 E5.80937 F4800.000
G1 X61.918 Y19.070 E5.86841
G1 X58.987 Y18.285 E6.02690
G1 X61.415 Y18.285 E6.15374
G1 X62.080 Y18.463 E6.18972
G1 X62.258 Y18.285 E6.20289
G1 X68.212 Y18.285 E6.51393
G1 X68.715 Y20.161 E6.61544
G1 X56.011 Y20.089 F7800.000
G1 X52.157 Y19.056 E6.82392 F4800.000
G1 X51.950 Y18.285 E6.86565
G1 X57.816 Y18.285 E7.17210
G1 X56.011 Y20.089 E7.30543
G1 X53.853 Y20.161 F7800.000
G1 X51.496 Y20.161 E7.42857 F4800.000
G1 X51.994 Y19.663 E7.46537
G1 X53.853 Y20.161 E7.56592
G1 X45.948 Y20.161 F7800.000
G1 X39.443 Y20.161 E7.90576 F4800.000
G1 X39.267 Y19.506 E7.94123
G1 X35.413 Y18.473 E8.14971
G1 X33.724 Y20.161 E8.27447
G1 X32.004 Y20.161 E8.36434
G1 X29.507 Y19.492 E8.49944
G1 X29.183 Y18.285 E8.56474
G1 X37.139 Y18.285 E8.98038
G1 X39.430 Y18.899 E9.10432
G1 X40.044 Y18.285 E9.14969
G1 X45.445 Y18.285 E9.43187
G1 X45.948 Y20.161 E9.53337
G1 X29.577 Y20.161 F7800.000
G1 X29.282 Y20.161 E9.54879 F4800.000
G1 X29.344 Y20.099 E9.55340
G1 X29.577 Y20.161 E9.56598
G1 X22.686 Y18.315 F7800.000
G1 X23.181 Y20.161 E9.66585 F4800.000
G1 X20.145 Y20.161 E9.82447
G1 X20.145 Y23.488 E9.99829
G1 X18.308 Y22.996 E10.09767
G1 X18.308 Y18.712 E10.32151
G1 X18.393 Y18.521 E10.33245
G1 X18.548 Y18.380 E10.34339
G1 X18.843 Y18.285 E10.35958
G1 X22.573 Y18.285 E10.55444
G1 X22.686 Y18.315 E10.56058
G1 X20.145 Y24.139 F7800.000
G1 X20.145 Y29.298 E10.83012 F4800.000
G1 X19.597 Y29.846 E10.87063
G1 X18.308 Y29.501 E10.94035
G1 X18.308 Y23.647 E11.24621
G1 X20.145 Y24.139 E11.34559
G1 X19.434 Y30.453 F7800.000
G1 X20.145 Y33.107 E11.48911 F4800.000
G1 X20.145 Y33.896 E11.53036
G1 X20.022 Y33.863 E11.53699
G1 X18.308 Y35.578 E11.66369
G1 X18.308 Y30.151 E11.94722
G1 X19.434 Y30.453 E12.00814
G1 X18.559 Y39.326 F7800.000
G1 X20.145 Y39.751 E12.09393 F4800.000
G1 X20.145 Y40.401 E12.12791
G1 X18.396 Y39.932 E12.22250
G1 X18.308 Y40.021 E12.22905
G1 X18.308 Y38.388 E12.31439
G1 X18.559 Y39.326 E12.36512
G1 X20.145 Y46.255 F7800.000
G1 X20.145 Y46.906 E12.39911 F4800.000
G1 X18.308 Y46.414 E12.49849
G1 X18.308 Y45.763 E12.53247
G1 X20.145 Y46.255 E12.63185
G1 X20.145 Y56.013 F7800.000
G1 X19.749 Y55.907 E12.65325 F4800.000
G1 X18.998 Y53.103 E12.80487
G1 X18.308 Y52.918 E12.84223
G1 X18.308 Y52.268 E12.87621
G1 X19.161 Y52.497 E12.92237
G1 X20.145 Y51.512 E12.99508
G1 X20.145 Y56.013 E13.23019
G1 X20.145 Y56.663 F7800.000
G1 X20.145 Y62.052 E13.51171 F4800.000
G1 X22.934 Y62.052 E13.65745
G1 X21.977 Y63.009 E13.72815
G1 X18.308 Y62.025 E13.92666
G1 X18.308 Y57.793 E14.14778
G1 X19.587 Y56.514 E14.24229
G1 X20.145 Y56.663 E14.27248
G1 X21.815 Y63.615 F7800.000
G1 X22.167 Y64.928 E14.34349 F4800.000
G1 X18.843 Y64.928 E14.51714
G1 X18.548 Y64.832 E14.53332
G1 X18.393 Y64.692 E14.54426
G1 X18.308 Y64.501 E14.55520
G1 X18.308 Y62.676 E14.65057
G1 X21.815 Y63.615 E14.84028
G1 X34.704 Y63.166 F7800.000
G1 X38.559 Y64.199 E15.04875 F4800.000
G1 X40.611 Y62.147 E15.20037
G1 X44.465 Y63.180 E15.40885
G1 X44.934 Y64.928 E15.50342
G1 X38.429 Y64.928 E15.84326
G1 X38.396 Y64.806 E15.84988
G1 X34.542 Y63.773 E16.05836
G1 X33.386 Y64.928 E16.14370
G1 X29.142 Y64.928 E16.36546
G1 X28.635 Y64.792 E16.39287
G1 X27.901 Y62.052 E16.54112
G1 X34.405 Y62.052 E16.88096
G1 X34.704 Y63.166 E16.94125
G1 X44.628 Y62.573 F7800.000
G1 X42.682 Y62.052 E17.04647 F4800.000
G1 X45.149 Y62.052 E17.17534
G1 X44.628 Y62.573 E17.21385
M106 S181.05
G1 Z3.300 F7800.000
G1 X69.121 Y61.517 F7800.000
G1 X20.679 Y61.517 E19.74470 F3600.000
G1 X20.679 Y20.695 E21.87745
G1 X69.121 Y20.695 E24.40830
G1 X69.121 Y61.457 E26.53791
G1 X68.493 Y60.889 F7800.000
G1 X21.307 Y60.889 E29.00310 F3600.000
G1 X21.307 Y21.324 E31.07019
G1 X68.493 Y21.324 E33.53539
G1 X68.493 Y60.829 E35.59934
G1 X68.000 Y60.396 F7800.000
G1 X21.800 Y60.396 E36.97108 F1800.000
G1 X21.800 Y21.816 E38.11657
G1 X68.000 Y21.816 E39.48831
G1 X68.000 Y60.336 E40.63202
G1 X68.000 Y60.796 F7800.000
G1 E39.63202 F18000.00000
G92 E0
G1 X70.003 Y63.875 F7800.000
G1 E1.00000 F18000.00000
G1 X69.811 Y64.779 E1.04827 F3600.000
G1 X69.701 Y64.930 E1.05804
G1 X69.539 Y65.024 E1.06780
G1 X69.143 Y65.066 E1.08862
G1 X18.621 Y65.066 E3.72812
G1 X18.375 Y64.986 E3.74162
G1 X18.236 Y64.861 E3.75138
G1 X18.160 Y64.690 E3.76115
G1 X18.160 Y18.523 E6.17313
G1 X18.236 Y18.352 E6.18290
G1 X18.375 Y18.227 E6.19266
G1 X18.621 Y18.147 E6.20617
G1 X71.943 Y18.147 E8.99195
G1 X72.339 Y18.189 E9.01276
G1 X72.501 Y18.282 E9.02253
G1 X72.611 Y18.434 E9.03229
G1 X72.679 Y18.755 E9.04947
G1 X72.679 Y61.658 E11.29090
G1 X72.611 Y61.979 E11.30808
G1 X72.501 Y62.130 E11.31785
G1 X71.479 Y62.720 E11.37949
G1 X71.479 Y63.875 E11.43983
G1 X70.063 Y63.875 E11.51382
G1 X70.512 Y64.504 F7800.000
G1 X70.397 Y65.041 E11.54249 F3600.000
G1 X70.131 Y65.408 E11.56621
G1 X69.737 Y65.635 E11.58993
G1 X69.176 Y65.694 E11.61945
G1 X18.522 Y65.694 E14.26586
G1 X18.054 Y65.542 E14.29154
G1 X17.717 Y65.238 E14.31526
G1 X17.532 Y64.823 E14.33898
G1 X17.532 Y18.389 E16.76492
G1 X17.717 Y17.975 E16.78864
G1 X18.054 Y17.671 E16.81236
G1 X18.522 Y17.519 E16.83804
G1 X71.976 Y17.519 E19.63073
G1 X72.537 Y17.578 E19.66025
G1 X72.931 Y17.805 E19.68397
G1 X73.197 Y18.172 E19.70769
G1 X73.307 Y18.689 E19.73530
G1 X73.307 Y61.724 E21.98363
G1 X73.197 Y62.241 E22.01123
G1 X72.931 Y62.608 E22.03495
G1 X72.107 Y63.083 E22.08462
G1 X72.107 Y64.504 E22.15884
G1 X70.572 Y64.504 E22.23907
G1 X70.911 Y64.996 F7800.000
G1 X70.858 Y65.245 E22.24663 F1800.000
G1 X70.468 Y65.782 E22.26633
G1 X69.893 Y66.114 E22.28603
G1 X69.201 Y66.187 E22.30668
G1 X18.444 Y66.187 E23.81374
G1 X17.802 Y65.978 E23.83376
G1 X17.309 Y65.534 E23.85346
G1 X17.039 Y64.928 E23.87316
G1 X17.039 Y18.285 E25.25807
G1 X17.309 Y17.679 E25.27777
G1 X17.802 Y17.235 E25.29747
G1 X18.444 Y17.026 E25.31749
G1 X72.001 Y17.026 E26.90769
G1 X72.693 Y17.099 E26.92834
G1 X73.268 Y17.431 E26.94804
G1 X73.658 Y17.967 E26.96774
G1 X73.800 Y18.637 E26.98807
G1 X73.800 Y61.775 E28.26889
G1 X73.658 Y62.445 E28.28923
G1 X73.268 Y62.982 E28.30893
G1 X72.600 Y63.368 E28.33182
G1 X72.600 Y64.996 E28.38018
G1 X70.971 Y64.996 E28.42856
G1 X70.659 Y64.961 F7800.000
G1 X67.115 Y62.744 F7800.000
G1 X67.594 Y64.531 E28.52525 F4800.000
G1 X61.089 Y64.531 E28.86509
G1 X61.046 Y64.370 E28.87382
G1 X63.365 Y62.052 E29.04513
G1 X65.745 Y62.052 E29.16948
G1 X66.671 Y62.300 E29.21957
G1 X66.919 Y62.052 E29.23790
G1 X67.808 Y62.052 E29.28433
G1 X67.115 Y62.744 E29.33549
G1 X60.602 Y63.926 F7800.000
G1 X57.799 Y63.175 E29.48710 F4800.000
G1 X56.442 Y64.531 E29.58735
G1 X55.553 Y64.531 E29.63377
G1 X57.354 Y62.730 E29.76684
G1 X57.172 Y62.052 E29.80356
G1 X62.476 Y62.052 E30.08066
G1 X60.602 Y63.926 E30.21914
G1 X51.285 Y64.357 F7800.000
G1 X51.110 Y64.531 E30.23206 F4800.000
G1 X44.827 Y64.531 E30.56032
G1 X44.465 Y63.180 E30.63344
G1 X45.593 Y62.052 E30.71680
G1 X50.668 Y62.052 E30.98191
G1 X51.285 Y64.357 E31.10659
G1 X44.021 Y62.735 F7800.000
G1 X41.468 Y62.052 E31.24463 F4800.000
G1 X44.705 Y62.052 E31.41370
G1 X44.021 Y62.735 E31.46423
G1 X38.670 Y64.531 F7800.000
G1 X34.227 Y64.531 E31.69635 F4800.000
G1 X35.148 Y63.610 E31.76440
G1 X37.952 Y64.362 E31.91602
G1 X40.262 Y62.052 E32.08670
G1 X41.150 Y62.052 E32.13312
G1 X38.670 Y64.531 E32.31636
G1 X34.704 Y63.166 F7800.000
G1 X33.339 Y64.531 E32.41723 F4800.000
G1 X28.565 Y64.531 E32.66663
G1 X27.901 Y62.052 E32.80077
G1 X34.405 Y62.052 E33.14062
G1 X34.704 Y63.166 E33.20091
G1 X21.815 Y63.615 F7800.000
G1 X22.060 Y64.531 E33.25045 F4800.000
G1 X18.694 Y64.528 E33.42631
G1 X18.694 Y62.454 E33.53465
G1 X21.371 Y63.171 E33.67940
G1 X22.490 Y62.052 E33.76212
G1 X23.379 Y62.052 E33.80855
G1 X21.815 Y63.615 E33.92410
G1 X20.145 Y56.400 F7800.000
G1 X18.694 Y57.850 E34.03127 F4800.000
G1 X18.694 Y56.962 E34.07769
G1 X19.749 Y55.907 E34.15563
G1 X18.998 Y53.103 E34.30725
G1 X20.145 Y51.957 E34.39198
G1 X20.145 Y56.400 E34.62410
G1 X20.145 Y46.581 F7800.000
G1 X20.145 Y51.068 E34.85855 F4800.000
G1 X18.694 Y52.519 E34.96572
G1 X18.694 Y46.192 E35.29625
G1 X20.145 Y46.581 E35.37471
G1 X20.145 Y40.076 F7800.000
G1 X19.003 Y39.770 E35.43647 F4800.000
G1 X18.694 Y40.079 E35.45928
G1 X18.694 Y35.636 E35.69139
G1 X20.145 Y34.185 E35.79857
G1 X20.145 Y40.076 E36.10632
G1 X20.145 Y29.742 F7800.000
G1 X19.434 Y30.453 E36.15885 F4800.000
G1 X20.145 Y33.107 E36.30237
G1 X20.145 Y33.297 E36.31229
G1 X18.694 Y34.747 E36.41946
G1 X18.694 Y29.930 E36.67114
G1 X18.990 Y30.009 E36.68711
G1 X20.145 Y28.854 E36.77246
G1 X20.145 Y29.742 E36.81889
G1 E35.81889 F18000.00000
G92 E0
G1 X23.181 Y20.161 F7800.000
G1 E1.00000 F18000.00000
G1 X20.145 Y20.161 E1.15862 F4800.000
G1 X20.145 Y23.814 E1.34944
G1 X18.694 Y23.425 E1.42789
G1 X18.694 Y18.685 E1.67554
G1 X22.784 Y18.681 E1.88922
G1 X23.181 Y20.161 E1.96927
G1 X33.280 Y20.161 F7800.000
G1 X30.790 Y20.161 E2.09935 F4800.000
G1 X29.951 Y19.936 E2.14476
G1 X29.726 Y20.161 E2.16138
G1 X28.837 Y20.161 E2.20781
G1 X29.507 Y19.492 E2.25726
G1 X29.289 Y18.681 E2.30111
G1 X34.760 Y18.681 E2.58693
G1 X33.280 Y20.161 E2.69628
G1 X39.267 Y19.506 F7800.000
G1 X39.443 Y20.161 E2.73175 F4800.000
G1 X34.169 Y20.161 E3.00731
G1 X35.649 Y18.681 E3.11666
G1 X37.405 Y18.681 E3.20843
G1 X38.823 Y19.061 E3.28512
G1 X39.203 Y18.681 E3.31319
G1 X40.092 Y18.681 E3.35961
G1 X39.267 Y19.506 E3.42050
G1 X52.157 Y19.056 F7800.000
G1 X51.052 Y20.161 E3.50215 F4800.000
G1 X45.948 Y20.161 E3.76879
G1 X45.551 Y18.681 E3.84884
G1 X52.056 Y18.681 E4.18869
G1 X52.157 Y19.056 E4.20897
G1 X55.067 Y20.161 F7800.000
G1 X51.940 Y20.161 E4.37232 F4800.000
G1 X52.601 Y19.501 E4.42113
G1 X55.067 Y20.161 E4.55451
G1 X56.383 Y20.161 F7800.000
G1 X55.495 Y20.161 E4.60093 F4800.000
G1 X56.975 Y18.681 E4.71028
G1 X57.863 Y18.681 E4.75670
G1 X56.383 Y20.161 E4.86605
G1 X68.715 Y20.161 F7800.000
G1 X62.210 Y20.161 E5.20590 F4800.000
G1 X61.918 Y19.070 E5.26493
G1 X62.306 Y18.681 E5.29364
G1 X68.318 Y18.681 E5.60775
G1 X68.715 Y20.161 E5.68780
G1 X71.985 Y21.442 F7800.000
G1 X72.145 Y21.283 E5.69959 F4800.000
G1 X72.145 Y25.725 E5.93171
G1 X70.359 Y27.511 E6.06366
G1 X69.655 Y27.323 E6.10174
G1 X69.655 Y20.818 E6.44158
G1 X71.985 Y21.442 E6.56762
G1 X72.145 Y31.242 F7800.000
G1 X71.999 Y31.203 E6.57552 F4800.000
G1 X69.655 Y33.547 E6.74869
G1 X69.655 Y32.658 E6.79511
G1 X71.554 Y30.759 E6.93545
G1 X70.803 Y27.956 E7.08707
G1 X72.145 Y26.614 E7.18619
G1 X72.145 Y31.242 E7.42799
G1 X69.928 Y36.828 F7800.000
G1 X69.655 Y37.101 E7.44817 F4800.000
G1 X69.655 Y35.808 E7.51571
G1 X69.928 Y36.828 E7.57085
G1 X72.145 Y37.747 F7800.000
G1 X72.145 Y43.497 E7.87125 F4800.000
G1 X71.550 Y44.092 E7.91524
G1 X69.655 Y43.585 E8.01771
G1 X69.655 Y37.990 E8.31003
G1 X70.373 Y37.272 E8.36304
G1 X72.145 Y37.747 E8.45890
G1 X72.145 Y45.101 F7800.000
G1 X71.994 Y44.537 E8.48941 F4800.000
G1 X72.145 Y44.386 E8.50057
G1 X72.145 Y45.101 E8.53793
G1 X72.145 Y48.828 F7800.000
G1 X70.368 Y50.606 E8.66925 F4800.000
G1 X71.119 Y53.409 E8.82087
G1 X69.655 Y54.873 E8.92901
G1 X69.655 Y50.090 E9.17890
G1 X69.923 Y50.161 E9.19340
G1 X72.145 Y47.940 E9.35755
G1 X72.145 Y48.828 E9.40397
G1 X72.145 Y54.009 F7800.000
G1 X72.145 Y60.514 E9.74382 F4800.000
G1 X69.937 Y59.922 E9.86325
G1 X69.655 Y60.204 E9.88407
G1 X69.655 Y55.761 E10.11618
G1 X71.563 Y53.853 E10.25715
G1 X72.145 Y54.009 E10.28863
M106 S119.85
G1 Z3.500 F7800.000
G1 X69.347 Y61.724 F7800.000
G1 X21.479 Y61.724 E12.78950 F3600.000
G1 X21.479 Y61.517 E12.80029
G1 X20.679 Y61.517 E12.84209
G1 X20.679 Y20.695 E14.97483
G1 X69.121 Y20.695 E17.50568
G1 X69.121 Y21.489 E17.54713
G1 X69.347 Y21.489 E17.55895
G1 X69.347 Y61.664 E19.65790
G1 X68.719 Y61.096 F7800.000
G1 X22.107 Y61.096 E22.09312 F3600.000
G1 X22.107 Y60.889 E22.10391
G1 X21.307 Y60.889 E22.14571
G1 X21.307 Y21.324 E24.21280
G1 X68.493 Y21.324 E26.67800
G1 X68.493 Y22.117 E26.71945
G1 X68.719 Y22.117 E26.73127
G1 X68.719 Y61.036 E28.76456
G1 X68.226 Y60.603 F7800.000
G1 X22.600 Y60.603 E30.11927 F1800.000
G1 X22.600 Y60.396 E30.12540
G1 X21.800 Y60.396 E30.14915
G1 X21.800 Y21.816 E31.29464
G1 X68.000 Y21.816 E32.66638
G1 X68.000 Y22.610 E32.68994
G1 X68.226 Y22.610 E32.69665
G1 X68.226 Y60.543 E33.82294
G1 X68.226 Y61.003 F7800.000
G1 E32.82294 F18000.00000
G92 E0
G1 X69.245 Y63.875 F7800.000
G1 E1.00000 F18000.00000
G1 X69.077 Y64.669 E1.04238 F3600.000
G1 X18.547 Y64.669 E3.68228
G1 X18.547 Y18.544 E6.09207
G1 X72.279 Y18.544 E8.89928
G1 X72.279 Y61.496 E11.14331
G1 X71.479 Y61.958 E11.19158
G1 X71.479 Y63.875 E11.29174
G1 X69.305 Y63.875 E11.40531
G1 X69.754 Y64.504 F7800.000
G1 X69.649 Y64.996 E11.43163 F3600.000
G1 X69.529 Y65.162 E11.44231
G1 X69.352 Y65.264 E11.45300
G1 X69.038 Y65.297 E11.46948
G1 X18.384 Y65.297 E14.11589
G1 X18.154 Y65.222 E14.12853
G1 X18.002 Y65.086 E14.13922
G1 X17.919 Y64.899 E14.14990
G1 X17.919 Y18.314 E16.58371
G1 X18.002 Y18.127 E16.59439
G1 X18.154 Y17.991 E16.60508
G1 X18.384 Y17.916 E16.61772
G1 X72.238 Y17.916 E19.43132
G1 X72.552 Y17.949 E19.44780
G1 X72.729 Y18.051 E19.45848
G1 X72.849 Y18.216 E19.46917
G1 X72.907 Y18.489 E19.48374
G1 X72.907 Y61.524 E21.73207
G1 X72.849 Y61.796 E21.74664
G1 X72.729 Y61.962 E21.75733
G1 X72.107 Y62.321 E21.79484
G1 X72.107 Y64.504 E21.90888
G1 X69.814 Y64.504 E22.02869
G1 X70.153 Y64.996 F7800.000
G1 X70.109 Y65.201 E22.03491 F1800.000
G1 X69.866 Y65.536 E22.04720
G1 X69.508 Y65.743 E22.05949
G1 X69.064 Y65.790 E22.07273
G1 X18.306 Y65.790 E23.57980
G1 X17.902 Y65.659 E23.59241
G1 X17.595 Y65.382 E23.60470
G1 X17.426 Y65.003 E23.61700
G1 X17.426 Y18.209 E25.00637
G1 X17.595 Y17.831 E25.01866
G1 X17.902 Y17.554 E25.03095
G1 X18.306 Y17.423 E25.04356
G1 X72.264 Y17.423 E26.64564
G1 X72.708 Y17.470 E26.65888
G1 X73.066 Y17.677 E26.67118
G1 X73.309 Y18.012 E26.68347
G1 X73.400 Y18.437 E26.69640
G1 X73.400 Y61.575 E27.97722
G1 X73.309 Y62.001 E27.99015
G1 X73.066 Y62.336 E28.00244
G1 X72.600 Y62.605 E28.01842
G1 X72.600 Y64.996 E28.08941
G1 X70.213 Y64.996 E28.16029
G1 X69.946 Y64.967 F7800.000
G1 X69.305 Y63.191 F7800.000
G1 X69.608 Y63.495 E28.19127 F1200.000
G1 X70.836 Y63.495 E28.27991
G1 X70.019 Y62.677 E28.36341
G1 X70.797 Y62.227 E28.42830
G1 X71.098 Y62.529 E28.45906
G1 X69.902 Y62.528 F7800.000
M106 S255
G1 X69.677 Y62.303 E28.47596 F3600.000
G1 X69.677 Y61.662 E28.50990
G1 X70.308 Y62.294 E28.55724
G1 X70.714 Y62.060 E28.58208
G1 X69.677 Y61.022 E28.65985
G1 X69.677 Y60.382 E28.69379
G1 X71.120 Y61.825 E28.80198
G1 X71.526 Y61.591 E28.82683
G1 X69.677 Y59.741 E28.96545
G1 X69.677 Y59.101 E28.99939
G1 X71.920 Y61.344 E29.16754
G1 X71.950 Y60.733 E29.19996
G1 X69.677 Y58.460 E29.37030
G1 X69.677 Y57.820 E29.40424
G1 X71.950 Y60.093 E29.57458
G1 X71.950 Y59.452 E29.60852
G1 X69.677 Y57.179 E29.77887
G1 X69.677 Y56.539 E29.81281
G1 X71.950 Y58.812 E29.98315
G1 X71.950 Y58.171 E30.01709
G1 X69.677 Y55.898 E30.18743
G1 X69.677 Y55.258 E30.22137
G1 X71.950 Y57.531 E30.39171
G1 X71.950 Y56.890 E30.42565
G1 X69.677 Y54.618 E30.59599
G1 X69.677 Y53.977 E30.62993
G1 X71.950 Y56.250 E30.80027
G1 X71.950 Y55.610 E30.83421
G1 X69.677 Y53.337 E31.00455
G1 X69.677 Y52.696 E31.03849
G1 X71.950 Y54.969 E31.20883
G1 X71.950 Y54.329 E31.24277
G1 X69.677 Y52.056 E31.41311
G1 X69.677 Y51.415 E31.44705
G1 X71.950 Y53.688 E31.61739
G1 X71.950 Y53.048 E31.65133
G1 X69.677 Y50.775 E31.82167
G1 X69.677 Y50.134 E31.85561
G1 X71.950 Y52.407 E32.02595
G1 X71.950 Y51.767 E32.05989
G1 X69.677 Y49.494 E32.23023
G1 X69.677 Y48.854 E32.26417
G1 X71.950 Y51.126 E32.43451
G1 X71.950 Y50.486 E32.46845
G1 X69.677 Y48.213 E32.63880
G1 X69.677 Y47.573 E32.67274
G1 X71.950 Y49.846 E32.84308
G1 X71.950 Y49.205 E32.87702
G1 X69.677 Y46.932 E33.04736
G1 X69.677 Y46.292 E33.08130
G1 X71.950 Y48.565 E33.25164
G1 X71.950 Y47.924 E33.28558
G1 X69.677 Y45.651 E33.45592
G1 X69.677 Y45.011 E33.48986
G1 X71.950 Y47.284 E33.66020
G1 X71.950 Y46.643 E33.69414
G1 X69.677 Y44.370 E33.86448
G1 X69.677 Y43.730 E33.89842
G1 X71.950 Y46.003 E34.06876
G1 X71.950 Y45.362 E34.10270
G1 X69.677 Y43.090 E34.27304
G1 X69.677 Y42.449 E34.30698
G1 X71.950 Y44.722 E34.47732
G1 X71.950 Y44.082 E34.51126
G1 X69.677 Y41.809 E34.68160
G1 X69.677 Y41.168 E34.71554
G1 X71.950 Y43.441 E34.88588
G1 X71.950 Y42.801 E34.91982
G1 X69.677 Y40.528 E35.09016
G1 X69.677 Y39.887 E35.12410
G1 X71.950 Y42.160 E35.29444
G1 X71.950 Y41.520 E35.32838
G1 X69.677 Y39.247 E35.49873
G1 X69.677 Y38.607 E35.53267
G1 X71.950 Y40.879 E35.70301
G1 X71.950 Y40.239 E35.73695
G1 X69.677 Y37.966 E35.90729
G1 X69.677 Y37.326 E35.94123
G1 X71.950 Y39.599 E36.11157
G1 X71.950 Y38.958 E36.14551
G1 X69.677 Y36.685 E36.31585
G1 X69.677 Y36.045 E36.34979
G1 X71.950 Y38.318 E36.52013
G1 X71.950 Y37.677 E36.55407
G1 X69.677 Y35.404 E36.72441
G1 X69.677 Y34.764 E36.75835
G1 X71.950 Y37.037 E36.92869
G1 X71.950 Y36.396 E36.96263
G1 X69.677 Y34.123 E37.13297
G1 X69.677 Y33.483 E37.16691
G1 X71.950 Y35.756 E37.33725
G1 X71.950 Y35.115 E37.37119
G1 X69.677 Y32.843 E37.54153
G1 X69.677 Y32.202 E37.57547
G1 X71.950 Y34.475 E37.74581
G1 X71.950 Y33.835 E37.77975
G1 X69.677 Y31.562 E37.95009
G1 X69.677 Y30.921 E37.98403
G1 X71.950 Y33.194 E38.15437
G1 X71.950 Y32.554 E38.18831
G1 X69.677 Y30.281 E38.35865
G1 X69.677 Y29.640 E38.39259
G1 X71.950 Y31.913 E38.56294
G1 X71.950 Y31.273 E38.59687
G1 X69.677 Y29.000 E38.76722
G1 X69.677 Y28.359 E38.80116
G1 X71.950 Y30.632 E38.97150
G1 X71.950 Y29.992 E39.00544
G1 X69.677 Y27.719 E39.17578
G1 X69.677 Y27.079 E39.20972
G1 X71.950 Y29.351 E39.38006
G1 X71.950 Y28.711 E39.41400
G1 X69.677 Y26.438 E39.58434
G1 X69.677 Y25.798 E39.61828
G1 X71.950 Y28.071 E39.78862
G1 X71.950 Y27.430 E39.82256
G1 X69.677 Y25.157 E39.99290
G1 X69.677 Y24.517 E40.02684
G1 X71.950 Y26.790 E40.19718
G1 X71.950 Y26.149 E40.23112
G1 X69.677 Y23.876 E40.40146
G1 X69.677 Y23.236 E40.43540
G1 X71.950 Y25.509 E40.60574
G1 X71.950 Y24.868 E40.63968
G1 X69.677 Y22.596 E40.81002
G1 X69.677 Y21.955 E40.84396
G1 X71.950 Y24.228 E41.01430
G1 X71.950 Y23.587 E41.04824
G1 X69.677 Y21.315 E41.21858
G1 X69.450 Y20.448 E41.26605
G1 X71.950 Y22.947 E41.45335
G1 X71.950 Y22.307 E41.48729
G1 X69.450 Y19.808 E41.67458
G1 X69.450 Y19.167 E41.70852
G1 X71.950 Y21.666 E41.89582
G1 X71.950 Y21.026 E41.92976
G1 X69.797 Y18.873 E42.09106
G1 X70.438 Y18.873 E42.12500
G1 X71.950 Y20.385 E42.23830
G1 X71.950 Y19.745 E42.27224
G1 X71.078 Y18.873 E42.33755
G1 X71.719 Y18.873 E42.37149
G1 X71.950 Y19.104 E42.38879
M106 S119.85
G1 X69.180 Y19.231 F7800.000
G1 X68.873 Y18.925 E42.41164 F1200.000
G1 X67.977 Y18.925 E42.45884
G1 X69.180 Y20.127 E42.54844
G1 X68.471 Y20.315 E42.58706
G1 X67.081 Y18.925 E42.69061
G1 X66.185 Y18.925 E42.73782
G1 X67.575 Y20.315 E42.84137
G1 X66.679 Y20.315 E42.88857
G1 X65.289 Y18.925 E42.99212
G1 X64.393 Y18.925 E43.03933
G1 X65.783 Y20.315 E43.14288
G1 X64.887 Y20.315 E43.19009
G1 X63.497 Y18.925 E43.29364
G1 X62.601 Y18.925 E43.34084
G1 X63.991 Y20.315 E43.44439
G1 X63.095 Y20.315 E43.49160
G1 X61.705 Y18.925 E43.59515
G1 X60.809 Y18.925 E43.64235
G1 X62.199 Y20.315 E43.74590
G1 X61.303 Y20.315 E43.79311
G1 X59.913 Y18.925 E43.89666
G1 X59.017 Y18.925 E43.94387
G1 X60.407 Y20.315 E44.04742
G1 X59.511 Y20.315 E44.09462
G1 X58.121 Y18.925 E44.19817
G1 X57.225 Y18.925 E44.24538
G1 X58.615 Y20.315 E44.34893
G1 X57.719 Y20.315 E44.39613
G1 X56.329 Y18.925 E44.49968
G1 X55.433 Y18.925 E44.54689
G1 X56.823 Y20.315 E44.65044
G1 X55.927 Y20.315 E44.69765
G1 X54.537 Y18.925 E44.80120
G1 X53.641 Y18.925 E44.84840
G1 X55.031 Y20.315 E44.95195
G1 X54.135 Y20.315 E44.99916
G1 X52.745 Y18.925 E45.10271
G1 X51.849 Y18.925 E45.14991
G1 X53.239 Y20.315 E45.25346
G1 X52.343 Y20.315 E45.30067
G1 X50.953 Y18.925 E45.40422
G1 X50.057 Y18.925 E45.45142
G1 X51.447 Y20.315 E45.55498
G1 X50.551 Y20.315 E45.60218
G1 X49.161 Y18.925 E45.70573
G1 X48.265 Y18.925 E45.75294
G1 X49.655 Y20.315 E45.85649
G1 X48.759 Y20.315 E45.90369
G1 X47.369 Y18.925 E46.00724
G1 X46.473 Y18.925 E46.05445
G1 X47.863 Y20.315 E46.15800
G1 X46.967 Y20.315 E46.20520
G1 X45.577 Y18.925 E46.30875
G1 X44.681 Y18.925 E46.35596
G1 X46.071 Y20.315 E46.45951
G1 X45.175 Y20.315 E46.50672
G1 X43.785 Y18.925 E46.61027
G1 X42.889 Y18.925 E46.65747
G1 X44.279 Y20.315 E46.76102
G1 X43.383 Y20.315 E46.80823
G1 X41.993 Y18.925 E46.91178
G1 X41.097 Y18.925 E46.95898
G1 X42.487 Y20.315 E47.06253
G1 X41.590 Y20.315 E47.10974
G1 X40.201 Y18.925 E47.21329
G1 X39.305 Y18.925 E47.26050
G1 X40.694 Y20.315 E47.36405
G1 X39.798 Y20.315 E47.41125
G1 X38.409 Y18.925 E47.51480
G1 X37.513 Y18.925 E47.56201
G1 X38.902 Y20.315 E47.66556
G1 X38.006 Y20.315 E47.71276
G1 X36.617 Y18.925 E47.81631
G1 X35.721 Y18.925 E47.86352
G1 X37.110 Y20.315 E47.96707
G1 X36.214 Y20.315 E48.01427
G1 X34.824 Y18.925 E48.11783
G1 X33.928 Y18.925 E48.16503
G1 X35.318 Y20.315 E48.26858
G1 X34.422 Y20.315 E48.31579
G1 X33.032 Y18.925 E48.41934
G1 X32.136 Y18.925 E48.46654
G1 X33.526 Y20.315 E48.57009
G1 X32.630 Y20.315 E48.61730
G1 X31.240 Y18.925 E48.72085
G1 X30.344 Y18.925 E48.76805
G1 X31.734 Y20.315 E48.87160
G1 X30.838 Y20.315 E48.91881
G1 X29.448 Y18.925 E49.02236
G1 X28.552 Y18.925 E49.06957
G1 X29.942 Y20.315 E49.17312
G1 X29.046 Y20.315 E49.22032
G1 X27.656 Y18.925 E49.32387
G1 X26.760 Y18.925 E49.37108
G1 X28.150 Y20.315 E49.47463
G1 X27.254 Y20.315 E49.52183
G1 X25.864 Y18.925 E49.62538
G1 X24.968 Y18.925 E49.67259
G1 X26.358 Y20.315 E49.77614
G1 X25.462 Y20.315 E49.82334
G1 X24.072 Y18.925 E49.92689
G1 X23.176 Y18.925 E49.97410
G1 X24.566 Y20.315 E50.07765
G1 X23.670 Y20.315 E50.12486
G1 X22.280 Y18.925 E50.22841
G1 X21.384 Y18.925 E50.27561
G1 X22.774 Y20.315 E50.37916
G1 X21.878 Y20.315 E50.42637
G1 X20.488 Y18.925 E50.52992
G1 X19.592 Y18.925 E50.57712
G1 X20.982 Y20.315 E50.68067
G1 X20.298 Y20.527 F7800.000
G1 X18.928 Y19.157 E50.78276 F1200.000
G1 X18.928 Y20.053 E50.82996
G1 X20.298 Y21.423 E50.93205
G1 X20.298 Y22.319 E50.97926
G1 X18.928 Y20.949 E51.08134
G1 X18.928 Y21.845 E51.12855
G1 X20.298 Y23.215 E51.23063
G1 X20.298 Y24.111 E51.27784
G1 X18.928 Y22.741 E51.37993
G1 X18.928 Y23.637 E51.42713
G1 X20.298 Y25.007 E51.52922
G1 X20.298 Y25.903 E51.57642
G1 X18.928 Y24.533 E51.67851
G1 X18.928 Y25.429 E51.72571
G1 X20.298 Y26.799 E51.82780
G1 X20.298 Y27.695 E51.87501
G1 X18.928 Y26.325 E51.97709
G1 X18.928 Y27.221 E52.02430
G1 X20.298 Y28.591 E52.12639
G1 X20.298 Y29.487 E52.17359
G1 X18.928 Y28.117 E52.27568
G1 X18.928 Y29.013 E52.32288
G1 X20.298 Y30.383 E52.42497
G1 X20.298 Y31.279 E52.47218
G1 X18.928 Y29.909 E52.57426
G1 X18.928 Y30.805 E52.62147
G1 X20.298 Y32.175 E52.72355
G1 X20.298 Y33.071 E52.77076
G1 X18.928 Y31.701 E52.87285
G1 X18.928 Y32.597 E52.92005
G1 X20.298 Y33.967 E53.02214
G1 X20.298 Y34.863 E53.06934
G1 X18.928 Y33.493 E53.17143
G1 X18.928 Y34.389 E53.21864
G1 X20.298 Y35.759 E53.32072
G1 X20.298 Y36.655 E53.36793
G1 X18.928 Y35.285 E53.47001
G1 X18.928 Y36.181 E53.51722
G1 X20.298 Y37.551 E53.61931
G1 X20.298 Y38.448 E53.66651
G1 X18.928 Y37.077 E53.76860
G1 X18.928 Y37.973 E53.81580
G1 X20.298 Y39.344 E53.91789
G1 X20.298 Y40.240 E53.96510
G1 X18.928 Y38.869 E54.06718
G1 X18.928 Y39.765 E54.11439
G1 X20.298 Y41.136 E54.21647
G1 X20.298 Y42.032 E54.26368
G1 X18.928 Y40.661 E54.36577
G1 X18.928 Y41.557 E54.41297
G1 X20.298 Y42.928 E54.51506
G1 X20.298 Y43.824 E54.56226
G1 X18.928 Y42.453 E54.66435
G1 X18.928 Y43.349 E54.71156
G1 X20.298 Y44.720 E54.81364
G1 X20.298 Y45.616 E54.86085
G1 X18.928 Y44.246 E54.96293
G1 X18.928 Y45.142 E55.01014
G1 X20.298 Y46.512 E55.11223
G1 X20.298 Y47.408 E55.15943
G1 X18.928 Y46.038 E55.26152
G1 X18.928 Y46.934 E55.30872
G1 X20.298 Y48.304 E55.41081
G1 X20.298 Y49.200 E55.45802
G1 X18.928 Y47.830 E55.56010
G1 X18.928 Y48.726 E55.60731
G1 X20.298 Y50.096 E55.70939
G1 X20.298 Y50.992 E55.75660
G1 X18.928 Y49.622 E55.85869
G1 X18.928 Y50.518 E55.90589
G1 X20.298 Y51.888 E56.00798
G1 X20.298 Y52.784 E56.05518
G1 X18.928 Y51.414 E56.15727
G1 X18.928 Y52.310 E56.20448
G1 X20.298 Y53.680 E56.30656
G1 X20.298 Y54.576 E56.35377
G1 X18.928 Y53.206 E56.45585
G1 X18.928 Y54.102 E56.50306
G1 X20.298 Y55.472 E56.60515
G1 X20.298 Y56.368 E56.65235
G1 X18.928 Y54.998 E56.75444
G1 X18.928 Y55.894 E56.80164
G1 X20.298 Y57.264 E56.90373
G1 X20.298 Y58.160 E56.95093
G1 X18.928 Y56.790 E57.05302
G1 X18.928 Y57.686 E57.10023
G1 X20.298 Y59.056 E57.20231
G1 X20.298 Y59.952 E57.24952
G1 X18.928 Y58.582 E57.35161
G1 X18.928 Y59.478 E57.39881
G1 X20.298 Y60.848 E57.50090
G1 X20.131 Y61.576 E57.54027
G1 X18.928 Y60.374 E57.62986
G1 X18.928 Y61.270 E57.67707
G1 X19.234 Y61.576 E57.69990
G1 X18.877 Y64.108 F7800.000
M106 S255
G1 X19.108 Y64.339 E57.71699 F3600.000
G1 X19.744 Y64.339 E57.75030
G1 X18.877 Y63.472 E57.81450
G1 X18.877 Y62.835 E57.84781
G1 X20.381 Y64.339 E57.95913
G1 X21.018 Y64.339 E57.99244
G1 X18.877 Y62.198 E58.15086
G1 X19.162 Y61.847 E58.17454
G1 X21.655 Y64.339 E58.35896
G1 X22.292 Y64.339 E58.39227
G1 X19.799 Y61.847 E58.57668
G1 X20.436 Y61.847 E58.60999
G1 X22.928 Y64.339 E58.79440
G1 X23.565 Y64.339 E58.82772
G1 X21.279 Y62.053 E58.99685
G1 X21.916 Y62.053 E59.03016
G1 X24.202 Y64.339 E59.19929
G1 X24.839 Y64.339 E59.23260
G1 X22.553 Y62.053 E59.40173
G1 X23.189 Y62.053 E59.43504
G1 X25.475 Y64.339 E59.60417
G1 X26.112 Y64.339 E59.63748
G1 X23.826 Y62.053 E59.80661
G1 X24.463 Y62.053 E59.83993
G1 X26.749 Y64.339 E60.00905
G1 X27.386 Y64.339 E60.04237
G1 X25.100 Y62.053 E60.21149
G1 X25.737 Y62.053 E60.24481
G1 X28.023 Y64.339 E60.41394
G1 X28.659 Y64.339 E60.44725
G1 X26.373 Y62.053 E60.61638
G1 X27.010 Y62.053 E60.64969
G1 X29.296 Y64.339 E60.81882
G1 X29.933 Y64.339 E60.85213
G1 X27.647 Y62.053 E61.02126
G1 X28.284 Y62.053 E61.05457
G1 X30.570 Y64.339 E61.22370
G1 X31.206 Y64.339 E61.25702
G1 X28.921 Y62.053 E61.42614
G1 X29.557 Y62.053 E61.45946
G1 X31.843 Y64.339 E61.62858
G1 X32.480 Y64.339 E61.66190
G1 X30.194 Y62.053 E61.83103
G1 X30.831 Y62.053 E61.86434
G1 X33.117 Y64.339 E62.03347
G1 X33.754 Y64.339 E62.06678
G1 X31.468 Y62.053 E62.23591
G1 X32.104 Y62.053 E62.26922
G1 X34.390 Y64.339 E62.43835
G1 X35.027 Y64.339 E62.47166
G1 X32.741 Y62.053 E62.64079
G1 X33.378 Y62.053 E62.67411
G1 X35.664 Y64.339 E62.84323
G1 X36.301 Y64.339 E62.87655
G1 X34.015 Y62.053 E63.04567
G1 X34.652 Y62.053 E63.07899
G1 X36.937 Y64.339 E63.24812
G1 X37.574 Y64.339 E63.28143
G1 X35.288 Y62.053 E63.45056
G1 X35.925 Y62.053 E63.48387
G1 X38.211 Y64.339 E63.65300
G1 X38.848 Y64.339 E63.68631
G1 X36.562 Y62.053 E63.85544
G1 X37.199 Y62.053 E63.88875
G1 X39.485 Y64.339 E64.05788
G1 X40.121 Y64.339 E64.09120
G1 X37.835 Y62.053 E64.26032
G1 X38.472 Y62.053 E64.29364
G1 X40.758 Y64.339 E64.46277
G1 X41.395 Y64.339 E64.49608
G1 X39.109 Y62.053 E64.66521
G1 X39.746 Y62.053 E64.69852
G1 X42.032 Y64.339 E64.86765
G1 X42.669 Y64.339 E64.90096
G1 X40.383 Y62.053 E65.07009
G1 X41.019 Y62.053 E65.10340
G1 X43.305 Y64.339 E65.27253
G1 X43.942 Y64.339 E65.30584
G1 X41.656 Y62.053 E65.47497
G1 X42.293 Y62.053 E65.50829
G1 X44.579 Y64.339 E65.67741
G1 X45.216 Y64.339 E65.71073
G1 X42.930 Y62.053 E65.87985
G1 X43.566 Y62.053 E65.91317
G1 X45.852 Y64.339 E66.08230
G1 X46.489 Y64.339 E66.11561
G1 X44.203 Y62.053 E66.28474
G1 X44.840 Y62.053 E66.31805
G1 X47.126 Y64.339 E66.48718
G1 X47.763 Y64.339 E66.52049
G1 X45.477 Y62.053 E66.68962
G1 X46.114 Y62.053 E66.72293
G1 X48.400 Y64.339 E66.89206
G1 X49.036 Y64.339 E66.92538
G1 X46.750 Y62.053 E67.09450
G1 X47.387 Y62.053 E67.12782
G1 X49.673 Y64.339 E67.29695
G1 X50.310 Y64.339 E67.33026
G1 X48.024 Y62.053 E67.49939
G1 X48.661 Y62.053 E67.53270
G1 X50.947 Y64.339 E67.70183
G1 X51.583 Y64.339 E67.73514
G1 X49.298 Y62.053 E67.90427
G1 X49.934 Y62.053 E67.93758
G1 X52.220 Y64.339 E68.10671
G1 X52.857 Y64.339 E68.14002
G1 X50.571 Y62.053 E68.30915
G1 X51.208 Y62.053 E68.34247
G1 X53.494 Y64.339 E68.51159
G1 X54.131 Y64.339 E68.54491
G1 X51.845 Y62.053 E68.71404
G1 X52.481 Y62.053 E68.74735
G1 X54.767 Y64.339 E68.91648
G1 X55.404 Y64.339 E68.94979
G1 X53.118 Y62.053 E69.11892
G1 X53.755 Y62.053 E69.15223
G1 X56.041 Y64.339 E69.32136
G1 X56.678 Y64.339 E69.35467
G1 X54.392 Y62.053 E69.52380
G1 X55.029 Y62.053 E69.55711
G1 X57.314 Y64.339 E69.72624
G1 X57.951 Y64.339 E69.75956
G1 X55.665 Y62.053 E69.92868
G1 X56.302 Y62.053 E69.96200
G1 X58.588 Y64.339 E70.13113
G1 X59.225 Y64.339 E70.16444
G1 X56.939 Y62.053 E70.33357
G1 X57.576 Y62.053 E70.36688
G1 X59.862 Y64.339 E70.53601
G1 X60.498 Y64.339 E70.56932
G1 X58.212 Y62.053 E70.73845
G1 X58.849 Y62.053 E70.77176
G1 X61.135 Y64.339 E70.94089
G1 X61.772 Y64.339 E70.97420
G1 X59.486 Y62.053 E71.14333
G1 X60.123 Y62.053 E71.17665
G1 X62.409 Y64.339 E71.34577
G1 X63.046 Y64.339 E71.37909
G1 X60.760 Y62.053 E71.54822
G1 X61.396 Y62.053 E71.58153
G1 X63.682 Y64.339 E71.75066
G1 X64.319 Y64.339 E71.78397
G1 X62.033 Y62.053 E71.95310
G1 X62.670 Y62.053 E71.98641
G1 X64.956 Y64.339 E72.15554
G1 X65.593 Y64.339 E72.18885
G1 X63.307 Y62.053 E72.35798
G1 X63.944 Y62.053 E72.39130
G1 X66.229 Y64.339 E72.56042
G1 X66.866 Y64.339 E72.59374
G1 X64.580 Y62.053 E72.76286
G1 X65.217 Y62.053 E72.79618
G1 X67.503 Y64.339 E72.96531
G1 X68.140 Y64.339 E72.99862
G1 X65.854 Y62.053 E73.16775
G1 X66.491 Y62.053 E73.20106
G1 X68.777 Y64.339 E73.37019
G1 X68.931 Y63.857 E73.39670
G1 X67.127 Y62.053 E73.53011
G1 X67.764 Y62.053 E73.56342
G1 X69.042 Y63.332 E73.65798
G1 X69.154 Y62.806 E73.68607
G1 X68.401 Y62.053 E73.74178
G1 X69.038 Y62.053 E73.77509
G1 X69.266 Y62.281 E73.79194
M106 S119.85
M106 S112.2
G1 Z3.700 F7800.000
G1 X69.734 Y62.121 F7800.000
G1 X21.079 Y62.121 E76.33393 F3600.000
G1 X21.079 Y61.517 E76.36544
G1 X20.679 Y61.517 E76.38634
G1 X20.679 Y20.695 E78.51909
G1 X69.121 Y20.695 E81.04994
G1 X69.121 Y21.092 E81.07066
G1 X69.734 Y21.092 E81.10269
G1 X69.734 Y62.061 E83.24310
G1 X69.106 Y61.492 F7800.000
G1 X21.707 Y61.492 E85.71943 F3600.000
G1 X21.707 Y60.889 E85.75094
G1 X21.307 Y60.889 E85.77184
G1 X21.307 Y21.324 E87.83893
G1 X68.493 Y21.324 E90.30413
G1 X68.493 Y21.720 E90.32486
G1 X69.106 Y21.720 E90.35689
G1 X69.106 Y61.432 E92.43164
G1 X68.613 Y61.000 F7800.000
G1 X22.200 Y61.000 E93.80970 F1800.000
G1 X22.200 Y60.396 E93.82761
G1 X21.800 Y60.396 E93.83949
G1 X21.800 Y21.816 E94.98498
G1 X68.000 Y21.816 E96.35672
G1 X68.000 Y22.213 E96.36850
G1 X68.613 Y22.213 E96.38670
G1 X68.613 Y60.940 E97.53654
G1 X68.613 Y61.400 F7800.000
G1 E96.53654 F18000.00000
G92 E0
G1 X71.479 Y61.196 F7800.000
G1 E1.00000 F18000.00000
G1 X71.479 Y63.875 E1.13999 F3600.000
G1 X68.488 Y63.875 E1.29627
G1 X68.403 Y64.272 E1.31745
G1 X18.934 Y64.272 E3.90197
G1 X18.934 Y42.285 E5.05067
G1 X18.821 Y42.285 E5.05658
G1 X18.821 Y40.927 E5.12752
G1 X18.934 Y40.927 E5.13343
G1 X18.934 Y18.941 E6.28213
G1 X71.879 Y18.941 E9.04823
G1 X71.879 Y40.927 E10.19692
G1 X71.979 Y40.927 E10.20214
G1 X71.979 Y42.285 E10.27309
G1 X71.879 Y42.285 E10.27832
G1 X71.879 Y60.965 E11.25423
G1 X71.531 Y61.166 E11.27522
G1 X72.107 Y61.559 F7800.000
G1 X72.107 Y64.504 E11.42909 F3600.000
G1 X68.997 Y64.504 E11.59161
G1 X68.912 Y64.900 E11.61280
G1 X18.306 Y64.900 E14.25672
G1 X18.306 Y42.914 E15.40542
G1 X18.193 Y42.914 E15.41133
G1 X18.193 Y40.299 E15.54793
G1 X18.306 Y40.299 E15.55384
G1 X18.306 Y18.312 E16.70253
G1 X72.507 Y18.312 E19.53428
G1 X72.507 Y40.299 E20.68298
G1 X72.607 Y40.299 E20.68820
G1 X72.607 Y42.914 E20.82480
G1 X72.507 Y42.914 E20.83002
G1 X72.507 Y61.328 E21.79206
G1 X72.159 Y61.529 E21.81306
G1 X72.600 Y64.996 F7800.000
G1 X69.396 Y64.996 E21.90820 F1800.000
G1 X69.361 Y65.157 E21.91309
G1 X69.265 Y65.290 E21.91797
G1 X69.122 Y65.373 E21.92285
G1 X68.927 Y65.393 E21.92869
G1 X18.169 Y65.393 E23.43576
G1 X18.002 Y65.339 E23.44096
G1 X17.880 Y65.229 E23.44584
G1 X17.813 Y65.079 E23.45073
G1 X17.813 Y43.406 E24.09420
G1 X17.700 Y43.406 E24.09756
G1 X17.700 Y39.806 E24.20445
G1 X17.813 Y39.806 E24.20781
G1 X17.813 Y18.134 E24.85129
G1 X17.880 Y17.984 E24.85617
G1 X18.002 Y17.874 E24.86105
G1 X18.169 Y17.820 E24.86626
G1 X72.527 Y17.820 E26.48021
G1 X72.722 Y17.840 E26.48605
G1 X72.865 Y17.923 E26.49093
G1 X72.961 Y18.056 E26.49581
G1 X73.000 Y18.237 E26.50133
G1 X73.000 Y39.806 E27.14175
G1 X73.100 Y39.806 E27.14471
G1 X73.100 Y43.406 E27.25160
G1 X73.000 Y43.406 E27.25457
G1 X73.000 Y61.375 E27.78809
G1 X72.961 Y61.557 E27.79362
G1 X72.865 Y61.690 E27.79850
G1 X72.600 Y61.843 E27.80757
G1 X72.600 Y64.936 E27.89942
G1 X72.254 Y64.796 F7800.000
G1 X70.792 Y63.049 F7800.000
G1 X71.098 Y62.743 E27.92225 F1200.000
G1 X70.346 Y63.495 E27.97827
G1 X69.450 Y63.495 E28.02546
G1 X71.098 Y61.847 E28.14821
G1 X71.098 Y60.951 E28.19539
G1 X70.115 Y61.934 E28.26864
G1 X69.548 Y62.502 F7800.000
G1 X68.555 Y63.495 E28.34262 F1200.000
G1 X68.652 Y62.502 E28.39518
G1 X67.262 Y63.891 E28.49871
G1 X66.366 Y63.891 E28.54590
G1 X67.756 Y62.502 E28.64944
G1 X66.860 Y62.502 E28.69662
G1 X65.470 Y63.891 E28.80016
G1 X64.574 Y63.891 E28.84735
G1 X65.964 Y62.502 E28.95088
G1 X65.068 Y62.502 E28.99807
G1 X63.678 Y63.891 E29.10160
G1 X62.783 Y63.891 E29.14879
G1 X64.172 Y62.502 E29.25232
G1 X63.277 Y62.502 E29.29951
G1 X61.887 Y63.891 E29.40304
G1 X60.991 Y63.891 E29.45023
G1 X62.381 Y62.502 E29.55376
G1 X61.485 Y62.502 E29.60095
G1 X60.095 Y63.891 E29.70448
G1 X59.199 Y63.891 E29.75167
G1 X60.589 Y62.502 E29.85521
G1 X59.693 Y62.502 E29.90239
G1 X58.303 Y63.891 E30.00593
G1 X57.407 Y63.891 E30.05311
G1 X58.797 Y62.502 E30.15665
G1 X57.901 Y62.502 E30.20384
G1 X56.512 Y63.891 E30.30737
G1 X55.616 Y63.891 E30.35456
G1 X57.006 Y62.502 E30.45809
G1 X56.110 Y62.502 E30.50528
G1 X54.720 Y63.891 E30.60881
G1 X53.824 Y63.891 E30.65600
G1 X55.214 Y62.502 E30.75953
G1 X54.318 Y62.502 E30.80672
G1 X52.928 Y63.891 E30.91025
G1 X52.032 Y63.891 E30.95744
G1 X53.422 Y62.502 E31.06097
G1 X52.526 Y62.502 E31.10816
G1 X51.136 Y63.891 E31.21170
G1 X50.241 Y63.891 E31.25888
G1 X51.630 Y62.502 E31.36242
G1 X50.735 Y62.502 E31.40960
G1 X49.345 Y63.891 E31.51314
G1 X48.449 Y63.891 E31.56033
G1 X49.839 Y62.502 E31.66386
G1 X48.943 Y62.502 E31.71105
G1 X47.553 Y63.891 E31.81458
G1 X46.657 Y63.891 E31.86177
G1 X48.047 Y62.502 E31.96530
G1 X47.151 Y62.502 E32.01249
G1 X45.761 Y63.891 E32.11602
G1 X44.865 Y63.891 E32.16321
G1 X46.255 Y62.502 E32.26674
G1 X45.359 Y62.502 E32.31393
G1 X43.969 Y63.891 E32.41746
G1 X43.074 Y63.891 E32.46465
G1 X44.463 Y62.502 E32.56819
G1 X43.568 Y62.502 E32.61537
G1 X42.178 Y63.891 E32.71891
G1 X41.282 Y63.891 E32.76609
G1 X42.672 Y62.502 E32.86963
G1 X41.776 Y62.502 E32.91682
G1 X40.386 Y63.891 E33.02035
G1 X39.490 Y63.891 E33.06754
G1 X40.880 Y62.502 E33.17107
G1 X39.984 Y62.502 E33.21826
G1 X38.594 Y63.891 E33.32179
G1 X37.698 Y63.891 E33.36898
G1 X39.088 Y62.502 E33.47251
G1 X38.192 Y62.502 E33.51970
G1 X36.803 Y63.891 E33.62323
G1 X35.907 Y63.891 E33.67042
G1 X37.297 Y62.502 E33.77395
G1 X36.401 Y62.502 E33.82114
G1 X35.011 Y63.891 E33.92468
G1 X34.115 Y63.891 E33.97186
G1 X35.505 Y62.502 E34.07540
G1 X34.609 Y62.502 E34.12258
G1 X33.219 Y63.891 E34.22612
G1 X32.323 Y63.891 E34.27331
G1 X33.713 Y62.502 E34.37684
G1 X32.817 Y62.502 E34.42403
G1 X31.427 Y63.891 E34.52756
G1 X30.532 Y63.891 E34.57475
G1 X31.921 Y62.502 E34.67828
G1 X31.026 Y62.502 E34.72547
G1 X29.636 Y63.891 E34.82900
G1 X28.740 Y63.891 E34.87619
G1 X30.130 Y62.502 E34.97972
G1 X29.234 Y62.502 E35.02691
G1 X27.844 Y63.891 E35.13044
G1 X26.948 Y63.891 E35.17763
G1 X28.338 Y62.502 E35.28117
G1 X27.442 Y62.502 E35.32835
G1 X26.052 Y63.891 E35.43189
G1 X25.156 Y63.891 E35.47907
G1 X26.546 Y62.502 E35.58261
G1 X25.650 Y62.502 E35.62980
G1 X24.260 Y63.891 E35.73333
G1 X23.365 Y63.891 E35.78052
G1 X24.754 Y62.502 E35.88405
G1 X23.859 Y62.502 E35.93124
G1 X22.469 Y63.891 E36.03477
G1 X21.573 Y63.891 E36.08196
G1 X22.963 Y62.502 E36.18549
G1 X22.067 Y62.502 E36.23268
G1 X20.677 Y63.891 E36.33621
G1 X20.147 Y63.525 E36.37013
G1 X21.171 Y62.502 E36.44640
G1 X20.698 Y62.078 F7800.000
G1 X19.727 Y63.049 E36.51871 F1200.000
G1 X19.315 Y62.566 E36.55219
G1 X20.298 Y61.583 E36.62543
G1 X20.298 Y60.687 E36.67262
G1 X19.315 Y61.670 E36.74587
G1 X19.315 Y60.774 E36.79306
G1 X20.298 Y59.791 E36.86631
G1 X20.298 Y58.895 E36.91350
G1 X19.315 Y59.878 E36.98675
G1 X19.315 Y58.982 E37.03393
G1 X20.298 Y57.999 E37.10718
G1 X20.298 Y57.103 E37.15437
G1 X19.315 Y58.087 E37.22762
G1 X19.315 Y57.191 E37.27481
G1 X20.298 Y56.207 E37.34806
G1 X20.298 Y55.312 E37.39525
G1 X19.315 Y56.295 E37.46850
G1 X19.315 Y55.399 E37.51568
G1 X20.298 Y54.416 E37.58893
G1 X20.298 Y53.520 E37.63612
G1 X19.315 Y54.503 E37.70937
G1 X19.315 Y53.607 E37.75656
G1 X20.298 Y52.624 E37.82981
G1 X20.298 Y51.728 E37.87700
G1 X19.315 Y52.711 E37.95025
G1 X19.315 Y51.816 E37.99743
G1 X20.298 Y50.832 E38.07068
G1 X20.298 Y49.936 E38.11787
G1 X19.315 Y50.920 E38.19112
G1 X19.315 Y50.024 E38.23831
G1 X20.298 Y49.040 E38.31156
G1 X20.298 Y48.145 E38.35875
G1 X19.315 Y49.128 E38.43200
G1 X19.315 Y48.232 E38.47918
G1 X20.298 Y47.249 E38.55243
G1 X20.298 Y46.353 E38.59962
G1 X19.315 Y47.336 E38.67287
G1 X19.315 Y46.440 E38.72006
G1 X20.298 Y45.457 E38.79331
G1 X20.298 Y44.561 E38.84050
G1 X19.315 Y45.544 E38.91375
G1 X19.315 Y44.649 E38.96094
G1 X20.298 Y43.665 E39.03418
G1 X20.298 Y42.769 E39.08137
G1 X19.315 Y43.753 E39.15462
G1 X19.315 Y42.857 E39.20181
G1 X20.298 Y41.874 E39.27506
G1 X20.298 Y40.978 E39.32225
G1 X19.315 Y41.961 E39.39550
G1 X19.315 Y41.065 E39.44268
G1 X20.298 Y40.082 E39.51593
G1 X20.298 Y39.186 E39.56312
G1 X19.315 Y40.169 E39.63637
G1 X19.315 Y39.273 E39.68356
G1 X20.298 Y38.290 E39.75681
G1 X20.298 Y37.394 E39.80400
G1 X19.315 Y38.378 E39.87724
G1 X19.315 Y37.482 E39.92443
G1 X20.298 Y36.498 E39.99768
G1 X20.298 Y35.603 E40.04487
G1 X19.315 Y36.586 E40.11812
G1 X19.315 Y35.690 E40.16531
G1 X20.298 Y34.707 E40.23856
G1 X20.298 Y33.811 E40.28575
G1 X19.315 Y34.794 E40.35900
G1 X19.315 Y33.898 E40.40618
G1 X20.298 Y32.915 E40.47943
G1 X20.298 Y32.019 E40.52662
G1 X19.315 Y33.002 E40.59987
G1 X19.315 Y32.107 E40.64706
G1 X20.298 Y31.123 E40.72031
G1 X20.298 Y30.227 E40.76750
G1 X19.315 Y31.211 E40.84075
G1 X19.315 Y30.315 E40.88793
G1 X20.298 Y29.331 E40.96118
G1 X20.298 Y28.436 E41.00837
G1 X19.315 Y29.419 E41.08162
G1 X19.315 Y28.523 E41.12881
G1 X20.298 Y27.540 E41.20206
G1 X20.298 Y26.644 E41.24925
G1 X19.315 Y27.627 E41.32250
G1 X19.315 Y26.731 E41.36968
G1 X20.298 Y25.748 E41.44293
G1 X20.298 Y24.852 E41.49012
G1 X19.315 Y25.835 E41.56337
G1 X19.315 Y24.940 E41.61056
G1 X20.298 Y23.956 E41.68381
G1 X20.298 Y23.060 E41.73100
G1 X19.315 Y24.044 E41.80425
G1 X19.315 Y23.148 E41.85143
G1 X20.298 Y22.165 E41.92468
G1 X20.298 Y21.269 E41.97187
G1 X19.315 Y22.252 E42.04512
G1 X19.315 Y21.356 E42.09231
G1 X21.350 Y19.322 E42.24387
G1 X22.245 Y19.322 E42.29106
G1 X21.252 Y20.315 E42.36504
G1 X22.148 Y20.315 E42.41222
G1 X23.141 Y19.322 E42.48620
G1 X24.037 Y19.322 E42.53339
G1 X23.044 Y20.315 E42.60737
G1 X23.940 Y20.315 E42.65456
G1 X24.933 Y19.322 E42.72854
G1 X25.829 Y19.322 E42.77573
G1 X24.836 Y20.315 E42.84971
G1 X25.732 Y20.315 E42.89690
G1 X26.725 Y19.322 E42.97088
G1 X27.621 Y19.322 E43.01807
G1 X26.627 Y20.315 E43.09205
G1 X27.523 Y20.315 E43.13924
G1 X28.516 Y19.322 E43.21322
G1 X29.412 Y19.322 E43.26041
G1 X28.419 Y20.315 E43.33439
G1 X29.315 Y20.315 E43.38158
G1 X30.308 Y19.322 E43.45556
G1 X31.204 Y19.322 E43.50275
G1 X30.211 Y20.315 E43.57673
G1 X31.107 Y20.315 E43.62391
G1 X32.100 Y19.322 E43.69790
G1 X32.996 Y19.322 E43.74508
G1 X32.003 Y20.315 E43.81907
G1 X32.898 Y20.315 E43.86625
G1 X33.892 Y19.322 E43.94023
G1 X34.787 Y19.322 E43.98742
G1 X33.794 Y20.315 E44.06140
G1 X34.690 Y20.315 E44.10859
G1 X35.683 Y19.322 E44.18257
G1 X36.579 Y19.322 E44.22976
G1 X35.586 Y20.315 E44.30374
G1 X36.482 Y20.315 E44.35093
G1 X37.475 Y19.322 E44.42491
G1 X38.371 Y19.322 E44.47210
G1 X37.378 Y20.315 E44.54608
G1 X38.274 Y20.315 E44.59327
G1 X39.267 Y19.322 E44.66725
G1 X40.163 Y19.322 E44.71444
G1 X39.170 Y20.315 E44.78842
G1 X40.065 Y20.315 E44.83561
G1 X41.059 Y19.322 E44.90959
G1 X41.954 Y19.322 E44.95678
G1 X40.961 Y20.315 E45.03076
G1 X41.857 Y20.315 E45.07795
G1 X42.850 Y19.322 E45.15193
G1 X43.746 Y19.322 E45.19912
G1 X42.753 Y20.315 E45.27310
G1 X43.649 Y20.315 E45.32028
G1 X44.642 Y19.322 E45.39427
G1 X45.538 Y19.322 E45.44145
G1 X44.545 Y20.315 E45.51543
G1 X45.441 Y20.315 E45.56262
G1 X46.434 Y19.322 E45.63660
G1 X47.330 Y19.322 E45.68379
G1 X46.336 Y20.315 E45.75777
G1 X47.232 Y20.315 E45.80496
G1 X48.225 Y19.322 E45.87894
G1 X49.121 Y19.322 E45.92613
G1 X48.128 Y20.315 E46.00011
G1 X49.024 Y20.315 E46.04730
G1 X50.017 Y19.322 E46.12128
G1 X50.913 Y19.322 E46.16847
G1 X49.920 Y20.315 E46.24245
G1 X50.816 Y20.315 E46.28964
G1 X51.809 Y19.322 E46.36362
G1 X52.705 Y19.322 E46.41081
G1 X51.712 Y20.315 E46.48479
G1 X52.607 Y20.315 E46.53198
G1 X53.601 Y19.322 E46.60596
G1 X54.497 Y19.322 E46.65315
G1 X53.503 Y20.315 E46.72713
G1 X54.399 Y20.315 E46.77432
G1 X55.392 Y19.322 E46.84830
G1 X56.288 Y19.322 E46.89549
G1 X55.295 Y20.315 E46.96947
G1 X56.191 Y20.315 E47.01665
G1 X57.184 Y19.322 E47.09064
G1 X58.080 Y19.322 E47.13782
G1 X57.087 Y20.315 E47.21180
G1 X57.983 Y20.315 E47.25899
G1 X58.976 Y19.322 E47.33297
G1 X59.872 Y19.322 E47.38016
G1 X58.879 Y20.315 E47.45414
G1 X59.774 Y20.315 E47.50133
G1 X60.768 Y19.322 E47.57531
G1 X61.663 Y19.322 E47.62250
G1 X60.670 Y20.315 E47.69648
G1 X61.566 Y20.315 E47.74367
G1 X62.559 Y19.322 E47.81765
G1 X63.455 Y19.322 E47.86484
G1 X62.462 Y20.315 E47.93882
G1 X63.358 Y20.315 E47.98601
G1 X64.351 Y19.322 E48.05999
G1 X65.247 Y19.322 E48.10718
G1 X64.254 Y20.315 E48.18116
G1 X65.150 Y20.315 E48.22835
G1 X66.143 Y19.322 E48.30233
G1 X67.039 Y19.322 E48.34952
G1 X66.045 Y20.315 E48.42350
G1 X66.941 Y20.315 E48.47069
G1 X67.934 Y19.322 E48.54467
G1 X68.830 Y19.322 E48.59185
G1 X67.837 Y20.315 E48.66583
G1 X68.733 Y20.315 E48.71302
G1 X69.726 Y19.322 E48.78700
G1 X70.619 Y19.324 E48.83404
G1 X69.502 Y20.442 E48.91726
G1 X70.115 Y20.725 E48.95283
G1 X70.676 Y20.164 E48.99461
G1 X71.498 Y20.237 E49.03810
G1 X70.115 Y21.620 E49.14114
G1 X70.115 Y22.516 E49.18833
G1 X71.498 Y21.133 E49.29138
G1 X71.498 Y22.029 E49.33857
G1 X70.115 Y23.412 E49.44161
G1 X70.115 Y24.308 E49.48880
G1 X71.498 Y22.925 E49.59185
G1 X71.498 Y23.821 E49.63903
G1 X70.115 Y25.204 E49.74208
G1 X70.115 Y26.100 E49.78927
G1 X71.498 Y24.716 E49.89231
G1 X71.498 Y25.612 E49.93950
G1 X70.115 Y26.996 E50.04255
G1 X70.115 Y27.891 E50.08974
G1 X71.498 Y26.508 E50.19278
G1 X71.498 Y27.404 E50.23997
G1 X70.115 Y28.787 E50.34301
G1 X70.115 Y29.683 E50.39020
G1 X71.498 Y28.300 E50.49325
G1 X71.498 Y29.196 E50.54044
G1 X70.115 Y30.579 E50.64348
G1 X70.115 Y31.475 E50.69067
G1 X71.498 Y30.092 E50.79372
G1 X71.498 Y30.987 E50.84090
G1 X70.115 Y32.371 E50.94395
G1 X70.115 Y33.267 E50.99114
G1 X71.498 Y31.883 E51.09418
G1 X71.498 Y32.779 E51.14137
G1 X70.115 Y34.162 E51.24442
G1 X70.115 Y35.058 E51.29161
G1 X71.498 Y33.675 E51.39465
G1 X71.498 Y34.571 E51.44184
G1 X70.115 Y35.954 E51.54489
G1 X70.115 Y36.850 E51.59207
G1 X71.498 Y35.467 E51.69512
G1 X71.498 Y36.363 E51.74231
G1 X70.115 Y37.746 E51.84535
G1 X70.115 Y38.642 E51.89254
G1 X71.498 Y37.258 E51.99559
G1 X71.498 Y38.154 E52.04278
G1 X70.115 Y39.538 E52.14582
G1 X70.115 Y40.434 E52.19301
G1 X71.498 Y39.050 E52.29606
G1 X71.498 Y39.946 E52.34324
G1 X70.115 Y41.329 E52.44629
G1 X70.115 Y42.225 E52.49348
G1 X71.498 Y40.842 E52.59652
G1 X71.598 Y41.638 E52.63877
G1 X70.115 Y43.121 E52.74927
G1 X70.115 Y44.017 E52.79646
G1 X71.498 Y42.634 E52.89950
G1 X71.498 Y43.530 E52.94669
G1 X70.115 Y44.913 E53.04973
G1 X70.115 Y45.809 E53.09692
G1 X71.498 Y44.425 E53.19997
G1 X71.498 Y45.321 E53.24716
G1 X70.115 Y46.705 E53.35020
G1 X70.115 Y47.600 E53.39739
G1 X71.498 Y46.217 E53.50044
G1 X71.498 Y47.113 E53.54762
G1 X70.115 Y48.496 E53.65067
G1 X70.115 Y49.392 E53.69786
G1 X71.498 Y48.009 E53.80090
G1 X71.498 Y48.905 E53.84809
G1 X70.115 Y50.288 E53.95114
G1 X70.115 Y51.184 E53.99833
G1 X71.498 Y49.801 E54.10137
G1 X71.498 Y50.696 E54.14856
G1 X70.115 Y52.080 E54.25161
G1 X70.115 Y52.976 E54.29879
G1 X71.498 Y51.592 E54.40184
G1 X71.498 Y52.488 E54.44903
G1 X70.115 Y53.872 E54.55207
G1 X70.115 Y54.767 E54.59926
G1 X71.498 Y53.384 E54.70231
G1 X71.498 Y54.280 E54.74950
G1 X70.115 Y55.663 E54.85254
G1 X70.115 Y56.559 E54.89973
G1 X71.498 Y55.176 E55.00278
G1 X71.498 Y56.072 E55.04996
G1 X70.115 Y57.455 E55.15301
G1 X70.115 Y58.351 E55.20020
G1 X71.498 Y56.968 E55.30324
G1 X71.498 Y57.863 E55.35043
G1 X70.115 Y59.247 E55.45348
G1 X70.115 Y60.143 E55.50067
G1 X71.498 Y58.759 E55.60371
G1 X71.498 Y59.655 E55.65090
G1 X70.115 Y61.038 E55.75395
G1 E54.75395 F18000.00000
G92 E0
G1 X20.454 Y19.322 F7800.000
G1 E1.00000 F18000.00000
G1 X20.147 Y19.628 E1.02283 F1200.000
G1 X19.612 Y20.164 F7800.000
G1 X19.315 Y20.460 E1.04493 F1200.000
G1 X19.672 Y19.689 F7800.000
G1 X19.468 Y19.689 E1.05558 F4800.000
G1 X19.468 Y19.475 E1.06675
G1 X19.672 Y19.475 E1.07741
G1 X19.672 Y19.689 E1.08858
G1 X19.672 Y63.738 F7800.000
G1 X19.468 Y63.738 E1.09923 F4800.000
G1 X19.468 Y63.524 E1.11040
G1 X19.672 Y63.524 E1.12106
G1 X19.672 Y63.738 E1.13222
M106 S163.2
G1 Z3.900 F7800.000
G1 E0.13222 F18000.00000
G92 E0
G1 X70.121 Y62.517 F7800.000
G1 E1.00000 F18000.00000
G1 X20.679 Y62.517 E3.58309 F3600.000
G1 X20.679 Y20.695 E5.76808
G1 X70.121 Y20.695 E8.35118
G1 X70.121 Y62.457 E10.53303
G1 X69.493 Y61.889 F7800.000
G1 X21.307 Y61.889 E13.05047 F3600.000
G1 X21.307 Y21.324 E15.16981
G1 X69.493 Y21.324 E17.68725
G1 X69.493 Y61.829 E19.80345
G1 X69.000 Y61.396 F7800.000
G1 X21.800 Y61.396 E21.20488 F1800.000
G1 X21.800 Y21.816 E22.38006
G1 X69.000 Y21.816 E23.78149
G1 X69.000 Y61.336 E24.95489
G1 X69.000 Y61.796 F7800.000
G1 E23.95489 F18000.00000
G92 E0
G1 X71.479 Y42.285 F7800.000
G1 E1.00000 F18000.00000
G1 X71.479 Y63.875 E2.12797 F3600.000
G1 X19.321 Y63.875 E4.85296
G1 X19.321 Y42.285 E5.98092
G1 X18.821 Y42.285 E6.00705
G1 X18.821 Y40.927 E6.07799
G1 X19.321 Y40.927 E6.10411
G1 X19.321 Y19.337 E7.23208
G1 X71.479 Y19.337 E9.95707
G1 X71.479 Y40.927 E11.08504
G1 X71.979 Y40.927 E11.11116
G1 X71.979 Y42.285 E11.18211
G1 X71.539 Y42.285 E11.20509
G1 X72.107 Y42.914 F7800.000
G1 X72.107 Y64.504 E12.33306 F3600.000
G1 X18.693 Y64.504 E15.12370
G1 X18.693 Y42.914 E16.25167
G1 X18.193 Y42.914 E16.27779
G1 X18.193 Y40.299 E16.41439
G1 X18.693 Y40.299 E16.44051
G1 X18.693 Y18.709 E17.56848
G1 X72.107 Y18.709 E20.35912
G1 X72.107 Y40.299 E21.48709
G1 X72.607 Y40.299 E21.51321
G1 X72.607 Y42.914 E21.64981
G1 X72.167 Y42.914 E21.67280
G1 X72.600 Y43.406 F7800.000
G1 X72.600 Y64.996 E22.31384 F1800.000
G1 X18.200 Y64.996 E23.92904
G1 X18.200 Y43.406 E24.57008
G1 X17.700 Y43.406 E24.58492
G1 X17.700 Y39.806 E24.69181
G1 X18.200 Y39.806 E24.70666
G1 X18.200 Y18.216 E25.34769
G1 X72.600 Y18.216 E26.96290
G1 X72.600 Y39.806 E27.60393
G1 X73.100 Y39.806 E27.61878
G1 X73.100 Y43.406 E27.72567
G1 X72.660 Y43.406 E27.73873
G1 X72.200 Y43.406 F7800.000
G1 X71.665 Y41.606 F7800.000
G1 X70.891 Y41.606 E27.82233 F1200.000
G1 X70.800 Y41.242 E27.86296
G1 X70.800 Y20.381 E30.11710
G1 X70.737 Y20.079 E30.15045
G1 X70.435 Y20.016 E30.18381
G1 X20.365 Y20.016 E35.59433
G1 X20.063 Y20.079 E35.62768
G1 X20.000 Y20.381 E35.66104
G1 X20.000 Y41.242 E37.91517
G1 X19.909 Y41.606 E37.95581
G1 X20.000 Y41.971 E37.99644
G1 X20.000 Y62.832 E40.25058
G1 X20.063 Y63.134 E40.28393
G1 X20.365 Y63.196 E40.31729
G1 X70.435 Y63.196 E45.72781
G1 X70.737 Y63.134 E45.76116
G1 X70.800 Y62.832 E45.79452
G1 X70.800 Y41.971 E48.04865
G1 X71.165 Y40.512 E48.21120
G1 E47.21120 F18000.00000
G92 E0
G1 X19.220 Y41.242 F7800.000
G1 E1.00000 F18000.00000
G1 X19.187 Y41.511 E1.01419 F1200.000
G1 X19.186 Y41.689 E1.02348
G1 X19.220 Y41.971 E1.03833
M106 S237.15
G1 Z4.100 F7800.000
G1 E0.03833 F18000.00000
G92 E0
G1 X71.479 Y62.517 F7800.000
G1 E1.00000 F18000.00000
G1 X71.479 Y63.875 E1.07095 F900.000
G1 X70.121 Y63.875 E1.14189
G1 X70.121 Y62.517 E1.21284
G1 X71.419 Y62.517 E1.28065
G1 X72.107 Y61.889 F7800.000
G1 X72.107 Y64.504 E1.41725 F900.000
G1 X69.493 Y64.504 E1.55385
G1 X69.493 Y61.889 E1.69045
G1 X72.047 Y61.889 E1.82392
G1 X72.600 Y61.396 F7800.000
G1 X72.600 Y64.996 E1.93081 F900.000
G1 X69.000 Y64.996 E2.03769
G1 X69.000 Y61.396 E2.14458
G1 X72.540 Y61.396 E2.24969
G1 X72.400 Y61.743 F7800.000
G1 X71.098 Y63.188 F7800.000
G1 X70.792 Y63.495 E2.27234 F1200.000
G1 E1.27234 F18000.00000
G92 E0
G1 X72.607 Y42.914 F7800.000
G1 E1.00000 F18000.00000
G1 X71.993 Y42.914 E1.03211 F900.000
G1 X71.993 Y40.299 E1.16871
G1 X72.607 Y40.299 E1.20082
G1 X72.607 Y42.854 E1.33428
G1 X73.100 Y43.406 F7800.000
G1 X71.500 Y43.406 E1.38179 F900.000
G1 X71.500 Y39.806 E1.48868
G1 X73.100 Y39.806 E1.53619
G1 X73.100 Y43.346 E1.64129
G1 X72.754 Y43.206 F7800.000
G1 E0.64129 F18000.00000
G92 E0
G1 X71.479 Y20.695 F7800.000
G1 E1.00000 F18000.00000
G1 X70.121 Y20.695 E1.07095 F900.000
G1 X70.121 Y19.337 E1.14189
G1 X71.479 Y19.337 E1.21284
G1 X71.479 Y20.635 E1.28065
G1 X72.107 Y21.324 F7800.000
G1 X69.493 Y21.324 E1.41725 F900.000
G1 X69.493 Y18.709 E1.55385
G1 X72.107 Y18.709 E1.69045
G1 X72.107 Y21.264 E1.82392
G1 X72.600 Y21.816 F7800.000
G1 X69.000 Y21.816 E1.93081 F900.000
G1 X69.000 Y18.216 E2.03769
G1 X72.600 Y18.216 E2.14458
G1 X72.600 Y21.756 E2.24969
G1 X72.254 Y21.616 F7800.000
G1 X71.098 Y20.008 F7800.000
G1 X70.792 Y20.315 E2.27234 F1200.000
G1 E1.27234 F18000.00000
G92 E0
G1 X20.679 Y20.695 F7800.000
G1 E1.00000 F18000.00000
G1 X19.321 Y20.695 E1.07095 F900.000
G1 X19.321 Y19.337 E1.14189
G1 X20.679 Y19.337 E1.21284
G1 X20.679 Y20.635 E1.28065
G1 X21.307 Y21.324 F7800.000
G1 X18.693 Y21.324 E1.41725 F900.000
G1 X18.693 Y18.709 E1.55385
G1 X21.307 Y18.709 E1.69045
G1 X21.307 Y21.264 E1.82392
G1 X21.800 Y21.816 F7800.000
G1 X18.200 Y21.816 E1.93080 F900.000
G1 X18.200 Y18.216 E2.03769
G1 X21.800 Y18.216 E2.14458
G1 X21.800 Y21.756 E2.24969
G1 X21.454 Y21.616 F7800.000
G1 X20.298 Y20.008 F7800.000
G1 X19.992 Y20.315 E2.27234 F1200.000
G1 E1.27234 F18000.00000
G92 E0
G1 X18.807 Y40.299 F7800.000
G1 E1.00000 F18000.00000
G1 X18.807 Y42.914 E1.13660 F900.000
G1 X18.193 Y42.914 E1.16871
G1 X18.193 Y40.299 E1.30531
G1 X18.747 Y40.299 E1.33428
G1 X19.300 Y39.806 F7800.000
G1 X19.300 Y43.406 E1.44117 F900.000
G1 X17.700 Y43.406 E1.48868
G1 X17.700 Y39.806 E1.59557
G1 X19.240 Y39.806 E1.64129
G1 X19.100 Y40.153 F7800.000
G1 E0.64129 F18000.00000
G92 E0
G1 X19.321 Y62.517 F7800.000
G1 E1.00000 F18000.00000
G1 X20.679 Y62.517 E1.07095 F900.000
G1 X20.679 Y63.875 E1.14189
G1 X19.321 Y63.875 E1.21284
G1 X19.321 Y62.577 E1.28065
G1 X18.693 Y61.889 F7800.000
G1 X21.307 Y61.889 E1.41725 F900.000
G1 X21.307 Y64.504 E1.55385
G1 X18.693 Y64.504 E1.69045
G1 X18.693 Y61.949 E1.82392
G1 X18.200 Y61.396 F7800.000
G1 X21.800 Y61.396 E1.93080 F900.000
G1 X21.800 Y64.996 E2.03769
G1 X18.200 Y64.996 E2.14458
G1 X18.200 Y61.456 E2.24969
G1 X18.546 Y61.596 F7800.000
G1 X19.992 Y63.495 F7800.000
G1 X20.298 Y63.188 E2.27234 F1200.000
G1 Z4.300 F7800.000
G1 E1.27234 F18000.00000
G92 E0
G1 X70.121 Y62.517 F7800.000
G1 E1.00000 F18000.00000
G1 X71.479 Y62.517 E1.07095 F900.000
G1 X71.479 Y63.875 E1.14189
G1 X70.121 Y63.875 E1.21284
G1 X70.121 Y62.577 E1.28065
G1 X69.493 Y61.889 F7800.000
G1 X72.107 Y61.889 E1.41725 F900.000
G1 X72.107 Y64.504 E1.55385
G1 X69.493 Y64.504 E1.69045
G1 X69.493 Y61.949 E1.82392
G1 X69.000 Y61.396 F7800.000
G1 X72.600 Y61.396 E1.93081 F900.000
G1 X72.600 Y64.996 E2.03769
G1 X69.000 Y64.996 E2.14458
G1 X69.000 Y61.456 E2.24969
G1 X69.346 Y61.596 F7800.000
G1 X70.792 Y62.898 F7800.000
G1 X71.098 Y63.205 E2.27234 F1200.000
G1 E1.27234 F18000.00000
G92 E0
G1 X71.993 Y42.914 F7800.000
G1 E1.00000 F18000.00000
G1 X71.993 Y40.299 E1.13660 F900.000
G1 X72.607 Y40.299 E1.16871
G1 X72.607 Y42.914 E1.30531
G1 X72.053 Y42.914 E1.33428
G1 X71.500 Y43.406 F7800.000
G1 X71.500 Y39.806 E1.44117 F900.000
G1 X73.100 Y39.806 E1.48868
G1 X73.100 Y43.406 E1.59557
G1 X71.560 Y43.406 E1.64129
G1 X71.700 Y43.060 F7800.000
G1 E0.64129 F18000.00000
G92 E0
G1 X71.479 Y20.695 F7800.000
G1 E1.00000 F18000.00000
G1 X70.121 Y20.695 E1.07095 F900.000
G1 X70.121 Y19.337 E1.14189
G1 X71.479 Y19.337 E1.21284
G1 X71.479 Y20.635 E1.28065
G1 X72.107 Y21.324 F7800.000
G1 X69.493 Y21.324 E1.41725 F900.000
G1 X69.493 Y18.709 E1.55385
G1 X72.107 Y18.709 E1.69045
G1 X72.107 Y21.264 E1.82392
G1 X72.600 Y21.816 F7800.000
G1 X69.000 Y21.816 E1.93081 F900.000
G1 X69.000 Y18.216 E2.03769
G1 X72.600 Y18.216 E2.14458
G1 X72.600 Y21.756 E2.24969
G1 X72.254 Y21.616 F7800.000
G1 X71.098 Y20.025 F7800.000
G1 X70.792 Y19.718 E2.27234 F1200.000
G1 E1.27234 F18000.00000
G92 E0
G1 X20.679 Y20.695 F7800.000
G1 E1.00000 F18000.00000
G1 X19.321 Y20.695 E1.07095 F900.000
G1 X19.321 Y19.337 E1.14189
G1 X20.679 Y19.337 E1.21284
G1 X20.679 Y20.635 E1.28065
G1 X21.307 Y21.324 F7800.000
G1 X18.693 Y21.324 E1.41725 F900.000
G1 X18.693 Y18.709 E1.55385
G1 X21.307 Y18.709 E1.69045
G1 X21.307 Y21.264 E1.82392
G1 X21.800 Y21.816 F7800.000
G1 X18.200 Y21.816 E1.93080 F900.000
G1 X18.200 Y18.216 E2.03769
G1 X21.800 Y18.216 E2.14458
G1 X21.800 Y21.756 E2.24969
G1 X21.454 Y21.616 F7800.000
G1 X20.298 Y20.025 F7800.000
G1 X19.992 Y19.718 E2.27234 F1200.000
G1 E1.27234 F18000.00000
G92 E0
G1 X18.807 Y40.299 F7800.000
G1 E1.00000 F18000.00000
G1 X18.807 Y42.914 E1.13660 F900.000
G1 X18.193 Y42.914 E1.16871
G1 X18.193 Y40.299 E1.30531
G1 X18.747 Y40.299 E1.33428
G1 X19.300 Y39.806 F7800.000
G1 X19.300 Y43.406 E1.44117 F900.000
G1 X17.700 Y43.406 E1.48868
G1 X17.700 Y39.806 E1.59557
G1 X19.240 Y39.806 E1.64129
G1 X19.100 Y40.153 F7800.000
G1 E0.64129 F18000.00000
G92 E0
G1 X19.321 Y62.517 F7800.000
G1 E1.00000 F18000.00000
G1 X20.679 Y62.517 E1.07095 F900.000
G1 X20.679 Y63.875 E1.14189
G1 X19.321 Y63.875 E1.21284
G1 X19.321 Y62.577 E1.28065
G1 X18.693 Y61.889 F7800.000
G1 X21.307 Y61.889 E1.41725 F900.000
G1 X21.307 Y64.504 E1.55385
G1 X18.693 Y64.504 E1.69045
G1 X18.693 Y61.949 E1.82392
G1 X18.200 Y61.396 F7800.000
G1 X21.800 Y61.396 E1.93080 F900.000
G1 X21.800 Y64.996 E2.03769
G1 X18.200 Y64.996 E2.14458
G1 X18.200 Y61.456 E2.24969
G1 X18.546 Y61.596 F7800.000
G1 X19.992 Y62.898 F7800.000
G1 X20.298 Y63.205 E2.27234 F1200.000
G1 Z4.500 F7800.000
G1 E1.27234 F18000.00000
G92 E0
G1 X70.121 Y62.517 F7800.000
G1 E1.00000 F18000.00000
G1 X71.479 Y62.517 E1.07095 F900.000
G1 X71.479 Y63.875 E1.14189
G1 X70.121 Y63.875 E1.21284
G1 X70.121 Y62.577 E1.28065
G1 X69.493 Y61.889 F7800.000
G1 X72.107 Y61.889 E1.41725 F900.000
G1 X72.107 Y64.504 E1.55385
G1 X69.493 Y64.504 E1.69045
G1 X69.493 Y61.949 E1.82392
G1 X69.000 Y61.396 F7800.000
G1 X72.600 Y61.396 E1.93081 F900.000
G1 X72.600 Y64.996 E2.03769
G1 X69.000 Y64.996 E2.14458
G1 X69.000 Y61.456 E2.24969
G1 X69.346 Y61.596 F7800.000
G1 X70.792 Y63.495 F7800.000
G1 X71.098 Y63.188 E2.27234 F1200.000
G1 E1.27234 F18000.00000
G92 E0
G1 X71.993 Y42.914 F7800.000
G1 E1.00000 F18000.00000
G1 X71.993 Y40.299 E1.13660 F900.000
G1 X72.607 Y40.299 E1.16871
G1 X72.607 Y42.914 E1.30531
G1 X72.053 Y42.914 E1.33428
G1 X71.500 Y43.406 F7800.000
G1 X71.500 Y39.806 E1.44117 F900.000
G1 X73.100 Y39.806 E1.48868
G1 X73.100 Y43.406 E1.59557
G1 X71.560 Y43.406 E1.64129
G1 X71.700 Y43.060 F7800.000
G1 E0.64129 F18000.00000
G92 E0
G1 X71.479 Y20.695 F7800.000
G1 E1.00000 F18000.00000
G1 X70.121 Y20.695 E1.07095 F900.000
G1 X70.121 Y19.337 E1.14189
G1 X71.479 Y19.337 E1.21284
G1 X71.479 Y20.635 E1.28065
G1 X72.107 Y21.324 F7800.000
G1 X69.493 Y21.324 E1.41725 F900.000
G1 X69.493 Y18.709 E1.55385
G1 X72.107 Y18.709 E1.69045
G1 X72.107 Y21.264 E1.82392
G1 X72.600 Y21.816 F7800.000
G1 X69.000 Y21.816 E1.93081 F900.000
G1 X69.000 Y18.216 E2.03769
G1 X72.600 Y18.216 E2.14458
G1 X72.600 Y21.756 E2.24969
G1 X72.254 Y21.616 F7800.000
G1 X71.098 Y20.008 F7800.000
G1 X70.792 Y20.315 E2.27234 F1200.000
G1 E1.27234 F18000.00000
G92 E0
G1 X20.679 Y20.695 F7800.000
G1 E1.00000 F18000.00000
G1 X19.321 Y20.695 E1.07095 F900.000
G1 X19.321 Y19.337 E1.14189
G1 X20.679 Y19.337 E1.21284
G1 X20.679 Y20.635 E1.28065
G1 X21.307 Y21.324 F7800.000
G1 X18.693 Y21.324 E1.41725 F900.000
G1 X18.693 Y18.709 E1.55385
G1 X21.307 Y18.709 E1.69045
G1 X21.307 Y21.264 E1.82392
G1 X21.800 Y21.816 F7800.000
G1 X18.200 Y21.816 E1.93080 F900.000
G1 X18.200 Y18.216 E2.03769
G1 X21.800 Y18.216 E2.14458
G1 X21.800 Y21.756 E2.24969
G1 X21.454 Y21.616 F7800.000
G1 X20.298 Y20.008 F7800.000
G1 X19.992 Y20.315 E2.27234 F1200.000
G1 E1.27234 F18000.00000
G92 E0
G1 X18.807 Y40.299 F7800.000
G1 E1.00000 F18000.00000
G1 X18.807 Y42.914 E1.13660 F900.000
G1 X18.193 Y42.914 E1.16871
G1 X18.193 Y40.299 E1.30531
G1 X18.747 Y40.299 E1.33428
G1 X19.300 Y39.806 F7800.000
G1 X19.300 Y43.406 E1.44117 F900.000
G1 X17.700 Y43.406 E1.48868
G1 X17.700 Y39.806 E1.59557
G1 X19.240 Y39.806 E1.64129
G1 X19.100 Y40.153 F7800.000
G1 E0.64129 F18000.00000
G92 E0
G1 X19.321 Y62.517 F7800.000
G1 E1.00000 F18000.00000
G1 X20.679 Y62.517 E1.07095 F900.000
G1 X20.679 Y63.875 E1.14189
G1 X19.321 Y63.875 E1.21284
G1 X19.321 Y62.577 E1.28065
G1 X18.693 Y61.889 F7800.000
G1 X21.307 Y61.889 E1.41725 F900.000
G1 X21.307 Y64.504 E1.55385
G1 X18.693 Y64.504 E1.69045
G1 X18.693 Y61.949 E1.82392
G1 X18.200 Y61.396 F7800.000
G1 X21.800 Y61.396 E1.93080 F900.000
G1 X21.800 Y64.996 E2.03769
G1 X18.200 Y64.996 E2.14458
G1 X18.200 Y61.456 E2.24969
G1 X18.546 Y61.596 F7800.000
G1 X19.992 Y63.495 F7800.000
G1 X20.298 Y63.188 E2.27234 F1200.000
G1 Z4.700 F7800.000
G1 E1.27234 F18000.00000
G92 E0
G1 X70.121 Y62.517 F7800.000
G1 E1.00000 F18000.00000
G1 X71.479 Y62.517 E1.07095 F900.000
G1 X71.479 Y63.875 E1.14189
G1 X70.121 Y63.875 E1.21284
G1 X70.121 Y62.577 E1.28065
G1 X69.493 Y61.889 F7800.000
G1 X72.107 Y61.889 E1.41725 F900.000
G1 X72.107 Y64.504 E1.55385
G1 X69.493 Y64.504 E1.69045
G1 X69.493 Y61.949 E1.82392
G1 X69.000 Y61.396 F7800.000
G1 X72.600 Y61.396 E1.93081 F900.000
G1 X72.600 Y64.996 E2.03769
G1 X69.000 Y64.996 E2.14458
G1 X69.000 Y61.456 E2.24969
G1 X69.346 Y61.596 F7800.000
G1 X70.792 Y62.898 F7800.000
G1 X71.098 Y63.205 E2.27234 F1200.000
G1 E1.27234 F18000.00000
G92 E0
G1 X71.993 Y42.914 F7800.000
G1 E1.00000 F18000.00000
G1 X71.993 Y40.299 E1.13660 F900.000
G1 X72.607 Y40.299 E1.16871
G1 X72.607 Y42.914 E1.30531
G1 X72.053 Y42.914 E1.33428
G1 X71.500 Y43.406 F7800.000
G1 X71.500 Y39.806 E1.44117 F900.000
G1 X73.100 Y39.806 E1.48868
G1 X73.100 Y43.406 E1.59557
G1 X71.560 Y43.406 E1.64129
G1 X71.700 Y43.060 F7800.000
G1 E0.64129 F18000.00000
G92 E0
G1 X71.479 Y20.695 F7800.000
G1 E1.00000 F18000.00000
G1 X70.121 Y20.695 E1.07095 F900.000
G1 X70.121 Y19.337 E1.14189
G1 X71.479 Y19.337 E1.21284
G1 X71.479 Y20.635 E1.28065
G1 X72.107 Y21.324 F7800.000
G1 X69.493 Y21.324 E1.41725 F900.000
G1 X69.493 Y18.709 E1.55385
G1 X72.107 Y18.709 E1.69045
G1 X72.107 Y21.264 E1.82392
G1 X72.600 Y21.816 F7800.000
G1 X69.000 Y21.816 E1.93081 F900.000
G1 X69.000 Y18.216 E2.03769
G1 X72.600 Y18.216 E2.14458
G1 X72.600 Y21.756 E2.24969
G1 X72.254 Y21.616 F7800.000
G1 X71.098 Y20.025 F7800.000
G1 X70.792 Y19.718 E2.27234 F1200.000
G1 E1.27234 F18000.00000
G92 E0
G1 X20.679 Y20.695 F7800.000
G1 E1.00000 F18000.00000
G1 X19.321 Y20.695 E1.07095 F900.000
G1 X19.321 Y19.337 E1.14189
G1 X20.679 Y19.337 E1.21284
G1 X20.679 Y20.635 E1.28065
G1 X21.307 Y21.324 F7800.000
G1 X18.693 Y21.324 E1.41725 F900.000
G1 X18.693 Y18.709 E1.55385
G1 X21.307 Y18.709 E1.69045
G1 X21.307 Y21.264 E1.82392
G1 X21.800 Y21.816 F7800.000
G1 X18.200 Y21.816 E1.93080 F900.000
G1 X18.200 Y18.216 E2.03769
G1 X21.800 Y18.216 E2.14458
G1 X21.800 Y21.756 E2.24969
G1 X21.454 Y21.616 F7800.000
G1 X20.298 Y20.025 F7800.000
G1 X19.992 Y19.718 E2.27234 F1200.000
G1 E1.27234 F18000.00000
G92 E0
G1 X18.807 Y40.299 F7800.000
G1 E1.00000 F18000.00000
G1 X18.807 Y42.914 E1.13660 F900.000
G1 X18.193 Y42.914 E1.16871
G1 X18.193 Y40.299 E1.30531
G1 X18.747 Y40.299 E1.33428
G1 X19.300 Y39.806 F7800.000
G1 X19.300 Y43.406 E1.44117 F900.000
G1 X17.700 Y43.406 E1.48868
G1 X17.700 Y39.806 E1.59557
G1 X19.240 Y39.806 E1.64129
G1 X19.100 Y40.153 F7800.000
G1 E0.64129 F18000.00000
G92 E0
G1 X19.321 Y62.517 F7800.000
G1 E1.00000 F18000.00000
G1 X20.679 Y62.517 E1.07095 F900.000
G1 X20.679 Y63.875 E1.14189
G1 X19.321 Y63.875 E1.21284
G1 X19.321 Y62.577 E1.28065
G1 X18.693 Y61.889 F7800.000
G1 X21.307 Y61.889 E1.41725 F900.000
G1 X21.307 Y64.504 E1.55385
G1 X18.693 Y64.504 E1.69045
G1 X18.693 Y61.949 E1.82392
G1 X18.200 Y61.396 F7800.000
G1 X21.800 Y61.396 E1.93080 F900.000
G1 X21.800 Y64.996 E2.03769
G1 X18.200 Y64.996 E2.14458
G1 X18.200 Y61.456 E2.24969
G1 X18.546 Y61.596 F7800.000
G1 X19.992 Y62.898 F7800.000
G1 X20.298 Y63.205 E2.27234 F1200.000
G1 Z4.900 F7800.000
G1 E1.27234 F18000.00000
G92 E0
G1 X70.121 Y62.517 F7800.000
G1 E1.00000 F18000.00000
G1 X71.479 Y62.517 E1.07095 F900.000
G1 X71.479 Y63.875 E1.14189
G1 X70.121 Y63.875 E1.21284
G1 X70.121 Y62.577 E1.28065
G1 X69.493 Y61.889 F7800.000
G1 X72.107 Y61.889 E1.41725 F900.000
G1 X72.107 Y64.504 E1.55385
G1 X69.493 Y64.504 E1.69045
G1 X69.493 Y61.949 E1.82392
G1 X69.000 Y61.396 F7800.000
G1 X72.600 Y61.396 E1.93081 F900.000
G1 X72.600 Y64.996 E2.03769
G1 X69.000 Y64.996 E2.14458
G1 X69.000 Y61.456 E2.24969
G1 X69.346 Y61.596 F7800.000
G1 X70.792 Y63.495 F7800.000
G1 X71.098 Y63.188 E2.27234 F1200.000
G1 E1.27234 F18000.00000
G92 E0
G1 X71.993 Y42.914 F7800.000
G1 E1.00000 F18000.00000
G1 X71.993 Y40.299 E1.13660 F900.000
G1 X72.607 Y40.299 E1.16871
G1 X72.607 Y42.914 E1.30531
G1 X72.053 Y42.914 E1.33428
G1 X71.500 Y43.406 F7800.000
G1 X71.500 Y39.806 E1.44117 F900.000
G1 X73.100 Y39.806 E1.48868
G1 X73.100 Y43.406 E1.59557
G1 X71.560 Y43.406 E1.64129
G1 X71.700 Y43.060 F7800.000
G1 E0.64129 F18000.00000
G92 E0
G1 X71.479 Y20.695 F7800.000
G1 E1.00000 F18000.00000
G1 X70.121 Y20.695 E1.07095 F900.000
G1 X70.121 Y19.337 E1.14189
G1 X71.479 Y19.337 E1.21284
G1 X71.479 Y20.635 E1.28065
G1 X72.107 Y21.324 F7800.000
G1 X69.493 Y21.324 E1.41725 F900.000
G1 X69.493 Y18.709 E1.55385
G1 X72.107 Y18.709 E1.69045
G1 X72.107 Y21.264 E1.82392
G1 X72.600 Y21.816 F7800.000
G1 X69.000 Y21.816 E1.93081 F900.000
G1 X69.000 Y18.216 E2.03769
G1 X72.600 Y18.216 E2.14458
G1 X72.600 Y21.756 E2.24969
G1 X72.254 Y21.616 F7800.000
G1 X71.098 Y20.008 F7800.000
G1 X70.792 Y20.315 E2.27234 F1200.000
G1 E1.27234 F18000.00000
G92 E0
G1 X20.679 Y20.695 F7800.000
G1 E1.00000 F18000.00000
G1 X19.321 Y20.695 E1.07095 F900.000
G1 X19.321 Y19.337 E1.14189
G1 X20.679 Y19.337 E1.21284
G1 X20.679 Y20.635 E1.28065
G1 X21.307 Y21.324 F7800.000
G1 X18.693 Y21.324 E1.41725 F900.000
G1 X18.693 Y18.709 E1.55385
G1 X21.307 Y18.709 E1.69045
G1 X21.307 Y21.264 E1.82392
G1 X21.800 Y21.816 F7800.000
G1 X18.200 Y21.816 E1.93080 F900.000
G1 X18.200 Y18.216 E2.03769
G1 X21.800 Y18.216 E2.14458
G1 X21.800 Y21.756 E2.24969
G1 X21.454 Y21.616 F7800.000
G1 X20.298 Y20.008 F7800.000
G1 X19.992 Y20.315 E2.27234 F1200.000
G1 E1.27234 F18000.00000
G92 E0
G1 X18.807 Y40.299 F7800.000
G1 E1.00000 F18000.00000
G1 X18.807 Y42.914 E1.13660 F900.000
G1 X18.193 Y42.914 E1.16871
G1 X18.193 Y40.299 E1.30531
G1 X18.747 Y40.299 E1.33428
G1 X19.300 Y39.806 F7800.000
G1 X19.300 Y43.406 E1.44117 F900.000
G1 X17.700 Y43.406 E1.48868
G1 X17.700 Y39.806 E1.59557
G1 X19.240 Y39.806 E1.64129
G1 X19.100 Y40.153 F7800.000
G1 E0.64129 F18000.00000
G92 E0
G1 X19.321 Y62.517 F7800.000
G1 E1.00000 F18000.00000
G1 X20.679 Y62.517 E1.07095 F900.000
G1 X20.679 Y63.875 E1.14189
G1 X19.321 Y63.875 E1.21284
G1 X19.321 Y62.577 E1.28065
G1 X18.693 Y61.889 F7800.000
G1 X21.307 Y61.889 E1.41725 F900.000
G1 X21.307 Y64.504 E1.55385
G1 X18.693 Y64.504 E1.69045
G1 X18.693 Y61.949 E1.82392
G1 X18.200 Y61.396 F7800.000
G1 X21.800 Y61.396 E1.93080 F900.000
G1 X21.800 Y64.996 E2.03769
G1 X18.200 Y64.996 E2.14458
G1 X18.200 Y61.456 E2.24969
G1 X18.546 Y61.596 F7800.000
G1 X19.992 Y63.495 F7800.000
G1 X20.298 Y63.188 E2.27234 F1200.000
G1 Z5.100 F7800.000
G1 E1.27234 F18000.00000
G92 E0
G1 X70.121 Y62.517 F7800.000
G1 E1.00000 F18000.00000
G1 X71.479 Y62.517 E1.07095 F900.000
G1 X71.479 Y63.875 E1.14189
G1 X70.121 Y63.875 E1.21284
G1 X70.121 Y62.577 E1.28065
G1 X69.493 Y61.889 F7800.000
G1 X72.107 Y61.889 E1.41725 F900.000
G1 X72.107 Y64.504 E1.55385
G1 X69.493 Y64.504 E1.69045
G1 X69.493 Y61.949 E1.82392
G1 X69.000 Y61.396 F7800.000
G1 X72.600 Y61.396 E1.93081 F900.000
G1 X72.600 Y64.996 E2.03769
G1 X69.000 Y64.996 E2.14458
G1 X69.000 Y61.456 E2.24969
G1 X69.346 Y61.596 F7800.000
G1 X70.792 Y62.898 F7800.000
G1 X71.098 Y63.205 E2.27234 F1200.000
G1 E1.27234 F18000.00000
G92 E0
G1 X71.993 Y42.914 F7800.000
G1 E1.00000 F18000.00000
G1 X71.993 Y40.299 E1.13660 F900.000
G1 X72.607 Y40.299 E1.16871
G1 X72.607 Y42.914 E1.30531
G1 X72.053 Y42.914 E1.33428
G1 X71.500 Y43.406 F7800.000
G1 X71.500 Y39.806 E1.44117 F900.000
G1 X73.100 Y39.806 E1.48868
G1 X73.100 Y43.406 E1.59557
G1 X71.560 Y43.406 E1.64129
G1 X71.700 Y43.060 F7800.000
G1 E0.64129 F18000.00000
G92 E0
G1 X71.479 Y20.695 F7800.000
G1 E1.00000 F18000.00000
G1 X70.121 Y20.695 E1.07095 F900.000
G1 X70.121 Y19.337 E1.14189
G1 X71.479 Y19.337 E1.21284
G1 X71.479 Y20.635 E1.28065
G1 X72.107 Y21.324 F7800.000
G1 X69.493 Y21.324 E1.41725 F900.000
G1 X69.493 Y18.709 E1.55385
G1 X72.107 Y18.709 E1.69045
G1 X72.107 Y21.264 E1.82392
G1 X72.600 Y21.816 F7800.000
G1 X69.000 Y21.816 E1.93081 F900.000
G1 X69.000 Y18.216 E2.03769
G1 X72.600 Y18.216 E2.14458
G1 X72.600 Y21.756 E2.24969
G1 X72.254 Y21.616 F7800.000
G1 X71.098 Y20.025 F7800.000
G1 X70.792 Y19.718 E2.27234 F1200.000
G1 E1.27234 F18000.00000
G92 E0
G1 X20.679 Y20.695 F7800.000
G1 E1.00000 F18000.00000
G1 X19.321 Y20.695 E1.07095 F900.000
G1 X19.321 Y19.337 E1.14189
G1 X20.679 Y19.337 E1.21284
G1 X20.679 Y20.635 E1.28065
G1 X21.307 Y21.324 F7800.000
G1 X18.693 Y21.324 E1.41725 F900.000
G1 X18.693 Y18.709 E1.55385
G1 X21.307 Y18.709 E1.69045
G1 X21.307 Y21.264 E1.82392
G1 X21.800 Y21.816 F7800.000
G1 X18.200 Y21.816 E1.93080 F900.000
G1 X18.200 Y18.216 E2.03769
G1 X21.800 Y18.216 E2.14458
G1 X21.800 Y21.756 E2.24969
G1 X21.454 Y21.616 F7800.000
G1 X20.298 Y20.025 F7800.000
G1 X19.992 Y19.718 E2.27234 F1200.000
G1 E1.27234 F18000.00000
G92 E0
G1 X18.807 Y40.299 F7800.000
G1 E1.00000 F18000.00000
G1 X18.807 Y42.914 E1.13660 F900.000
G1 X18.193 Y42.914 E1.16871
G1 X18.193 Y40.299 E1.30531
G1 X18.747 Y40.299 E1.33428
G1 X19.300 Y39.806 F7800.000
G1 X19.300 Y43.406 E1.44117 F900.000
G1 X17.700 Y43.406 E1.48868
G1 X17.700 Y39.806 E1.59557
G1 X19.240 Y39.806 E1.64129
G1 X19.100 Y40.153 F7800.000
G1 E0.64129 F18000.00000
G92 E0
G1 X19.321 Y62.517 F7800.000
G1 E1.00000 F18000.00000
G1 X20.679 Y62.517 E1.07095 F900.000
G1 X20.679 Y63.875 E1.14189
G1 X19.321 Y63.875 E1.21284
G1 X19.321 Y62.577 E1.28065
G1 X18.693 Y61.889 F7800.000
G1 X21.307 Y61.889 E1.41725 F900.000
G1 X21.307 Y64.504 E1.55385
G1 X18.693 Y64.504 E1.69045
G1 X18.693 Y61.949 E1.82392
G1 X18.200 Y61.396 F7800.000
G1 X21.800 Y61.396 E1.93080 F900.000
G1 X21.800 Y64.996 E2.03769
G1 X18.200 Y64.996 E2.14458
G1 X18.200 Y61.456 E2.24969
G1 X18.546 Y61.596 F7800.000
G1 X19.992 Y62.898 F7800.000
G1 X20.298 Y63.205 E2.27234 F1200.000
G1 Z5.300 F7800.000
G1 E1.27234 F18000.00000
G92 E0
G1 X70.121 Y62.517 F7800.000
G1 E1.00000 F18000.00000
G1 X71.479 Y62.517 E1.07095 F900.000
G1 X71.479 Y63.875 E1.14189
G1 X70.121 Y63.875 E1.21284
G1 X70.121 Y62.577 E1.28065
G1 X69.493 Y61.889 F7800.000
G1 X72.107 Y61.889 E1.41725 F900.000
G1 X72.107 Y64.504 E1.55385
G1 X69.493 Y64.504 E1.69045
G1 X69.493 Y61.949 E1.82392
G1 X69.000 Y61.396 F7800.000
G1 X72.600 Y61.396 E1.93081 F900.000
G1 X72.600 Y64.996 E2.03769
G1 X69.000 Y64.996 E2.14458
G1 X69.000 Y61.456 E2.24969
G1 X69.346 Y61.596 F7800.000
G1 X70.792 Y63.495 F7800.000
G1 X71.098 Y63.188 E2.27234 F1200.000
G1 E1.27234 F18000.00000
G92 E0
G1 X71.993 Y42.914 F7800.000
G1 E1.00000 F18000.00000
G1 X71.993 Y40.299 E1.13660 F900.000
G1 X72.607 Y40.299 E1.16871
G1 X72.607 Y42.914 E1.30531
G1 X72.053 Y42.914 E1.33428
G1 X71.500 Y43.406 F7800.000
G1 X71.500 Y39.806 E1.44117 F900.000
G1 X73.100 Y39.806 E1.48868
G1 X73.100 Y43.406 E1.59557
G1 X71.560 Y43.406 E1.64129
G1 X71.700 Y43.060 F7800.000
G1 E0.64129 F18000.00000
G92 E0
G1 X71.479 Y20.695 F7800.000
G1 E1.00000 F18000.00000
G1 X70.121 Y20.695 E1.07095 F900.000
G1 X70.121 Y19.337 E1.14189
G1 X71.479 Y19.337 E1.21284
G1 X71.479 Y20.635 E1.28065
G1 X72.107 Y21.324 F7800.000
G1 X69.493 Y21.324 E1.41725 F900.000
G1 X69.493 Y18.709 E1.55385
G1 X72.107 Y18.709 E1.69045
G1 X72.107 Y21.264 E1.82392
G1 X72.600 Y21.816 F7800.000
G1 X69.000 Y21.816 E1.93081 F900.000
G1 X69.000 Y18.216 E2.03769
G1 X72.600 Y18.216 E2.14458
G1 X72.600 Y21.756 E2.24969
G1 X72.254 Y21.616 F7800.000
G1 X71.098 Y20.008 F7800.000
G1 X70.792 Y20.315 E2.27234 F1200.000
G1 E1.27234 F18000.00000
G92 E0
G1 X20.679 Y20.695 F7800.000
G1 E1.00000 F18000.00000
G1 X19.321 Y20.695 E1.07095 F900.000
G1 X19.321 Y19.337 E1.14189
G1 X20.679 Y19.337 E1.21284
G1 X20.679 Y20.635 E1.28065
G1 X21.307 Y21.324 F7800.000
G1 X18.693 Y21.324 E1.41725 F900.000
G1 X18.693 Y18.709 E1.55385
G1 X21.307 Y18.709 E1.69045
G1 X21.307 Y21.264 E1.82392
G1 X21.800 Y21.816 F7800.000
G1 X18.200 Y21.816 E1.93080 F900.000
G1 X18.200 Y18.216 E2.03769
G1 X21.800 Y18.216 E2.14458
G1 X21.800 Y21.756 E2.24969
G1 X21.454 Y21.616 F7800.000
G1 X20.298 Y20.008 F7800.000
G1 X19.992 Y20.315 E2.27234 F1200.000
G1 E1.27234 F18000.00000
G92 E0
G1 X18.807 Y40.299 F7800.000
G1 E1.00000 F18000.00000
G1 X18.807 Y42.914 E1.13660 F900.000
G1 X18.193 Y42.914 E1.16871
G1 X18.193 Y40.299 E1.30531
G1 X18.747 Y40.299 E1.33428
G1 X19.300 Y39.806 F7800.000
G1 X19.300 Y43.406 E1.44117 F900.000
G1 X17.700 Y43.406 E1.48868
G1 X17.700 Y39.806 E1.59557
G1 X19.240 Y39.806 E1.64129
G1 X19.100 Y40.153 F7800.000
G1 E0.64129 F18000.00000
G92 E0
G1 X19.321 Y62.517 F7800.000
G1 E1.00000 F18000.00000
G1 X20.679 Y62.517 E1.07095 F900.000
G1 X20.679 Y63.875 E1.14189
G1 X19.321 Y63.875 E1.21284
G1 X19.321 Y62.577 E1.28065
G1 X18.693 Y61.889 F7800.000
G1 X21.307 Y61.889 E1.41725 F900.000
G1 X21.307 Y64.504 E1.55385
G1 X18.693 Y64.504 E1.69045
G1 X18.693 Y61.949 E1.82392
G1 X18.200 Y61.396 F7800.000
G1 X21.800 Y61.396 E1.93080 F900.000
G1 X21.800 Y64.996 E2.03769
G1 X18.200 Y64.996 E2.14458
G1 X18.200 Y61.456 E2.24969
G1 X18.546 Y61.596 F7800.000
G1 X19.992 Y63.495 F7800.000
G1 X20.298 Y63.188 E2.27234 F1200.000
G1 Z5.500 F7800.000
G1 E1.27234 F18000.00000
G92 E0
G1 X70.121 Y62.517 F7800.000
G1 E1.00000 F18000.00000
G1 X71.479 Y62.517 E1.07095 F900.000
G1 X71.479 Y63.875 E1.14189
G1 X70.121 Y63.875 E1.21284
G1 X70.121 Y62.577 E1.28065
G1 X69.493 Y61.889 F7800.000
G1 X72.107 Y61.889 E1.41725 F900.000
G1 X72.107 Y64.504 E1.55385
G1 X69.493 Y64.504 E1.69045
G1 X69.493 Y61.949 E1.82392
G1 X69.000 Y61.396 F7800.000
G1 X72.600 Y61.396 E1.93081 F900.000
G1 X72.600 Y64.996 E2.03769
G1 X69.000 Y64.996 E2.14458
G1 X69.000 Y61.456 E2.24969
G1 X69.346 Y61.596 F7800.000
G1 X70.792 Y62.898 F7800.000
G1 X71.098 Y63.205 E2.27234 F1200.000
G1 E1.27234 F18000.00000
G92 E0
G1 X71.993 Y42.914 F7800.000
G1 E1.00000 F18000.00000
G1 X71.993 Y40.299 E1.13660 F900.000
G1 X72.607 Y40.299 E1.16871
G1 X72.607 Y42.914 E1.30531
G1 X72.053 Y42.914 E1.33428
G1 X71.500 Y43.406 F7800.000
G1 X71.500 Y39.806 E1.44117 F900.000
G1 X73.100 Y39.806 E1.48868
G1 X73.100 Y43.406 E1.59557
G1 X71.560 Y43.406 E1.64129
G1 X71.700 Y43.060 F7800.000
G1 E0.64129 F18000.00000
G92 E0
G1 X71.479 Y20.695 F7800.000
G1 E1.00000 F18000.00000
G1 X70.121 Y20.695 E1.07095 F900.000
G1 X70.121 Y19.337 E1.14189
G1 X71.479 Y19.337 E1.21284
G1 X71.479 Y20.635 E1.28065
G1 X72.107 Y21.324 F7800.000
G1 X69.493 Y21.324 E1.41725 F900.000
G1 X69.493 Y18.709 E1.55385
G1 X72.107 Y18.709 E1.69045
G1 X72.107 Y21.264 E1.82392
G1 X72.600 Y21.816 F7800.000
G1 X69.000 Y21.816 E1.93081 F900.000
G1 X69.000 Y18.216 E2.03769
G1 X72.600 Y18.216 E2.14458
G1 X72.600 Y21.756 E2.24969
G1 X72.254 Y21.616 F7800.000
G1 X71.098 Y20.025 F7800.000
G1 X70.792 Y19.718 E2.27234 F1200.000
G1 E1.27234 F18000.00000
G92 E0
G1 X20.679 Y20.695 F7800.000
G1 E1.00000 F18000.00000
G1 X19.321 Y20.695 E1.07095 F900.000
G1 X19.321 Y19.337 E1.14189
G1 X20.679 Y19.337 E1.21284
G1 X20.679 Y20.635 E1.28065
G1 X21.307 Y21.324 F7800.000
G1 X18.693 Y21.324 E1.41725 F900.000
G1 X18.693 Y18.709 E1.55385
G1 X21.307 Y18.709 E1.69045
G1 X21.307 Y21.264 E1.82392
G1 X21.800 Y21.816 F7800.000
G1 X18.200 Y21.816 E1.93080 F900.000
G1 X18.200 Y18.216 E2.03769
G1 X21.800 Y18.216 E2.14458
G1 X21.800 Y21.756 E2.24969
G1 X21.454 Y21.616 F7800.000
G1 X20.298 Y20.025 F7800.000
G1 X19.992 Y19.718 E2.27234 F1200.000
G1 E1.27234 F18000.00000
G92 E0
G1 X18.807 Y40.299 F7800.000
G1 E1.00000 F18000.00000
G1 X18.807 Y42.914 E1.13660 F900.000
G1 X18.193 Y42.914 E1.16871
G1 X18.193 Y40.299 E1.30531
G1 X18.747 Y40.299 E1.33428
G1 X19.300 Y39.806 F7800.000
G1 X19.300 Y43.406 E1.44117 F900.000
G1 X17.700 Y43.406 E1.48868
G1 X17.700 Y39.806 E1.59557
G1 X19.240 Y39.806 E1.64129
G1 X19.100 Y40.153 F7800.000
G1 E0.64129 F18000.00000
G92 E0
G1 X19.321 Y62.517 F7800.000
G1 E1.00000 F18000.00000
G1 X20.679 Y62.517 E1.07095 F900.000
G1 X20.679 Y63.875 E1.14189
G1 X19.321 Y63.875 E1.21284
G1 X19.321 Y62.577 E1.28065
G1 X18.693 Y61.889 F7800.000
G1 X21.307 Y61.889 E1.41725 F900.000
G1 X21.307 Y64.504 E1.55385
G1 X18.693 Y64.504 E1.69045
G1 X18.693 Y61.949 E1.82392
G1 X18.200 Y61.396 F7800.000
G1 X21.800 Y61.396 E1.93080 F900.000
G1 X21.800 Y64.996 E2.03769
G1 X18.200 Y64.996 E2.14458
G1 X18.200 Y61.456 E2.24969
G1 X18.546 Y61.596 F7800.000
G1 X19.992 Y62.898 F7800.000
G1 X20.298 Y63.205 E2.27234 F1200.000
G1 Z5.700 F7800.000
G1 E1.27234 F18000.00000
G92 E0
G1 X70.121 Y62.517 F7800.000
G1 E1.00000 F18000.00000
G1 X71.479 Y62.517 E1.07095 F900.000
G1 X71.479 Y63.875 E1.14189
G1 X70.121 Y63.875 E1.21284
G1 X70.121 Y62.577 E1.28065
G1 X69.493 Y61.889 F7800.000
G1 X72.107 Y61.889 E1.41725 F900.000
G1 X72.107 Y64.504 E1.55385
G1 X69.493 Y64.504 E1.69045
G1 X69.493 Y61.949 E1.82392
G1 X69.000 Y61.396 F7800.000
G1 X72.600 Y61.396 E1.93081 F900.000
G1 X72.600 Y64.996 E2.03769
G1 X69.000 Y64.996 E2.14458
G1 X69.000 Y61.456 E2.24969
G1 X69.346 Y61.596 F7800.000
G1 X70.792 Y63.495 F7800.000
G1 X71.098 Y63.188 E2.27234 F1200.000
G1 E1.27234 F18000.00000
G92 E0
G1 X71.993 Y42.914 F7800.000
G1 E1.00000 F18000.00000
G1 X71.993 Y40.299 E1.13660 F900.000
G1 X72.607 Y40.299 E1.16871
G1 X72.607 Y42.914 E1.30531
G1 X72.053 Y42.914 E1.33428
G1 X71.500 Y43.406 F7800.000
G1 X71.500 Y39.806 E1.44117 F900.000
G1 X73.100 Y39.806 E1.48868
G1 X73.100 Y43.406 E1.59557
G1 X71.560 Y43.406 E1.64129
G1 X71.700 Y43.060 F7800.000
G1 E0.64129 F18000.00000
G92 E0
G1 X71.479 Y20.695 F7800.000
G1 E1.00000 F18000.00000
G1 X70.121 Y20.695 E1.07095 F900.000
G1 X70.121 Y19.337 E1.14189
G1 X71.479 Y19.337 E1.21284
G1 X71.479 Y20.635 E1.28065
G1 X72.107 Y21.324 F7800.000
G1 X69.493 Y21.324 E1.41725 F900.000
G1 X69.493 Y18.709 E1.55385
G1 X72.107 Y18.709 E1.69045
G1 X72.107 Y21.264 E1.82392
G1 X72.600 Y21.816 F7800.000
G1 X69.000 Y21.816 E1.93081 F900.000
G1 X69.000 Y18.216 E2.03769
G1 X72.600 Y18.216 E2.14458
G1 X72.600 Y21.756 E2.24969
G1 X72.254 Y21.616 F7800.000
G1 X71.098 Y20.008 F7800.000
G1 X70.792 Y20.315 E2.27234 F1200.000
G1 E1.27234 F18000.00000
G92 E0
G1 X20.679 Y20.695 F7800.000
G1 E1.00000 F18000.00000
G1 X19.321 Y20.695 E1.07095 F900.000
G1 X19.321 Y19.337 E1.14189
G1 X20.679 Y19.337 E1.21284
G1 X20.679 Y20.635 E1.28065
G1 X21.307 Y21.324 F7800.000
G1 X18.693 Y21.324 E1.41725 F900.000
G1 X18.693 Y18.709 E1.55385
G1 X21.307 Y18.709 E1.69045
G1 X21.307 Y21.264 E1.82392
G1 X21.800 Y21.816 F7800.000
G1 X18.200 Y21.816 E1.93080 F900.000
G1 X18.200 Y18.216 E2.03769
G1 X21.800 Y18.216 E2.14458
G1 X21.800 Y21.756 E2.24969
G1 X21.454 Y21.616 F7800.000
G1 X20.298 Y20.008 F7800.000
G1 X19.992 Y20.315 E2.27234 F1200.000
G1 E1.27234 F18000.00000
G92 E0
G1 X18.807 Y40.299 F7800.000
G1 E1.00000 F18000.00000
G1 X18.807 Y42.914 E1.13660 F900.000
G1 X18.193 Y42.914 E1.16871
G1 X18.193 Y40.299 E1.30531
G1 X18.747 Y40.299 E1.33428
G1 X19.300 Y39.806 F7800.000
G1 X19.300 Y43.406 E1.44117 F900.000
G1 X17.700 Y43.406 E1.48868
G1 X17.700 Y39.806 E1.59557
G1 X19.240 Y39.806 E1.64129
G1 X19.100 Y40.153 F7800.000
G1 E0.64129 F18000.00000
G92 E0
G1 X19.321 Y62.517 F7800.000
G1 E1.00000 F18000.00000
G1 X20.679 Y62.517 E1.07095 F900.000
G1 X20.679 Y63.875 E1.14189
G1 X19.321 Y63.875 E1.21284
G1 X19.321 Y62.577 E1.28065
G1 X18.693 Y61.889 F7800.000
G1 X21.307 Y61.889 E1.41725 F900.000
G1 X21.307 Y64.504 E1.55385
G1 X18.693 Y64.504 E1.69045
G1 X18.693 Y61.949 E1.82392
G1 X18.200 Y61.396 F7800.000
G1 X21.800 Y61.396 E1.93080 F900.000
G1 X21.800 Y64.996 E2.03769
G1 X18.200 Y64.996 E2.14458
G1 X18.200 Y61.456 E2.24969
G1 X18.546 Y61.596 F7800.000
G1 X19.992 Y63.495 F7800.000
G1 X20.298 Y63.188 E2.27234 F1200.000
G1 Z5.900 F7800.000
G1 E1.27234 F18000.00000
G92 E0
G1 X70.121 Y62.517 F7800.000
G1 E1.00000 F18000.00000
G1 X71.479 Y62.517 E1.07095 F900.000
G1 X71.479 Y63.875 E1.14189
G1 X70.121 Y63.875 E1.21284
G1 X70.121 Y62.577 E1.28065
G1 X69.493 Y61.889 F7800.000
G1 X72.107 Y61.889 E1.41725 F900.000
G1 X72.107 Y64.504 E1.55385
G1 X69.493 Y64.504 E1.69045
G1 X69.493 Y61.949 E1.82392
G1 X69.000 Y61.396 F7800.000
G1 X72.600 Y61.396 E1.93081 F900.000
G1 X72.600 Y64.996 E2.03769
G1 X69.000 Y64.996 E2.14458
G1 X69.000 Y61.456 E2.24969
G1 X69.346 Y61.596 F7800.000
G1 X70.792 Y62.898 F7800.000
G1 X71.098 Y63.205 E2.27234 F1200.000
G1 E1.27234 F18000.00000
G92 E0
G1 X71.993 Y42.914 F7800.000
G1 E1.00000 F18000.00000
G1 X71.993 Y40.299 E1.13660 F900.000
G1 X72.607 Y40.299 E1.16871
G1 X72.607 Y42.914 E1.30531
G1 X72.053 Y42.914 E1.33428
G1 X71.500 Y43.406 F7800.000
G1 X71.500 Y39.806 E1.44117 F900.000
G1 X73.100 Y39.806 E1.48868
G1 X73.100 Y43.406 E1.59557
G1 X71.560 Y43.406 E1.64129
G1 X71.700 Y43.060 F7800.000
G1 E0.64129 F18000.00000
G92 E0
G1 X71.479 Y20.695 F7800.000
G1 E1.00000 F18000.00000
G1 X70.121 Y20.695 E1.07095 F900.000
G1 X70.121 Y19.337 E1.14189
G1 X71.479 Y19.337 E1.21284
G1 X71.479 Y20.635 E1.28065
G1 X72.107 Y21.324 F7800.000
G1 X69.493 Y21.324 E1.41725 F900.000
G1 X69.493 Y18.709 E1.55385
G1 X72.107 Y18.709 E1.69045
G1 X72.107 Y21.264 E1.82392
G1 X72.600 Y21.816 F7800.000
G1 X69.000 Y21.816 E1.93081 F900.000
G1 X69.000 Y18.216 E2.03769
G1 X72.600 Y18.216 E2.14458
G1 X72.600 Y21.756 E2.24969
G1 X72.254 Y21.616 F7800.000
G1 X71.098 Y20.025 F7800.000
G1 X70.792 Y19.718 E2.27234 F1200.000
G1 E1.27234 F18000.00000
G92 E0
G1 X20.679 Y20.695 F7800.000
G1 E1.00000 F18000.00000
G1 X19.321 Y20.695 E1.07095 F900.000
G1 X19.321 Y19.337 E1.14189
G1 X20.679 Y19.337 E1.21284
G1 X20.679 Y20.635 E1.28065
G1 X21.307 Y21.324 F7800.000
G1 X18.693 Y21.324 E1.41725 F900.000
G1 X18.693 Y18.709 E1.55385
G1 X21.307 Y18.709 E1.69045
G1 X21.307 Y21.264 E1.82392
G1 X21.800 Y21.816 F7800.000
G1 X18.200 Y21.816 E1.93080 F900.000
G1 X18.200 Y18.216 E2.03769
G1 X21.800 Y18.216 E2.14458
G1 X21.800 Y21.756 E2.24969
G1 X21.454 Y21.616 F7800.000
G1 X20.298 Y20.025 F7800.000
G1 X19.992 Y19.718 E2.27234 F1200.000
G1 E1.27234 F18000.00000
G92 E0
G1 X18.807 Y40.299 F7800.000
G1 E1.00000 F18000.00000
G1 X18.807 Y42.914 E1.13660 F900.000
G1 X18.193 Y42.914 E1.16871
G1 X18.193 Y40.299 E1.30531
G1 X18.747 Y40.299 E1.33428
G1 X19.300 Y39.806 F7800.000
G1 X19.300 Y43.406 E1.44117 F900.000
G1 X17.700 Y43.406 E1.48868
G1 X17.700 Y39.806 E1.59557
G1 X19.240 Y39.806 E1.64129
G1 X19.100 Y40.153 F7800.000
G1 E0.64129 F18000.00000
G92 E0
G1 X19.321 Y62.517 F7800.000
G1 E1.00000 F18000.00000
G1 X20.679 Y62.517 E1.07095 F900.000
G1 X20.679 Y63.875 E1.14189
G1 X19.321 Y63.875 E1.21284
G1 X19.321 Y62.577 E1.28065
G1 X18.693 Y61.889 F7800.000
G1 X21.307 Y61.889 E1.41725 F900.000
G1 X21.307 Y64.504 E1.55385
G1 X18.693 Y64.504 E1.69045
G1 X18.693 Y61.949 E1.82392
G1 X18.200 Y61.396 F7800.000
G1 X21.800 Y61.396 E1.93080 F900.000
G1 X21.800 Y64.996 E2.03769
G1 X18.200 Y64.996 E2.14458
G1 X18.200 Y61.456 E2.24969
G1 X18.546 Y61.596 F7800.000
G1 X19.992 Y62.898 F7800.000
G1 X20.298 Y63.205 E2.27234 F1200.000
G1 Z6.100 F7800.000
G1 E1.27234 F18000.00000
G92 E0
G1 X70.121 Y62.517 F7800.000
G1 E1.00000 F18000.00000
G1 X71.479 Y62.517 E1.07095 F900.000
G1 X71.479 Y63.875 E1.14189
G1 X70.121 Y63.875 E1.21284
G1 X70.121 Y62.577 E1.28065
G1 X69.493 Y61.889 F7800.000
G1 X72.107 Y61.889 E1.41725 F900.000
G1 X72.107 Y64.504 E1.55385
G1 X69.493 Y64.504 E1.69045
G1 X69.493 Y61.949 E1.82392
G1 X69.000 Y61.396 F7800.000
G1 X72.600 Y61.396 E1.93081 F900.000
G1 X72.600 Y64.996 E2.03769
G1 X69.000 Y64.996 E2.14458
G1 X69.000 Y61.456 E2.24969
G1 X69.346 Y61.596 F7800.000
G1 E1.24969 F18000.00000
G92 E0
G1 X70.792 Y63.495 F7800.000
G1 E1.00000 F18000.00000
G1 X71.098 Y63.188 E1.02265 F900.000
G1 E0.02265 F18000.00000
G92 E0
G1 X71.993 Y42.914 F7800.000
G1 E1.00000 F18000.00000
G1 X71.993 Y40.299 E1.13660 F900.000
G1 X72.607 Y40.299 E1.16871
G1 X72.607 Y42.914 E1.30531
G1 X72.053 Y42.914 E1.33428
G1 X71.500 Y43.406 F7800.000
G1 X71.500 Y39.806 E1.44117 F900.000
G1 X73.100 Y39.806 E1.48868
G1 X73.100 Y43.406 E1.59557
G1 X71.560 Y43.406 E1.64129
G1 X71.700 Y43.060 F7800.000
G1 E0.64129 F18000.00000
G92 E0
G1 X71.479 Y20.695 F7800.000
G1 E1.00000 F18000.00000
G1 X70.121 Y20.695 E1.07095 F900.000
G1 X70.121 Y19.337 E1.14189
G1 X71.479 Y19.337 E1.21284
G1 X71.479 Y20.635 E1.28065
G1 X72.107 Y21.324 F7800.000
G1 X69.493 Y21.324 E1.41725 F900.000
G1 X69.493 Y18.709 E1.55385
G1 X72.107 Y18.709 E1.69045
G1 X72.107 Y21.264 E1.82392
G1 X72.600 Y21.816 F7800.000
G1 X69.000 Y21.816 E1.93081 F900.000
G1 X69.000 Y18.216 E2.03769
G1 X72.600 Y18.216 E2.14458
G1 X72.600 Y21.756 E2.24969
G1 X72.254 Y21.616 F7800.000
G1 E1.24969 F18000.00000
G92 E0
G1 X71.098 Y20.008 F7800.000
G1 E1.00000 F18000.00000
G1 X70.792 Y20.315 E1.02265 F900.000
G1 E0.02265 F18000.00000
G92 E0
G1 X20.679 Y20.695 F7800.000
G1 E1.00000 F18000.00000
G1 X19.321 Y20.695 E1.07095 F900.000
G1 X19.321 Y19.337 E1.14189
G1 X20.679 Y19.337 E1.21284
G1 X20.679 Y20.635 E1.28065
G1 X21.307 Y21.324 F7800.000
G1 X18.693 Y21.324 E1.41725 F900.000
G1 X18.693 Y18.709 E1.55385
G1 X21.307 Y18.709 E1.69045
G1 X21.307 Y21.264 E1.82392
G1 X21.800 Y21.816 F7800.000
G1 X18.200 Y21.816 E1.93080 F900.000
G1 X18.200 Y18.216 E2.03769
G1 X21.800 Y18.216 E2.14458
G1 X21.800 Y21.756 E2.24969
G1 X21.454 Y21.616 F7800.000
G1 E1.24969 F18000.00000
G92 E0
G1 X20.298 Y20.008 F7800.000
G1 E1.00000 F18000.00000
G1 X19.992 Y20.315 E1.02265 F900.000
G1 E0.02265 F18000.00000
G92 E0
G1 X18.807 Y40.299 F7800.000
G1 E1.00000 F18000.00000
G1 X18.807 Y42.914 E1.13660 F900.000
G1 X18.193 Y42.914 E1.16871
G1 X18.193 Y40.299 E1.30531
G1 X18.747 Y40.299 E1.33428
G1 X19.300 Y39.806 F7800.000
G1 X19.300 Y43.406 E1.44117 F900.000
G1 X17.700 Y43.406 E1.48868
G1 X17.700 Y39.806 E1.59557
G1 X19.240 Y39.806 E1.64129
G1 X19.100 Y40.153 F7800.000
G1 E0.64129 F18000.00000
G92 E0
G1 X19.321 Y62.517 F7800.000
G1 E1.00000 F18000.00000
G1 X20.679 Y62.517 E1.07095 F900.000
G1 X20.679 Y63.875 E1.14189
G1 X19.321 Y63.875 E1.21284
G1 X19.321 Y62.577 E1.28065
G1 X18.693 Y61.889 F7800.000
G1 X21.307 Y61.889 E1.41725 F900.000
G1 X21.307 Y64.504 E1.55385
G1 X18.693 Y64.504 E1.69045
G1 X18.693 Y61.949 E1.82392
G1 X18.200 Y61.396 F7800.000
G1 X21.800 Y61.396 E1.93080 F900.000
G1 X21.800 Y64.996 E2.03769
G1 X18.200 Y64.996 E2.14458
G1 X18.200 Y61.456 E2.24969
G1 X18.546 Y61.596 F7800.000
G1 E1.24969 F18000.00000
G92 E0
G1 X19.992 Y63.495 F7800.000
G1 E1.00000 F18000.00000
G1 X20.298 Y63.188 E1.02265 F900.000
M106 S247.35
G1 Z6.300 F7800.000
G1 E0.02265 F18000.00000
G92 E0
G1 X71.500 Y63.896 F7800.000
G1 E1.00000 F18000.00000
G1 X71.500 Y61.396 E1.07423 F900.000
G1 X72.600 Y61.396 E1.10689
G1 X72.600 Y64.996 E1.21378
G1 X69.000 Y64.996 E1.32067
G1 X69.000 Y63.896 E1.35333
G1 X71.440 Y63.896 E1.42577
G1 X71.900 Y63.896 F7800.000
G1 X69.246 Y64.446 F7800.000
G1 X71.746 Y64.446 E1.69592 F1200.000
G1 X71.998 Y64.394 E1.72368
G1 X72.050 Y64.143 E1.75144
G1 X72.050 Y61.643 E2.02158
G1 E1.02158 F18000.00000
G92 E0
G1 X71.993 Y42.914 F7800.000
G1 E1.00000 F18000.00000
G1 X71.993 Y40.299 E1.13660 F900.000
G1 X72.607 Y40.299 E1.16871
G1 X72.607 Y42.914 E1.30531
G1 X72.053 Y42.914 E1.33428
G1 X71.500 Y43.406 F7800.000
G1 X71.500 Y39.806 E1.44117 F900.000
G1 X73.100 Y39.806 E1.48868
G1 X73.100 Y43.406 E1.59557
G1 X71.560 Y43.406 E1.64129
G1 X71.700 Y43.060 F7800.000
G1 E0.64129 F18000.00000
G92 E0
G1 X71.500 Y19.316 F7800.000
G1 E1.00000 F18000.00000
G1 X69.000 Y19.316 E1.07423 F900.000
G1 X69.000 Y18.216 E1.10689
G1 X72.600 Y18.216 E1.21378
G1 X72.600 Y21.816 E1.32067
G1 X71.500 Y21.816 E1.35333
G1 X71.500 Y19.376 E1.42577
G1 X71.500 Y18.916 F7800.000
G1 X72.050 Y21.570 F7800.000
G1 X72.050 Y19.070 E1.69592 F1200.000
G1 X71.998 Y18.819 E1.72368
G1 X71.746 Y18.766 E1.75144
G1 X69.246 Y18.766 E2.02158
G1 E1.02158 F18000.00000
G92 E0
G1 X19.300 Y19.316 F7800.000
G1 E1.00000 F18000.00000
G1 X19.300 Y21.816 E1.07423 F900.000
G1 X18.200 Y21.816 E1.10689
G1 X18.200 Y18.216 E1.21378
G1 X21.800 Y18.216 E1.32067
G1 X21.800 Y19.316 E1.35333
G1 X19.360 Y19.316 E1.42577
G1 X18.900 Y19.316 F7800.000
G1 X21.554 Y18.766 F7800.000
G1 X19.054 Y18.766 E1.69592 F1200.000
G1 X18.802 Y18.819 E1.72368
G1 X18.750 Y19.070 E1.75144
G1 X18.750 Y21.570 E2.02158
G1 E1.02158 F18000.00000
G92 E0
G1 X18.807 Y40.299 F7800.000
G1 E1.00000 F18000.00000
G1 X18.807 Y42.914 E1.13660 F900.000
G1 X18.193 Y42.914 E1.16871
G1 X18.193 Y40.299 E1.30531
G1 X18.747 Y40.299 E1.33428
G1 X19.300 Y39.806 F7800.000
G1 X19.300 Y43.406 E1.44117 F900.000
G1 X17.700 Y43.406 E1.48868
G1 X17.700 Y39.806 E1.59557
G1 X19.240 Y39.806 E1.64129
G1 X19.100 Y40.153 F7800.000
G1 E0.64129 F18000.00000
G92 E0
G1 X19.300 Y63.896 F7800.000
G1 E1.00000 F18000.00000
G1 X21.800 Y63.896 E1.07423 F900.000
G1 X21.800 Y64.996 E1.10689
G1 X18.200 Y64.996 E1.21378
G1 X18.200 Y61.396 E1.32067
G1 X19.300 Y61.396 E1.35333
G1 X19.300 Y63.836 E1.42577
G1 X19.300 Y64.296 F7800.000
G1 X18.750 Y61.643 F7800.000
G1 X18.750 Y64.143 E1.69592 F1200.000
G1 X18.802 Y64.394 E1.72368
G1 X19.054 Y64.446 E1.75144
G1 X21.554 Y64.446 E2.02158
G1 Z6.500 F7800.000
G1 E1.02158 F18000.00000
G92 E0
G1 X71.500 Y63.896 F7800.000
G1 E1.00000 F18000.00000
G1 X71.500 Y61.396 E1.07423 F900.000
G1 X72.600 Y61.396 E1.10689
G1 X72.600 Y64.996 E1.21378
G1 X69.000 Y64.996 E1.32067
G1 X69.000 Y63.896 E1.35333
G1 X71.440 Y63.896 E1.42577
G1 X71.900 Y63.896 F7800.000
G1 X69.246 Y64.446 F7800.000
G1 X71.746 Y64.446 E1.69592 F1200.000
G1 X71.998 Y64.394 E1.72368
G1 X72.050 Y64.143 E1.75144
G1 X72.050 Y61.643 E2.02158
G1 E1.02158 F18000.00000
G92 E0
G1 X71.993 Y42.914 F7800.000
G1 E1.00000 F18000.00000
G1 X71.993 Y40.299 E1.13660 F900.000
G1 X72.607 Y40.299 E1.16871
G1 X72.607 Y42.914 E1.30531
G1 X72.053 Y42.914 E1.33428
G1 X71.500 Y43.406 F7800.000
G1 X71.500 Y39.806 E1.44117 F900.000
G1 X73.100 Y39.806 E1.48868
G1 X73.100 Y43.406 E1.59557
G1 X71.560 Y43.406 E1.64129
G1 X71.700 Y43.060 F7800.000
G1 E0.64129 F18000.00000
G92 E0
G1 X71.500 Y19.316 F7800.000
G1 E1.00000 F18000.00000
G1 X69.000 Y19.316 E1.07423 F900.000
G1 X69.000 Y18.216 E1.10689
G1 X72.600 Y18.216 E1.21378
G1 X72.600 Y21.816 E1.32067
G1 X71.500 Y21.816 E1.35333
G1 X71.500 Y19.376 E1.42577
G1 X71.500 Y18.916 F7800.000
G1 X72.050 Y21.570 F7800.000
G1 X72.050 Y19.070 E1.69592 F1200.000
G1 X71.998 Y18.819 E1.72368
G1 X71.746 Y18.766 E1.75144
G1 X69.246 Y18.766 E2.02158
G1 E1.02158 F18000.00000
G92 E0
G1 X19.300 Y19.316 F7800.000
G1 E1.00000 F18000.00000
G1 X19.300 Y21.816 E1.07423 F900.000
G1 X18.200 Y21.816 E1.10689
G1 X18.200 Y18.216 E1.21378
G1 X21.800 Y18.216 E1.32067
G1 X21.800 Y19.316 E1.35333
G1 X19.360 Y19.316 E1.42577
G1 X18.900 Y19.316 F7800.000
G1 X21.554 Y18.766 F7800.000
G1 X19.054 Y18.766 E1.69592 F1200.000
G1 X18.802 Y18.819 E1.72368
G1 X18.750 Y19.070 E1.75144
G1 X18.750 Y21.570 E2.02158
G1 E1.02158 F18000.00000
G92 E0
G1 X18.807 Y40.299 F7800.000
G1 E1.00000 F18000.00000
G1 X18.807 Y42.914 E1.13660 F900.000
G1 X18.193 Y42.914 E1.16871
G1 X18.193 Y40.299 E1.30531
G1 X18.747 Y40.299 E1.33428
G1 X19.300 Y39.806 F7800.000
G1 X19.300 Y43.406 E1.44117 F900.000
G1 X17.700 Y43.406 E1.48868
G1 X17.700 Y39.806 E1.59557
G1 X19.240 Y39.806 E1.64129
G1 X19.100 Y40.153 F7800.000
G1 E0.64129 F18000.00000
G92 E0
G1 X19.300 Y63.896 F7800.000
G1 E1.00000 F18000.00000
G1 X21.800 Y63.896 E1.07423 F900.000
G1 X21.800 Y64.996 E1.10689
G1 X18.200 Y64.996 E1.21378
G1 X18.200 Y61.396 E1.32067
G1 X19.300 Y61.396 E1.35333
G1 X19.300 Y63.836 E1.42577
G1 X19.300 Y64.296 F7800.000
G1 X18.750 Y61.643 F7800.000
G1 X18.750 Y64.143 E1.69592 F1200.000
G1 X18.802 Y64.394 E1.72368
G1 X19.054 Y64.446 E1.75144
G1 X21.554 Y64.446 E2.02158
G1 Z6.700 F7800.000
G1 E1.02158 F18000.00000
G92 E0
G1 X71.500 Y63.896 F7800.000
G1 E1.00000 F18000.00000
G1 X71.500 Y61.396 E1.07423 F900.000
G1 X72.600 Y61.396 E1.10689
G1 X72.600 Y64.996 E1.21378
G1 X69.000 Y64.996 E1.32067
G1 X69.000 Y63.896 E1.35333
G1 X71.440 Y63.896 E1.42577
G1 X71.900 Y63.896 F7800.000
G1 X69.246 Y64.446 F7800.000
G1 X71.746 Y64.446 E1.69592 F1200.000
G1 X71.998 Y64.394 E1.72368
G1 X72.050 Y64.143 E1.75144
G1 X72.050 Y61.643 E2.02158
G1 E1.02158 F18000.00000
G92 E0
G1 X71.993 Y42.914 F7800.000
G1 E1.00000 F18000.00000
G1 X71.993 Y40.299 E1.13660 F900.000
G1 X72.607 Y40.299 E1.16871
G1 X72.607 Y42.914 E1.30531
G1 X72.053 Y42.914 E1.33428
G1 X71.500 Y43.406 F7800.000
G1 X71.500 Y39.806 E1.44117 F900.000
G1 X73.100 Y39.806 E1.48868
G1 X73.100 Y43.406 E1.59557
G1 X71.560 Y43.406 E1.64129
G1 X71.700 Y43.060 F7800.000
G1 E0.64129 F18000.00000
G92 E0
G1 X71.500 Y19.316 F7800.000
G1 E1.00000 F18000.00000
G1 X69.000 Y19.316 E1.07423 F900.000
G1 X69.000 Y18.216 E1.10689
G1 X72.600 Y18.216 E1.21378
G1 X72.600 Y21.816 E1.32067
G1 X71.500 Y21.816 E1.35333
G1 X71.500 Y19.376 E1.42577
G1 X71.500 Y18.916 F7800.000
G1 X72.050 Y21.570 F7800.000
G1 X72.050 Y19.070 E1.69592 F1200.000
G1 X71.998 Y18.819 E1.72368
G1 X71.746 Y18.766 E1.75144
G1 X69.246 Y18.766 E2.02158
G1 E1.02158 F18000.00000
G92 E0
G1 X19.300 Y19.316 F7800.000
G1 E1.00000 F18000.00000
G1 X19.300 Y21.816 E1.07423 F900.000
G1 X18.200 Y21.816 E1.10689
G1 X18.200 Y18.216 E1.21378
G1 X21.800 Y18.216 E1.32067
G1 X21.800 Y19.316 E1.35333
G1 X19.360 Y19.316 E1.42577
G1 X18.900 Y19.316 F7800.000
G1 X21.554 Y18.766 F7800.000
G1 X19.054 Y18.766 E1.69592 F1200.000
G1 X18.802 Y18.819 E1.72368
G1 X18.750 Y19.070 E1.75144
G1 X18.750 Y21.570 E2.02158
G1 E1.02158 F18000.00000
G92 E0
G1 X18.807 Y40.299 F7800.000
G1 E1.00000 F18000.00000
G1 X18.807 Y42.914 E1.13660 F900.000
G1 X18.193 Y42.914 E1.16871
G1 X18.193 Y40.299 E1.30531
G1 X18.747 Y40.299 E1.33428
G1 X19.300 Y39.806 F7800.000
G1 X19.300 Y43.406 E1.44117 F900.000
G1 X17.700 Y43.406 E1.48868
G1 X17.700 Y39.806 E1.59557
G1 X19.240 Y39.806 E1.64129
G1 X19.100 Y40.153 F7800.000
G1 E0.64129 F18000.00000
G92 E0
G1 X19.300 Y63.896 F7800.000
G1 E1.00000 F18000.00000
G1 X21.800 Y63.896 E1.07423 F900.000
G1 X21.800 Y64.996 E1.10689
G1 X18.200 Y64.996 E1.21378
G1 X18.200 Y61.396 E1.32067
G1 X19.300 Y61.396 E1.35333
G1 X19.300 Y63.836 E1.42577
G1 X19.300 Y64.296 F7800.000
G1 X18.750 Y61.643 F7800.000
G1 X18.750 Y64.143 E1.69592 F1200.000
G1 X18.802 Y64.394 E1.72368
G1 X19.054 Y64.446 E1.75144
G1 X21.554 Y64.446 E2.02158
G1 Z6.900 F7800.000
G1 E1.02158 F18000.00000
G92 E0
G1 X71.500 Y63.896 F7800.000
G1 E1.00000 F18000.00000
G1 X71.500 Y61.396 E1.07423 F900.000
G1 X72.600 Y61.396 E1.10689
G1 X72.600 Y64.996 E1.21378
G1 X69.000 Y64.996 E1.32067
G1 X69.000 Y63.896 E1.35333
G1 X71.440 Y63.896 E1.42577
G1 X71.900 Y63.896 F7800.000
G1 X69.246 Y64.446 F7800.000
G1 X71.746 Y64.446 E1.69592 F1200.000
G1 X71.998 Y64.394 E1.72368
G1 X72.050 Y64.143 E1.75144
G1 X72.050 Y61.643 E2.02158
G1 E1.02158 F18000.00000
G92 E0
G1 X71.993 Y42.914 F7800.000
G1 E1.00000 F18000.00000
G1 X71.993 Y40.299 E1.13660 F900.000
G1 X72.607 Y40.299 E1.16871
G1 X72.607 Y42.914 E1.30531
G1 X72.053 Y42.914 E1.33428
G1 X71.500 Y43.406 F7800.000
G1 X71.500 Y39.806 E1.44117 F900.000
G1 X73.100 Y39.806 E1.48868
G1 X73.100 Y43.406 E1.59557
G1 X71.560 Y43.406 E1.64129
G1 X71.700 Y43.060 F7800.000
G1 E0.64129 F18000.00000
G92 E0
G1 X71.500 Y19.316 F7800.000
G1 E1.00000 F18000.00000
G1 X69.000 Y19.316 E1.07423 F900.000
G1 X69.000 Y18.216 E1.10689
G1 X72.600 Y18.216 E1.21378
G1 X72.600 Y21.816 E1.32067
G1 X71.500 Y21.816 E1.35333
G1 X71.500 Y19.376 E1.42577
G1 X71.500 Y18.916 F7800.000
G1 X72.050 Y21.570 F7800.000
G1 X72.050 Y19.070 E1.69592 F1200.000
G1 X71.998 Y18.819 E1.72368
G1 X71.746 Y18.766 E1.75144
G1 X69.246 Y18.766 E2.02158
G1 E1.02158 F18000.00000
G92 E0
G1 X19.300 Y19.316 F7800.000
G1 E1.00000 F18000.00000
G1 X19.300 Y21.816 E1.07423 F900.000
G1 X18.200 Y21.816 E1.10689
G1 X18.200 Y18.216 E1.21378
G1 X21.800 Y18.216 E1.32067
G1 X21.800 Y19.316 E1.35333
G1 X19.360 Y19.316 E1.42577
G1 X18.900 Y19.316 F7800.000
G1 X21.554 Y18.766 F7800.000
G1 X19.054 Y18.766 E1.69592 F1200.000
G1 X18.802 Y18.819 E1.72368
G1 X18.750 Y19.070 E1.75144
G1 X18.750 Y21.570 E2.02158
G1 E1.02158 F18000.00000
G92 E0
G1 X18.807 Y40.299 F7800.000
G1 E1.00000 F18000.00000
G1 X18.807 Y42.914 E1.13660 F900.000
G1 X18.193 Y42.914 E1.16871
G1 X18.193 Y40.299 E1.30531
G1 X18.747 Y40.299 E1.33428
G1 X19.300 Y39.806 F7800.000
G1 X19.300 Y43.406 E1.44117 F900.000
G1 X17.700 Y43.406 E1.48868
G1 X17.700 Y39.806 E1.59557
G1 X19.240 Y39.806 E1.64129
G1 X19.100 Y40.153 F7800.000
G1 E0.64129 F18000.00000
G92 E0
G1 X19.300 Y63.896 F7800.000
G1 E1.00000 F18000.00000
G1 X21.800 Y63.896 E1.07423 F900.000
G1 X21.800 Y64.996 E1.10689
G1 X18.200 Y64.996 E1.21378
G1 X18.200 Y61.396 E1.32067
G1 X19.300 Y61.396 E1.35333
G1 X19.300 Y63.836 E1.42577
G1 X19.300 Y64.296 F7800.000
G1 X18.750 Y61.643 F7800.000
G1 X18.750 Y64.143 E1.69592 F1200.000
G1 X18.802 Y64.394 E1.72368
G1 X19.054 Y64.446 E1.75144
G1 X21.554 Y64.446 E2.02158
G1 Z7.100 F7800.000
G1 E1.02158 F18000.00000
G92 E0
G1 X71.500 Y63.896 F7800.000
G1 E1.00000 F18000.00000
G1 X71.500 Y61.396 E1.07423 F900.000
G1 X72.600 Y61.396 E1.10689
G1 X72.600 Y64.996 E1.21378
G1 X69.000 Y64.996 E1.32067
G1 X69.000 Y63.896 E1.35333
G1 X71.440 Y63.896 E1.42577
G1 X71.900 Y63.896 F7800.000
G1 X69.246 Y64.446 F7800.000
G1 X71.746 Y64.446 E1.69592 F1200.000
G1 X71.998 Y64.394 E1.72368
G1 X72.050 Y64.143 E1.75144
G1 X72.050 Y61.643 E2.02158
G1 E1.02158 F18000.00000
G92 E0
G1 X71.993 Y42.914 F7800.000
G1 E1.00000 F18000.00000
G1 X71.993 Y40.299 E1.13660 F900.000
G1 X72.607 Y40.299 E1.16871
G1 X72.607 Y42.914 E1.30531
G1 X72.053 Y42.914 E1.33428
G1 X71.500 Y43.406 F7800.000
G1 X71.500 Y39.806 E1.44117 F900.000
G1 X73.100 Y39.806 E1.48868
G1 X73.100 Y43.406 E1.59557
G1 X71.560 Y43.406 E1.64129
G1 X71.700 Y43.060 F7800.000
G1 E0.64129 F18000.00000
G92 E0
G1 X71.500 Y19.316 F7800.000
G1 E1.00000 F18000.00000
G1 X69.000 Y19.316 E1.07423 F900.000
G1 X69.000 Y18.216 E1.10689
G1 X72.600 Y18.216 E1.21378
G1 X72.600 Y21.816 E1.32067
G1 X71.500 Y21.816 E1.35333
G1 X71.500 Y19.376 E1.42577
G1 X71.500 Y18.916 F7800.000
G1 X72.050 Y21.570 F7800.000
G1 X72.050 Y19.070 E1.69592 F1200.000
G1 X71.998 Y18.819 E1.72368
G1 X71.746 Y18.766 E1.75144
G1 X69.246 Y18.766 E2.02158
G1 E1.02158 F18000.00000
G92 E0
G1 X19.300 Y19.316 F7800.000
G1 E1.00000 F18000.00000
G1 X19.300 Y21.816 E1.07423 F900.000
G1 X18.200 Y21.816 E1.10689
G1 X18.200 Y18.216 E1.21378
G1 X21.800 Y18.216 E1.32067
G1 X21.800 Y19.316 E1.35333
G1 X19.360 Y19.316 E1.42577
G1 X18.900 Y19.316 F7800.000
G1 X21.554 Y18.766 F7800.000
G1 X19.054 Y18.766 E1.69592 F1200.000
G1 X18.802 Y18.819 E1.72368
G1 X18.750 Y19.070 E1.75144
G1 X18.750 Y21.570 E2.02158
G1 E1.02158 F18000.00000
G92 E0
G1 X18.807 Y40.299 F7800.000
G1 E1.00000 F18000.00000
G1 X18.807 Y42.914 E1.13660 F900.000
G1 X18.193 Y42.914 E1.16871
G1 X18.193 Y40.299 E1.30531
G1 X18.747 Y40.299 E1.33428
G1 X19.300 Y39.806 F7800.000
G1 X19.300 Y43.406 E1.44117 F900.000
G1 X17.700 Y43.406 E1.48868
G1 X17.700 Y39.806 E1.59557
G1 X19.240 Y39.806 E1.64129
G1 X19.100 Y40.153 F7800.000
G1 E0.64129 F18000.00000
G92 E0
G1 X19.300 Y63.896 F7800.000
G1 E1.00000 F18000.00000
G1 X21.800 Y63.896 E1.07423 F900.000
G1 X21.800 Y64.996 E1.10689
G1 X18.200 Y64.996 E1.21378
G1 X18.200 Y61.396 E1.32067
G1 X19.300 Y61.396 E1.35333
G1 X19.300 Y63.836 E1.42577
G1 X19.300 Y64.296 F7800.000
G1 X18.750 Y61.643 F7800.000
G1 X18.750 Y64.143 E1.69592 F1200.000
G1 X18.802 Y64.394 E1.72368
G1 X19.054 Y64.446 E1.75144
G1 X21.554 Y64.446 E2.02158
G1 Z7.300 F7800.000
G1 E1.02158 F18000.00000
G92 E0
G1 X71.500 Y63.896 F7800.000
G1 E1.00000 F18000.00000
G1 X71.500 Y61.396 E1.07423 F900.000
G1 X72.600 Y61.396 E1.10689
G1 X72.600 Y64.996 E1.21378
G1 X69.000 Y64.996 E1.32067
G1 X69.000 Y63.896 E1.35333
G1 X71.440 Y63.896 E1.42577
G1 X71.900 Y63.896 F7800.000
G1 X69.246 Y64.446 F7800.000
G1 X71.746 Y64.446 E1.69592 F1200.000
G1 X71.998 Y64.394 E1.72368
G1 X72.050 Y64.143 E1.75144
G1 X72.050 Y61.643 E2.02158
G1 E1.02158 F18000.00000
G92 E0
G1 X71.993 Y42.914 F7800.000
G1 E1.00000 F18000.00000
G1 X71.993 Y40.299 E1.13660 F900.000
G1 X72.607 Y40.299 E1.16871
G1 X72.607 Y42.914 E1.30531
G1 X72.053 Y42.914 E1.33428
G1 X71.500 Y43.406 F7800.000
G1 X71.500 Y39.806 E1.44117 F900.000
G1 X73.100 Y39.806 E1.48868
G1 X73.100 Y43.406 E1.59557
G1 X71.560 Y43.406 E1.64129
G1 X71.700 Y43.060 F7800.000
G1 E0.64129 F18000.00000
G92 E0
G1 X71.500 Y19.316 F7800.000
G1 E1.00000 F18000.00000
G1 X69.000 Y19.316 E1.07423 F900.000
G1 X69.000 Y18.216 E1.10689
G1 X72.600 Y18.216 E1.21378
G1 X72.600 Y21.816 E1.32067
G1 X71.500 Y21.816 E1.35333
G1 X71.500 Y19.376 E1.42577
G1 X71.500 Y18.916 F7800.000
G1 X72.050 Y21.570 F7800.000
G1 X72.050 Y19.070 E1.69592 F1200.000
G1 X71.998 Y18.819 E1.72368
G1 X71.746 Y18.766 E1.75144
G1 X69.246 Y18.766 E2.02158
G1 E1.02158 F18000.00000
G92 E0
G1 X19.300 Y19.316 F7800.000
G1 E1.00000 F18000.00000
G1 X19.300 Y21.816 E1.07423 F900.000
G1 X18.200 Y21.816 E1.10689
G1 X18.200 Y18.216 E1.21378
G1 X21.800 Y18.216 E1.32067
G1 X21.800 Y19.316 E1.35333
G1 X19.360 Y19.316 E1.42577
G1 X18.900 Y19.316 F7800.000
G1 X21.554 Y18.766 F7800.000
G1 X19.054 Y18.766 E1.69592 F1200.000
G1 X18.802 Y18.819 E1.72368
G1 X18.750 Y19.070 E1.75144
G1 X18.750 Y21.570 E2.02158
G1 E1.02158 F18000.00000
G92 E0
G1 X18.807 Y40.299 F7800.000
G1 E1.00000 F18000.00000
G1 X18.807 Y42.914 E1.13660 F900.000
G1 X18.193 Y42.914 E1.16871
G1 X18.193 Y40.299 E1.30531
G1 X18.747 Y40.299 E1.33428
G1 X19.300 Y39.806 F7800.000
G1 X19.300 Y43.406 E1.44117 F900.000
G1 X17.700 Y43.406 E1.48868
G1 X17.700 Y39.806 E1.59557
G1 X19.240 Y39.806 E1.64129
G1 X19.100 Y40.153 F7800.000
G1 E0.64129 F18000.00000
G92 E0
G1 X19.300 Y63.896 F7800.000
G1 E1.00000 F18000.00000
G1 X21.800 Y63.896 E1.07423 F900.000
G1 X21.800 Y64.996 E1.10689
G1 X18.200 Y64.996 E1.21378
G1 X18.200 Y61.396 E1.32067
G1 X19.300 Y61.396 E1.35333
G1 X19.300 Y63.836 E1.42577
G1 X19.300 Y64.296 F7800.000
G1 X18.750 Y61.643 F7800.000
G1 X18.750 Y64.143 E1.69592 F1200.000
G1 X18.802 Y64.394 E1.72368
G1 X19.054 Y64.446 E1.75144
G1 X21.554 Y64.446 E2.02158
G1 Z7.500 F7800.000
G1 E1.02158 F18000.00000
G92 E0
G1 X71.500 Y63.896 F7800.000
G1 E1.00000 F18000.00000
G1 X71.500 Y61.396 E1.07423 F900.000
G1 X72.600 Y61.396 E1.10689
G1 X72.600 Y64.996 E1.21378
G1 X69.000 Y64.996 E1.32067
G1 X69.000 Y63.896 E1.35333
G1 X71.440 Y63.896 E1.42577
G1 X71.900 Y63.896 F7800.000
G1 X69.246 Y64.446 F7800.000
G1 X71.746 Y64.446 E1.69592 F1200.000
G1 X71.998 Y64.394 E1.72368
G1 X72.050 Y64.143 E1.75144
G1 X72.050 Y61.643 E2.02158
G1 E1.02158 F18000.00000
G92 E0
G1 X71.993 Y42.914 F7800.000
G1 E1.00000 F18000.00000
G1 X71.993 Y40.299 E1.13660 F900.000
G1 X72.607 Y40.299 E1.16871
G1 X72.607 Y42.914 E1.30531
G1 X72.053 Y42.914 E1.33428
G1 X71.500 Y43.406 F7800.000
G1 X71.500 Y39.806 E1.44117 F900.000
G1 X73.100 Y39.806 E1.48868
G1 X73.100 Y43.406 E1.59557
G1 X71.560 Y43.406 E1.64129
G1 X71.700 Y43.060 F7800.000
G1 E0.64129 F18000.00000
G92 E0
G1 X71.500 Y19.316 F7800.000
G1 E1.00000 F18000.00000
G1 X69.000 Y19.316 E1.07423 F900.000
G1 X69.000 Y18.216 E1.10689
G1 X72.600 Y18.216 E1.21378
G1 X72.600 Y21.816 E1.32067
G1 X71.500 Y21.816 E1.35333
G1 X71.500 Y19.376 E1.42577
G1 X71.500 Y18.916 F7800.000
G1 X72.050 Y21.570 F7800.000
G1 X72.050 Y19.070 E1.69592 F1200.000
G1 X71.998 Y18.819 E1.72368
G1 X71.746 Y18.766 E1.75144
G1 X69.246 Y18.766 E2.02158
G1 E1.02158 F18000.00000
G92 E0
G1 X19.300 Y19.316 F7800.000
G1 E1.00000 F18000.00000
G1 X19.300 Y21.816 E1.07423 F900.000
G1 X18.200 Y21.816 E1.10689
G1 X18.200 Y18.216 E1.21378
G1 X21.800 Y18.216 E1.32067
G1 X21.800 Y19.316 E1.35333
G1 X19.360 Y19.316 E1.42577
G1 X18.900 Y19.316 F7800.000
G1 X21.554 Y18.766 F7800.000
G1 X19.054 Y18.766 E1.69592 F1200.000
G1 X18.802 Y18.819 E1.72368
G1 X18.750 Y19.070 E1.75144
G1 X18.750 Y21.570 E2.02158
G1 E1.02158 F18000.00000
G92 E0
G1 X18.807 Y40.299 F7800.000
G1 E1.00000 F18000.00000
G1 X18.807 Y42.914 E1.13660 F900.000
G1 X18.193 Y42.914 E1.16871
G1 X18.193 Y40.299 E1.30531
G1 X18.747 Y40.299 E1.33428
G1 X19.300 Y39.806 F7800.000
G1 X19.300 Y43.406 E1.44117 F900.000
G1 X17.700 Y43.406 E1.48868
G1 X17.700 Y39.806 E1.59557
G1 X19.240 Y39.806 E1.64129
G1 X19.100 Y40.153 F7800.000
G1 E0.64129 F18000.00000
G92 E0
G1 X19.300 Y63.896 F7800.000
G1 E1.00000 F18000.00000
G1 X21.800 Y63.896 E1.07423 F900.000
G1 X21.800 Y64.996 E1.10689
G1 X18.200 Y64.996 E1.21378
G1 X18.200 Y61.396 E1.32067
G1 X19.300 Y61.396 E1.35333
G1 X19.300 Y63.836 E1.42577
G1 X19.300 Y64.296 F7800.000
G1 X18.750 Y61.643 F7800.000
G1 X18.750 Y64.143 E1.69592 F1200.000
G1 X18.802 Y64.394 E1.72368
G1 X19.054 Y64.446 E1.75144
G1 X21.554 Y64.446 E2.02158
G1 Z7.700 F7800.000
G1 E1.02158 F18000.00000
G92 E0
G1 X71.500 Y63.896 F7800.000
G1 E1.00000 F18000.00000
G1 X71.500 Y61.396 E1.07423 F900.000
G1 X72.600 Y61.396 E1.10689
G1 X72.600 Y64.996 E1.21378
G1 X69.000 Y64.996 E1.32067
G1 X69.000 Y63.896 E1.35333
G1 X71.440 Y63.896 E1.42577
G1 X71.900 Y63.896 F7800.000
G1 X69.246 Y64.446 F7800.000
G1 X71.746 Y64.446 E1.69592 F1200.000
G1 X71.998 Y64.394 E1.72368
G1 X72.050 Y64.143 E1.75144
G1 X72.050 Y61.643 E2.02158
G1 E1.02158 F18000.00000
G92 E0
G1 X71.993 Y42.914 F7800.000
G1 E1.00000 F18000.00000
G1 X71.993 Y40.299 E1.13660 F900.000
G1 X72.607 Y40.299 E1.16871
G1 X72.607 Y42.914 E1.30531
G1 X72.053 Y42.914 E1.33428
G1 X71.500 Y43.406 F7800.000
G1 X71.500 Y39.806 E1.44117 F900.000
G1 X73.100 Y39.806 E1.48868
G1 X73.100 Y43.406 E1.59557
G1 X71.560 Y43.406 E1.64129
G1 X71.700 Y43.060 F7800.000
G1 E0.64129 F18000.00000
G92 E0
G1 X71.500 Y19.316 F7800.000
G1 E1.00000 F18000.00000
G1 X69.000 Y19.316 E1.07423 F900.000
G1 X69.000 Y18.216 E1.10689
G1 X72.600 Y18.216 E1.21378
G1 X72.600 Y21.816 E1.32067
G1 X71.500 Y21.816 E1.35333
G1 X71.500 Y19.376 E1.42577
G1 X71.500 Y18.916 F7800.000
G1 X72.050 Y21.570 F7800.000
G1 X72.050 Y19.070 E1.69592 F1200.000
G1 X71.998 Y18.819 E1.72368
G1 X71.746 Y18.766 E1.75144
G1 X69.246 Y18.766 E2.02158
G1 E1.02158 F18000.00000
G92 E0
G1 X19.300 Y19.316 F7800.000
G1 E1.00000 F18000.00000
G1 X19.300 Y21.816 E1.07423 F900.000
G1 X18.200 Y21.816 E1.10689
G1 X18.200 Y18.216 E1.21378
G1 X21.800 Y18.216 E1.32067
G1 X21.800 Y19.316 E1.35333
G1 X19.360 Y19.316 E1.42577
G1 X18.900 Y19.316 F7800.000
G1 X21.554 Y18.766 F7800.000
G1 X19.054 Y18.766 E1.69592 F1200.000
G1 X18.802 Y18.819 E1.72368
G1 X18.750 Y19.070 E1.75144
G1 X18.750 Y21.570 E2.02158
G1 E1.02158 F18000.00000
G92 E0
G1 X18.807 Y40.299 F7800.000
G1 E1.00000 F18000.00000
G1 X18.807 Y42.914 E1.13660 F900.000
G1 X18.193 Y42.914 E1.16871
G1 X18.193 Y40.299 E1.30531
G1 X18.747 Y40.299 E1.33428
G1 X19.300 Y39.806 F7800.000
G1 X19.300 Y43.406 E1.44117 F900.000
G1 X17.700 Y43.406 E1.48868
G1 X17.700 Y39.806 E1.59557
G1 X19.240 Y39.806 E1.64129
G1 X19.100 Y40.153 F7800.000
G1 E0.64129 F18000.00000
G92 E0
G1 X19.300 Y63.896 F7800.000
G1 E1.00000 F18000.00000
G1 X21.800 Y63.896 E1.07423 F900.000
G1 X21.800 Y64.996 E1.10689
G1 X18.200 Y64.996 E1.21378
G1 X18.200 Y61.396 E1.32067
G1 X19.300 Y61.396 E1.35333
G1 X19.300 Y63.836 E1.42577
G1 X19.300 Y64.296 F7800.000
G1 X18.750 Y61.643 F7800.000
G1 X18.750 Y64.143 E1.69592 F1200.000
G1 X18.802 Y64.394 E1.72368
G1 X19.054 Y64.446 E1.75144
G1 X21.554 Y64.446 E2.02158
G1 Z7.900 F7800.000
G1 E1.02158 F18000.00000
G92 E0
G1 X71.500 Y63.896 F7800.000
G1 E1.00000 F18000.00000
G1 X71.500 Y61.396 E1.07423 F900.000
G1 X72.600 Y61.396 E1.10689
G1 X72.600 Y64.996 E1.21378
G1 X69.000 Y64.996 E1.32067
G1 X69.000 Y63.896 E1.35333
G1 X71.440 Y63.896 E1.42577
G1 X71.900 Y63.896 F7800.000
G1 E0.42577 F18000.00000
G92 E0
G1 X69.246 Y64.446 F7800.000
G1 E1.00000 F18000.00000
G1 X71.746 Y64.446 E1.27015 F1200.000
G1 X71.998 Y64.394 E1.29791
G1 X72.050 Y64.143 E1.32566
G1 X72.050 Y61.643 E1.59581
G1 E0.59581 F18000.00000
G92 E0
G1 X71.993 Y42.914 F7800.000
G1 E1.00000 F18000.00000
G1 X71.993 Y40.299 E1.13660 F900.000
G1 X72.607 Y40.299 E1.16871
G1 X72.607 Y42.914 E1.30531
G1 X72.053 Y42.914 E1.33428
G1 X71.500 Y43.406 F7800.000
G1 X71.500 Y39.806 E1.44117 F900.000
G1 X73.100 Y39.806 E1.48868
G1 X73.100 Y43.406 E1.59557
G1 X71.560 Y43.406 E1.64129
G1 X71.700 Y43.060 F7800.000
G1 E0.64129 F18000.00000
G92 E0
G1 X71.500 Y19.316 F7800.000
G1 E1.00000 F18000.00000
G1 X69.000 Y19.316 E1.07423 F900.000
G1 X69.000 Y18.216 E1.10689
G1 X72.600 Y18.216 E1.21378
G1 X72.600 Y21.816 E1.32067
G1 X71.500 Y21.816 E1.35333
G1 X71.500 Y19.376 E1.42577
G1 X71.500 Y18.916 F7800.000
G1 E0.42577 F18000.00000
G92 E0
G1 X72.050 Y21.570 F7800.000
G1 E1.00000 F18000.00000
G1 X72.050 Y19.070 E1.27015 F1200.000
G1 X71.998 Y18.819 E1.29791
G1 X71.746 Y18.766 E1.32566
G1 X69.246 Y18.766 E1.59581
G1 E0.59581 F18000.00000
G92 E0
G1 X19.300 Y19.316 F7800.000
G1 E1.00000 F18000.00000
G1 X19.300 Y21.816 E1.07423 F900.000
G1 X18.200 Y21.816 E1.10689
G1 X18.200 Y18.216 E1.21378
G1 X21.800 Y18.216 E1.32067
G1 X21.800 Y19.316 E1.35333
G1 X19.360 Y19.316 E1.42577
G1 X18.900 Y19.316 F7800.000
G1 E0.42577 F18000.00000
G92 E0
G1 X21.554 Y18.766 F7800.000
G1 E1.00000 F18000.00000
G1 X19.054 Y18.766 E1.27015 F1200.000
G1 X18.802 Y18.819 E1.29791
G1 X18.750 Y19.070 E1.32566
G1 X18.750 Y21.570 E1.59581
G1 E0.59581 F18000.00000
G92 E0
G1 X18.807 Y40.299 F7800.000
G1 E1.00000 F18000.00000
G1 X18.807 Y42.914 E1.13660 F900.000
G1 X18.193 Y42.914 E1.16871
G1 X18.193 Y40.299 E1.30531
G1 X18.747 Y40.299 E1.33428
G1 X19.300 Y39.806 F7800.000
G1 X19.300 Y43.406 E1.44117 F900.000
G1 X17.700 Y43.406 E1.48868
G1 X17.700 Y39.806 E1.59557
G1 X19.240 Y39.806 E1.64129
G1 X19.100 Y40.153 F7800.000
G1 E0.64129 F18000.00000
G92 E0
G1 X19.300 Y63.896 F7800.000
G1 E1.00000 F18000.00000
G1 X21.800 Y63.896 E1.07423 F900.000
G1 X21.800 Y64.996 E1.10689
G1 X18.200 Y64.996 E1.21378
G1 X18.200 Y61.396 E1.32067
G1 X19.300 Y61.396 E1.35333
G1 X19.300 Y63.836 E1.42577
G1 X19.300 Y64.296 F7800.000
G1 E0.42577 F18000.00000
G92 E0
G1 X18.750 Y61.643 F7800.000
G1 E1.00000 F18000.00000
G1 X18.750 Y64.143 E1.27015 F1200.000
G1 X18.802 Y64.394 E1.29791
G1 X19.054 Y64.446 E1.32566
G1 X21.554 Y64.446 E1.59581
M106 S255
G1 Z8.100 F7800.000
G1 E0.59581 F18000.00000
G92 E0
G1 X71.893 Y42.914 F7800.000
G1 E1.00000 F18000.00000
G1 X71.893 Y40.299 E1.13660 F600.000
G1 X72.607 Y40.299 E1.17393
G1 X72.607 Y42.914 E1.31053
G1 X71.953 Y42.914 E1.34473
G1 X71.400 Y43.406 F7800.000
G1 X71.400 Y39.806 E1.45162 F600.000
G1 X73.100 Y39.806 E1.50210
G1 X73.100 Y43.406 E1.60899
G1 X71.460 Y43.406 E1.65768
G1 X71.600 Y43.060 F7800.000
G1 E0.65768 F18000.00000
G92 E0
G1 X18.907 Y42.914 F7800.000
G1 E1.00000 F18000.00000
G1 X18.193 Y42.914 E1.03733 F600.000
G1 X18.193 Y40.299 E1.17393
G1 X18.907 Y40.299 E1.21127
G1 X18.907 Y42.854 E1.34473
G1 X19.400 Y43.406 F7800.000
G1 X17.700 Y43.406 E1.39521 F600.000
G1 X17.700 Y39.806 E1.50210
G1 X19.400 Y39.806 E1.55257
G1 X19.400 Y43.346 E1.65768
G1 X19.054 Y43.206 F7800.000
G1 Z8.300 F7800.000
G1 E0.65768 F18000.00000
G92 E0
G1 X71.793 Y42.914 F7800.000
G1 E1.00000 F18000.00000
G1 X71.793 Y40.299 E1.13660 F600.000
G1 X72.607 Y40.299 E1.17916
G1 X72.607 Y42.914 E1.31576
G1 X71.853 Y42.914 E1.35518
G1 X71.300 Y43.406 F7800.000
G1 X71.300 Y39.806 E1.46207 F600.000
G1 X73.100 Y39.806 E1.51552
G1 X73.100 Y43.406 E1.62240
G1 X71.360 Y43.406 E1.67407
G1 X71.500 Y43.060 F7800.000
G1 E0.67407 F18000.00000
G92 E0
G1 X19.007 Y42.914 F7800.000
G1 E1.00000 F18000.00000
G1 X18.193 Y42.914 E1.04256 F600.000
G1 X18.193 Y40.299 E1.17916
G1 X19.007 Y40.299 E1.22172
G1 X19.007 Y42.854 E1.35518
G1 X19.500 Y43.406 F7800.000
G1 X17.700 Y43.406 E1.40863 F600.000
G1 X17.700 Y39.806 E1.51551
G1 X19.500 Y39.806 E1.56896
G1 X19.500 Y43.346 E1.67407
G1 X19.154 Y43.206 F7800.000
G1 Z8.500 F7800.000
G1 E0.67407 F18000.00000
G92 E0
G1 X71.693 Y42.914 F7800.000
G1 E1.00000 F18000.00000
G1 X71.693 Y40.299 E1.13660 F600.000
G1 X72.607 Y40.299 E1.18438
G1 X72.607 Y42.914 E1.32098
G1 X71.753 Y42.914 E1.36563
G1 X71.200 Y43.406 F7800.000
G1 X71.200 Y39.806 E1.47252 F600.000
G1 X73.100 Y39.806 E1.52893
G1 X73.100 Y43.406 E1.63582
G1 X71.260 Y43.406 E1.69045
G1 X71.400 Y43.060 F7800.000
G1 X72.150 Y42.600 F7800.000
G1 X72.150 Y40.613 E1.79423 F621.700
G1 E0.79423 F18000.00000
G92 E0
G1 X19.107 Y42.914 F7800.000
G1 E1.00000 F18000.00000
G1 X18.193 Y42.914 E1.04778 F600.000
G1 X18.193 Y40.299 E1.18438
G1 X19.107 Y40.299 E1.23217
G1 X19.107 Y42.854 E1.36563
G1 X19.600 Y43.406 F7800.000
G1 X17.700 Y43.406 E1.42204 F600.000
G1 X17.700 Y39.806 E1.52893
G1 X19.600 Y39.806 E1.58535
G1 X19.600 Y43.346 E1.69045
G1 X19.254 Y43.206 F7800.000
G1 X18.650 Y42.600 F7800.000
G1 X18.650 Y40.613 E1.79423 F621.700
G1 Z8.700 F7800.000
G1 E0.79423 F18000.00000
G92 E0
G1 X71.593 Y42.914 F7800.000
G1 E1.00000 F18000.00000
G1 X71.593 Y40.299 E1.13660 F600.000
G1 X72.607 Y40.299 E1.18961
G1 X72.607 Y42.914 E1.32621
G1 X71.653 Y42.914 E1.37608
G1 X71.100 Y43.406 F7800.000
G1 X71.100 Y39.806 E1.48297 F600.000
G1 X73.100 Y39.806 E1.54235
G1 X73.100 Y43.406 E1.64924
G1 X71.160 Y43.406 E1.70684
G1 X71.300 Y43.060 F7800.000
G1 X72.100 Y42.600 F7800.000
G1 X72.100 Y40.613 E1.81061 F634.500
G1 E0.81061 F18000.00000
G92 E0
G1 X19.207 Y42.914 F7800.000
G1 E1.00000 F18000.00000
G1 X18.193 Y42.914 E1.05301 F600.000
G1 X18.193 Y40.299 E1.18961
G1 X19.207 Y40.299 E1.24261
G1 X19.207 Y42.854 E1.37608
G1 X19.700 Y43.406 F7800.000
G1 X17.700 Y43.406 E1.43546 F600.000
G1 X17.700 Y39.806 E1.54235
G1 X19.700 Y39.806 E1.60173
G1 X19.700 Y43.346 E1.70684
G1 X19.354 Y43.206 F7800.000
G1 X18.700 Y42.600 F7800.000
G1 X18.700 Y40.613 E1.81061 F634.500
G1 Z8.900 F7800.000
G1 E0.81061 F18000.00000
G92 E0
G1 X71.493 Y42.914 F7800.000
G1 E1.00000 F18000.00000
G1 X71.493 Y40.299 E1.13660 F600.000
G1 X72.607 Y40.299 E1.19483
G1 X72.607 Y42.914 E1.33143
G1 X71.553 Y42.914 E1.38653
G1 X71.000 Y43.406 F7800.000
G1 X71.000 Y39.806 E1.49342 F600.000
G1 X73.100 Y39.806 E1.55577
G1 X73.100 Y43.406 E1.66266
G1 X71.060 Y43.406 E1.72323
G1 X71.200 Y43.060 F7800.000
G1 X72.050 Y42.600 F7800.000
G1 X72.050 Y40.613 E1.93786 F647.300
G1 E0.93786 F18000.00000
G92 E0
G1 X19.307 Y42.914 F7800.000
G1 E1.00000 F18000.00000
G1 X18.193 Y42.914 E1.05823 F600.000
G1 X18.193 Y40.299 E1.19483
G1 X19.307 Y40.299 E1.25306
G1 X19.307 Y42.854 E1.38653
G1 X19.800 Y43.406 F7800.000
G1 X17.700 Y43.406 E1.44888 F600.000
G1 X17.700 Y39.806 E1.55577
G1 X19.800 Y39.806 E1.61812
G1 X19.800 Y43.346 E1.72323
G1 X19.454 Y43.206 F7800.000
G1 X18.750 Y42.600 F7800.000
G1 X18.750 Y40.613 E1.93786 F647.300
G1 Z9.100 F7800.000
G1 E0.93786 F18000.00000
G92 E0
G1 X71.543 Y42.914 F7800.000
G1 E1.00000 F18000.00000
G1 X71.543 Y40.299 E1.13660 F600.000
G1 X72.607 Y40.299 E1.19222
G1 X72.607 Y42.914 E1.32882
G1 X71.603 Y42.914 E1.38130
G1 X71.050 Y43.406 F7800.000
G1 X71.050 Y39.806 E1.48819 F600.000
G1 X73.100 Y39.806 E1.54906
G1 X73.100 Y43.406 E1.65595
G1 X71.110 Y43.406 E1.71503
G1 X71.250 Y43.060 F7800.000
G1 X72.075 Y42.600 F7800.000
G1 X72.075 Y40.613 E1.92967 F640.900
G1 E0.92967 F18000.00000
G92 E0
G1 X19.257 Y42.914 F7800.000
G1 E1.00000 F18000.00000
G1 X18.193 Y42.914 E1.05562 F600.000
G1 X18.193 Y40.299 E1.19222
G1 X19.257 Y40.299 E1.24784
G1 X19.257 Y42.854 E1.38130
G1 X19.750 Y43.406 F7800.000
G1 X17.700 Y43.406 E1.44217 F600.000
G1 X17.700 Y39.806 E1.54906
G1 X19.750 Y39.806 E1.60993
G1 X19.750 Y43.346 E1.71503
G1 X19.404 Y43.206 F7800.000
G1 X18.725 Y42.600 F7800.000
G1 X18.725 Y40.613 E1.92967 F640.900
G1 Z9.300 F7800.000
G1 E0.92967 F18000.00000
G92 E0
G1 X71.643 Y42.914 F7800.000
G1 E1.00000 F18000.00000
G1 X71.643 Y40.299 E1.13660 F600.000
G1 X72.607 Y40.299 E1.18700
G1 X72.607 Y42.914 E1.32359
G1 X71.703 Y42.914 E1.37086
G1 X71.150 Y43.406 F7800.000
G1 X71.150 Y39.806 E1.47774 F600.000
G1 X73.100 Y39.806 E1.53564
G1 X73.100 Y43.406 E1.64253
G1 X71.210 Y43.406 E1.69865
G1 X71.350 Y43.060 F7800.000
G1 X72.125 Y42.600 F7800.000
G1 X72.125 Y40.613 E1.80242 F628.100
G1 E0.80242 F18000.00000
G92 E0
G1 X19.157 Y42.914 F7800.000
G1 E1.00000 F18000.00000
G1 X18.193 Y42.914 E1.05040 F600.000
G1 X18.193 Y40.299 E1.18699
G1 X19.157 Y40.299 E1.23739
G1 X19.157 Y42.854 E1.37086
G1 X19.650 Y43.406 F7800.000
G1 X17.700 Y43.406 E1.42875 F600.000
G1 X17.700 Y39.806 E1.53564
G1 X19.650 Y39.806 E1.59354
G1 X19.650 Y43.346 E1.69865
G1 X19.304 Y43.206 F7800.000
G1 X18.675 Y42.600 F7800.000
G1 X18.675 Y40.613 E1.80242 F628.100
G1 Z9.500 F7800.000
G1 E0.80242 F18000.00000
G92 E0
G1 X71.743 Y42.914 F7800.000
G1 E1.00000 F18000.00000
G1 X71.743 Y40.299 E1.13660 F600.000
G1 X72.607 Y40.299 E1.18177
G1 X72.607 Y42.914 E1.31837
G1 X71.803 Y42.914 E1.36041
G1 X71.250 Y43.406 F7800.000
G1 X71.250 Y39.806 E1.46730 F600.000
G1 X73.100 Y39.806 E1.52222
G1 X73.100 Y43.406 E1.62911
G1 X71.310 Y43.406 E1.68226
G1 X71.450 Y43.060 F7800.000
G1 X72.175 Y42.600 F7800.000
G1 X72.175 Y40.613 E1.78603 F615.300
G1 E0.78603 F18000.00000
G92 E0
G1 X19.057 Y42.914 F7800.000
G1 E1.00000 F18000.00000
G1 X18.193 Y42.914 E1.04517 F600.000
G1 X18.193 Y40.299 E1.18177
G1 X19.057 Y40.299 E1.22694
G1 X19.057 Y42.854 E1.36041
G1 X19.550 Y43.406 F7800.000
G1 X17.700 Y43.406 E1.41534 F600.000
G1 X17.700 Y39.806 E1.52222
G1 X19.550 Y39.806 E1.57715
G1 X19.550 Y43.346 E1.68226
G1 X19.204 Y43.206 F7800.000
G1 X18.625 Y42.600 F7800.000
G1 X18.625 Y40.613 E1.78603 F615.300
G1 Z9.700 F7800.000
G1 E0.78603 F18000.00000
G92 E0
G1 X71.843 Y42.914 F7800.000
G1 E1.00000 F18000.00000
G1 X71.843 Y40.299 E1.13660 F600.000
G1 X72.607 Y40.299 E1.17655
G1 X72.607 Y42.914 E1.31315
G1 X71.903 Y42.914 E1.34996
G1 X71.350 Y43.406 F7800.000
G1 X71.350 Y39.806 E1.45685 F600.000
G1 X73.100 Y39.806 E1.50881
G1 X73.100 Y43.406 E1.61569
G1 X71.410 Y43.406 E1.66587
G1 X71.550 Y43.060 F7800.000
G1 E0.66587 F18000.00000
G92 E0
G1 X18.957 Y42.914 F7800.000
G1 E1.00000 F18000.00000
G1 X18.193 Y42.914 E1.03995 F600.000
G1 X18.193 Y40.299 E1.17655
G1 X18.957 Y40.299 E1.21649
G1 X18.957 Y42.854 E1.34996
G1 X19.450 Y43.406 F7800.000
G1 X17.700 Y43.406 E1.40192 F600.000
G1 X17.700 Y39.806 E1.50881
G1 X19.450 Y39.806 E1.56077
G1 X19.450 Y43.346 E1.66587
G1 X19.104 Y43.206 F7800.000
G1 Z9.900 F7800.000
G1 E0.66587 F18000.00000
G92 E0
G1 X71.943 Y42.914 F7800.000
G1 E1.00000 F18000.00000
G1 X71.943 Y40.299 E1.13660 F600.000
G1 X72.607 Y40.299 E1.17132
G1 X72.607 Y42.914 E1.30792
G1 X72.003 Y42.914 E1.33951
G1 X71.450 Y43.406 F7800.000
G1 X71.450 Y39.806 E1.44640 F600.000
G1 X73.100 Y39.806 E1.49539
G1 X73.100 Y43.406 E1.60228
G1 X71.510 Y43.406 E1.64949
G1 X71.650 Y43.060 F7800.000
G1 E0.64949 F18000.00000
G92 E0
G1 X18.857 Y42.914 F7800.000
G1 E1.00000 F18000.00000
G1 X18.193 Y42.914 E1.03472 F600.000
G1 X18.193 Y40.299 E1.17132
G1 X18.857 Y40.299 E1.20604
G1 X18.857 Y42.854 E1.33951
G1 X19.350 Y43.406 F7800.000
G1 X17.700 Y43.406 E1.38850 F600.000
G1 X17.700 Y39.806 E1.49539
G1 X19.350 Y39.806 E1.54438
G1 X19.350 Y43.346 E1.64949
G1 X19.004 Y43.206 F7800.000
G1 E0.64949 F18000.00000
G92 E0
M107
M104 S0 ;turn off temperature
 M140 S0 ;turn off Bed temperature
G28 X0  home X axis
M84     disable motors

; filament used = 2005.2mm (4.8cm3)

; avoid_crossing_perimeters = 0
; bed_shape = 0x0,200x0,200x200,0x200
; bed_temperature = 56
; before_layer_gcode = 
; bridge_acceleration = 0
; bridge_fan_speed = 100
; brim_width = 0
; complete_objects = 0
; cooling = 1
; default_acceleration = 0
; disable_fan_first_layers = 1
; duplicate_distance = 6
; end_gcode = M104 S0 ;turn off temperature\n M140 S0 ;turn off Bed temperature\nG28 X0  home X axis\nM84     disable motors\n
; extruder_clearance_height = 20
; extruder_clearance_radius = 20
; extruder_offset = 0x0,0x0
; extrusion_axis = E
; extrusion_multiplier = 1,1
; fan_always_on = 1
; fan_below_layer_time = 60
; filament_colour = #FFFFFF;#FFFFFF
; filament_diameter = 1.75,1.75
; first_layer_acceleration = 0
; first_layer_bed_temperature = 60
; first_layer_extrusion_width = 200%
; first_layer_speed = 30
; first_layer_temperature = 200,200
; gcode_arcs = 0
; gcode_comments = 0
; gcode_flavor = reprap
; infill_acceleration = 0
; infill_first = 0
; layer_gcode = 
; max_fan_speed = 100
; max_print_speed = 80
; max_volumetric_speed = 0
; min_fan_speed = 35
; min_print_speed = 10
; min_skirt_length = 0
; notes = 
; nozzle_diameter = 0.4,0.3
; only_retract_when_crossing_perimeters = 1
; ooze_prevention = 0
; output_filename_format = 3DPrint__Support-STD.gcode
; perimeter_acceleration = 0
; post_process = 
; pressure_advance = 0
; resolution = 0
; retract_before_travel = 1
; retract_layer_change = 0
; retract_length = 1
; retract_length_toolchange = 0
; retract_lift = 0
; retract_restart_extra = 0
; retract_restart_extra_toolchange = 0
; retract_speed = 300
; skirt_distance = 6
; skirt_height = 1
; skirts = 1
; slowdown_below_layer_time = 5
; spiral_vase = 0
; standby_temperature_delta = -5
; start_gcode = G91 ;coordonnées en relatif\nG1 Z20 relevage de 20mm en Z\nG90 coordonnée en absolue\nG28 homing en X, Y et Z\nG29 Auto leveling
; temperature = 200,200
; threads = 2
; toolchange_gcode = 
; travel_speed = 130
; use_firmware_retraction = 0
; use_relative_e_distances = 0
; use_volumetric_e = 0
; vibration_limit = 0
; wipe = 0,1
; z_offset = 0
; dont_support_bridges = 0
; extrusion_width = 0
; first_layer_height = 0.3
; infill_only_where_needed = 0
; interface_shells = 0
; layer_height = 0.2
; raft_layers = 0
; seam_position = aligned
; support_material = 1
; support_material_angle = 0
; support_material_contact_distance = 0.2
; support_material_enforce_layers = 0
; support_material_extruder = 1
; support_material_extrusion_width = 0
; support_material_interface_extruder = 1
; support_material_interface_layers = 3
; support_material_interface_spacing = 0
; support_material_interface_speed = 100%
; support_material_pattern = pillars
; support_material_spacing = 2.5
; support_material_speed = 60
; support_material_threshold = 0
; xy_size_compensation = 0
; bottom_solid_layers = 3
; bridge_flow_ratio = 1
; bridge_speed = 60
; external_fill_pattern = rectilinear
; external_perimeter_extrusion_width = 0
; external_perimeter_speed = 50%
; external_perimeters_first = 0
; extra_perimeters = 1
; fill_angle = 45
; fill_density = 20%
; fill_pattern = honeycomb
; gap_fill_speed = 20
; infill_every_layers = 1
; infill_extruder = 1
; infill_extrusion_width = 0
; infill_overlap = 15%
; infill_speed = 80
; overhangs = 1
; perimeter_extruder = 1
; perimeter_extrusion_width = 0
; perimeter_speed = 60
; perimeters = 3
; small_perimeter_speed = 15
; solid_infill_below_area = 70
; solid_infill_every_layers = 0
; solid_infill_extruder = 1
; solid_infill_extrusion_width = 0
; solid_infill_speed = 20
; thin_walls = 1
; top_infill_extrusion_width = 0
; top_solid_infill_speed = 15
; top_solid_layers = 3
